emotion,id,offensive,source,text
sadness,7194,0,original,"Muy lamentable, sí, una gran pérdida histórica, arquitectónica etc. Pero provoca más dolor y ""donaciones"" en el mundo que el sufrimiento de pueblos en guerra... Y todos bailando el mismo son mediático..."
surprise,3886,0,translated_en,No lo entiendo? Fue sólo una patada libre un montón de jugadores puntuación gratis patadas nada especial cara durmiendo
disgust,6301,0,translated_en,Así que los EE.UU. está apoyando un ‘golpe’ en ? Sorprendido?
anger,6768,0,original,CON RIVERA NO! CON RIVERA NO! El grito de los Socialistas en Ferraz.
disgust,6512,1,translated_en,"Mientras Trump y su banda de porristas de cambio de régimen se intensifican en , seguimos muy preocupados por la beligerancia de Estados Unidos hacia también. ¡Inste a sus miembros del Congreso a copatrocinar una legislación que evite una guerra inconstitucional con Irán!"
surprise,7243,0,translated_en,"Ese episodio no fue como esperaba, pero me gustó, sin embargo el final fue un poco simple cara haciendo una mueca Quiero decir, vamos, un poco de ingenio habría sido agradable"
others,2490,0,original,festival de lecturas de paz y convivencia por el día del libro y el idioma
fear,4656,0,original,Miedo me da que el pacte con cara gritando de miedo
surprise,4554,0,original,Ojiplático ante la reacción de la gente en ferraz. hombre con la mano en la frente tono de piel claro mejor no digo nada.... que pierdo las formas.
joy,2827,0,original,"¡Hoy celebramos con todos los lectores, autores, editores, y con todos los amantes de las letras el ! Continuamos trabajando en pro de la cultura escrita y de los derechos de los creadores. libros cara sonriendo con ojos de corazón"
others,5677,0,original,El incendio de la catedral de Notre Dame es el tema en el que hoy se centra nuestro editorial.
others,6943,0,original,¿Y entre la juventud valenciana?
sadness,7506,0,original,"Sr. no hay peor ciego que el que no quiere ver. Lamentablemente uds los comunistas, son los únicos de acuerdo con la dictadura en . no puede quedarse de brazos cruzados mirando, hay que ayudar de alguna manera."
anger,3242,0,original,Si fuese el no hubiera dudado en pitar penal!! Incluso sin ver el lo hubiese hecho... hasta con los ojos cerrados lo pitaría!! cara pensativa cara pensativa
joy,863,0,original,Que la luz ilumine a toda que la paz inunde los corazones y Dios de esperanza a su pueblo. manos en oración tono de piel claro medio
others,3802,0,original,A pocas horas de que inicie el encuentro en el Camp Nou. Se vive un gran ambiente en los alrededores del estadio. Con una hinchada tranquila pero ansiosos. .
joy,4923,0,original,"Si algo me está produciendo placer esta noche es ver como el PP se desinfla. Han pedido cabezas y jugado a la hipocresía pero ahora, Casado, es tu turno. España ni perdona, ni olvida. billete de dólar billete de dólar"
others,6631,0,original,Messi haciendo lo de Messi
others,4493,0,original,"El pueblo ha votado. Ahora a l@s elegid@s, ganadores y vencidos, les digo: estén a la altura, háganlo lo mejor posible, no nos defrauden."
others,5380,0,original,"Si toda la humanidad actuara con una parte de lo que ella aporta, tal vez estemos aún a tiempo. Hay que dejar de vivir en una burbuja suicidándonos entre egoístas excusas. No es ser catastrofista. Es entregarnos a nuestra REALIDAD y MOVILIZARNOS por nuestro hogar"
disgust,893,1,translated_en,700 millones en menos de 24 horas! ¿Debería quemar mi iglesia también? Parece un buen negocio.
sadness,7415,0,original,"es una gran pérdida para todos. Pero al menos no hay que lamentar pérdidas humanas. Eso al menos es un consuelo, aunque el daño del incendio es una pena."
others,4052,0,original,El solo tiene UN DUEÑO: y se llevará el sexto balón de fútbol balón de fútbol balón de fútbol balón de fútbol balón de fútbol balón de fútbol flecha top Doblete del MEJOR DEL MUNDO y llega a su marca de verificación Goleador de la Champions [11] marca de verificación Goleador de la Liga [34] marca de verificación Goleador de Europa flecha soon la final de la muy muy cerca
anger,5275,1,original,"Desde hace décadas , teníamos que haber instaurado trabajar un día a la semana , haber parado la producción , controlado el crecimiento demográfico.... etc. Ahora lo tendremos que hacer a las malas ."
sadness,7488,0,original,"Es triste que un pais tan hernoso y Noble como tenga que pasar por esta situacion, donde cada quien lucha por sus propios intereses utilizando al pueblo como carne de cañón."
disgust,2694,0,translated_en,"Van Dijk viendo los dos goles, odias verlo."
disgust,6724,1,translated_en,"Sun Tzu todavía está girando en su tumba debido a las estúpidas tácticas de batalla en ese episodio, tanto de los defensores como de los atacantes."
disgust,4401,1,translated_en,Las personas que usan el como excusa para publicar fotos de vacaciones de sí mismos en frente de son idiotas tbh
joy,686,0,original,"Destinado al fracaso este tímido intento golpista, el pueblo tomó las calles y en una unidad Cívico militar noquearon a los vendidos, ,"
joy,2171,0,original,"""Hay grandes libros en el mundo y grandes mundos en los libros"".¡Feliz ! globo terráqueo mostrando américa libros"
sadness,6291,0,original,"Tanta gente twitteando del , pero ni siquiera se terminaron de leer el Mi Jardín."
joy,5138,0,original,Me alegro muchísimo por mi primo La representación de la provincia está en buenas manos.
sadness,1947,0,original,"Ais, pero me da un poco de cosa. Ahora Cersei suena a villana de pacotilla. Este debería haber sido el final de la serie."
sadness,700,0,original,¿Entonces una guerra será necesaria para ver lo profundo de las zonas oscuras de la voluntad y el sentimiento humano?... Que tristeza que como humanos no tengamos el cerebro para echar mano de otros caminos. ¡Es demasiada gente inocente! cara decepcionada
joy,4345,0,original,Las penas del fútbol se pasan con fútbol... Messi un crack!
others,5904,0,original,círculo rojo proyector de cine - Repaso por los principales acontecimientos del día en junto a ►►►
anger,722,0,original,"Los dictadores no enfrentan golpes de estado, enfrentan rebeliones."
joy,5507,0,original,"Lo de es tan maravilloso y levanta tantas banderas, que renueva toda esperanza en un mundo mejor en sólo tres minutos."
anger,8323,1,original,"Y qué me dicen de tarado diciendo que lástima en vez no hubiera sido la Almudena? ""El destino es gilipollas"" según él. Para mí que el gilipollas es él, digo."
joy,3207,0,original,"Ya tengo el ron, hielo y la Coca-Cola, solo faltan los 3 puntitos de hoy jajaja día de celebración VAMOS BARÇA círculo rojo círculo azul corazón rojo corazón azul"
joy,5069,0,original,"La gente ha hablado corazón rojo corazón morado De verdad, muchas gracias a todos los que hoy fueron a votar y consiguieron vencer a la ultraderecha. Muy orgulloso"
others,1815,0,original,Buena horita para ver ahora el tercer episodio de la última temporada de ...
joy,3890,0,original,Messi es un fenómeno le llega el balón y le caen 4 a marcarlo no pueden con el no hay nadie mejor que el
joy,188,0,original,Bella Nuestra Señora De París corazón negro
others,6893,0,original,El grito unánime en Ferraz: Con Rivera no!! Y yo me pregunto... no debería de ser con Esquerra no?? hombre encogido de hombros tono de piel medio No entiendo nada... hombre con la mano en la frente tono de piel claro
disgust,5755,0,translated_en,¿Por qué es tan raro algo tan obvio como rechazar un golpe militar de Estados Unidos en un latinoamericano? ¿Por qué es tan raro la solidaridad con las personas que sufren la violencia mortal de la guerra híbrida estadounidense y las sanciones ilegales?
fear,3355,0,translated_en,¿Queremos ser como ? ¡Luchar contra la toma de posesión de América o que podríamos ser nosotros!
disgust,1107,0,original,"Mañana primero de mayo Venezuela se concentra en la mayor manifestación de repudio y rechazo al usurpador Maduro. Hoy pensó irse, hay que terminar de convencerlo. Adelante!!"
joy,7928,1,original,Arya hija de puta! TE AMOOOOOO.
sadness,322,0,original,Tremendo lo de . Recuerdo de mi visita a semejante monumento histórico.
surprise,8197,1,original,"Triunfa el , resultado histórico de , batacazo del PP que está a punto de desaparecer de Catalunya y el País Vasco... ¡al final me vais a hacer creer en este país cabrones! mano saludando mano saludando mano saludando mano saludando"
anger,7570,0,original,“Os queda poco” como respuesta preferida a todos los tuits de la gente de izquierdas.¿Poco para qué? ... ¿Para mandaros a la mierda? cara pensativa
anger,4329,0,original,"El resultado final parece ser injusto para el Liverpool, qué garra la de estos jugadores, por lo menos se debían haber marchado con un gol."
anger,3539,1,original,Todos hablan de lo bien que juega el Barça pero y lo mañoso o sucio?
anger,8378,1,original,"Éste Hijo de Puta Marxista va a reprimir a los manifestanes Venezolanos en su propia embajada, se hace el q está en estado de shock pero tiene tiempo de levantar el puño con la mano cerrada para las cámaras cuando lo suben a la ambulancia."
joy,4824,0,original,.... y encima pierde el Madrid... cuanta felicidad!!!
others,7134,0,original,T’estimo Barça!!!!!
disgust,7690,1,original,"Pobrecita... De corazón, no hay que desearle el mal a nadie... pero no puedo evitar desearle a con toda el alma que sufra en carne propia el enorme daño que le causó a y a . rufian hijo de puta."
others,3668,0,original,Ajax con juego de lujo ganó 1-0 al Tottenham ►
joy,2892,0,original,"Los libros nos llevan a otros mundos, nos muestran distintas culturas y alimentan nuestras mentes , sueños e imaginación. Por eso junto a fomentamos la lectura en niños, jóvenes y adultos premiando a los mejores lectores. ¡Sigan devorando libros! libros manos aplaudiendo"
others,2024,0,original,"Mood del lunes cuando vea y maten a alguno de mis personajes favoritos: notas musicales SI TE VAS, YO TAMBIÉN ME VOYYY notas musicales"
surprise,1496,0,original,"Buenas noches twiter, tras un Épico capítulo de que me ha quedado sin palabras. A merecido la pena ver esta magistral serie flecha top flecha top flecha top flecha top"
others,6000,0,original,Yo ya tengo mi Presidenta no diré más.
surprise,1698,0,original,"Dios mío tengo ganas de llorar de la emoción, de la rabia y de la incredulidad. el mejor capítulo sin duda alguna que he visto en mi vida, y quedan 3."
anger,1130,0,original,guaidó ha cruzado todas las líneas rojas. Sus acciones irresponsables y criminales causan siempre desgracias personales. La cárcel es el lugar para los golpistas que atacan a la democracia venezolana
sadness,372,0,original,"Recuerdo 11.02.2018 Un día gris para la arquitectura, irreparable pérdida para el patrimonio de la humanidad. corazón roto"
others,7062,0,original,desde Mañana lectura carta en
sadness,578,0,original,"Fue igualmente condenado en su día, al menos yo lamenté esa pérdida exactamente con la misma tristeza incluso más, porque lo de Notre Dame ha sido un accidente, y aquello fue fruto de la sinrazón del Estado Islámico. , así que por favor, dejad de hacer política de esto"
anger,7576,0,original,"En fin que disfruten lo votado lo malo es que nos joderemos todos .... a una mayoría le gusta que le roben, le suban impuestos y le lleven al paro"
others,3688,0,original,Coutinho el mejor jugador del 1-0
surprise,4752,0,translated_en,La única buena parte de tu post es la foto que muestra la cruz y la Pieta todavía intacta y no tocada por el fuego.
others,1919,0,original,Que con lo que cuesta cada capitulo creo que llegaria para que les asesoraran sobre estrategia militar y el uso de la caballeria ligera en combate.
disgust,1672,0,translated_en,la historia se repite... las malas políticas de los malos políticos insultan a la democracia una vez más...
others,3644,0,original,Cierren por favor el ... Nada más que hacer!!! Esto es simplemente un Espectáculo único... Gracias por darlo en un día feriado!!!
disgust,5898,1,translated_en,Tal vez esa entidad de Dios estaba castigando a la Iglesia Católica? Tal vez todos deberíamos marchar y cantar y llorar nuestra destrucción del sistema de soporte vital de nuestra Tierra?
fear,1565,0,original,Qué os da más miedo: ¿Vox o los Caminantes Blancos? cara pensativa
sadness,572,0,original,Incendio en : La prensa española llena sus primeras páginas con las imágenes del desastre
disgust,4164,0,translated_en,¿Por qué los fans de Liverpool y Barcelona son tan molestos.
sadness,319,0,original,"Cada ser humano tiene el pleno derecho de llorar o apenarse por lo que su emoción lo considere, sea , los animalitos de la calle, los niños de Siria o su equipo de fútbol. Dejemos de señalar que bien feo se siente."
surprise,5810,0,original,"¡BOMBAZO! Pompeo revela: Maduro tenía planeado huir a La Habana este , pero los rusos se lo impidieron (+Video) -"
others,1100,0,original,"Los Españoles de bien, estamos con la de bien y los venezolanos que están sufriendo la dictadura chavista"
surprise,3781,0,translated_en,¿Esa es Arya besando a Gendry en el preestreno?
others,878,0,original,¿Qué podría pasar en ? Este informe del centro de reflexión presenta posibles escenarios:1. Transición democrática “limpia”2. Impasse político prolongado3. Militares sacan a y toman el poder
disgust,462,0,translated_en,"Se podría argumentar que el ; el partido del capitalismo desenfrenado, la codicia descarada, la insensatez, y un desprecio por toda la vida por lo menos no era lo suficientemente hipócrita como para atreverse a mostrarse!"
others,3107,0,original,Me faltan los dos últimos de Harry Potter y después voy por los de Canción de Hielo y Fuego. Si me quieren regalar alguno no me voy a enojar.
others,7137,0,original,trofeo | círculo azul círculo rojo cara sonrojada ¿TODAVÍA NO LO HAS VISTO? balón de fútbol ¡Un gol de Messi que vale una Liga!
anger,8363,1,original,"Comentario más asqueroso, malditas Oriana a , la Gahona que rápido se le paso el luto de y Sofía con sus clásicas respuestas de 2 neuronas no le da para más el cerebro"
sadness,698,0,original,¿Donde está ? Los tristes acontecimientos que se están desarrollando en deben suponer el fin definitivo del dictador y la liberación del pueblo venezolano. El comunismo no es la solución. Evitemos derramamiento de sangre.
others,538,0,original,"es la síntesis de la cultura judía y cristiana y griega y romana. Es la Cristiandad que pelea contra sus enemigos, y por eso Carlomagno en su caballo de bronce en el atrio. Es también un bastión católico en las guerras fratricidas contra los protestantes."
others,7099,0,original,Resumen de
sadness,7366,0,original,Parisinos atestiguan la conflagración que devora y en gesto espontáneo se unen cantando ante la tragedia. Tristeza profunda ante la devastación.
others,1128,0,original,Twitteros apoyando a liberando a ojos
anger,7759,1,original,"Éste idiota no sabe ni escribir un tuit en español ,cómo que le están estafando con el curso de español. Jajajajaja cara revolviéndose de la risa cara revolviéndose de la risa cara revolviéndose de la risa cara revolviéndose de la risa"
others,5460,0,original,La estudiante pasó en pocos meses de su protesta solitaria frente al Parlamento sueco a inspirar un movimiento global de jóvenes para luchar por el planeta [...] roma
anger,8349,1,original,"qué putada para medios y trolls fascistas, matarse a meter mierda, mentir y dividir España para PERDER y aupar a la extrema derecha"
others,1014,0,original,Si la cosa esta normal por que no sale Maduro?
anger,86,0,original,RT si es PROVOCADO! !!! dorso de mano con índice a la derecha tono de piel claro medio luces de policía FAV si opinas que es sin querer fuego
sadness,892,0,original,cara gritando de miedo cara llorando cara llorando Lo peor es que del otro lado del puente está Trump.
sadness,595,0,original,"Me sumo a las palabras del Santo Padre. Me siento muy triste por el incendio, me sumo al dolor del pueblo francés. Se qué será posible la reconstrucción de la Catedral, es una superviviente y resurgira."
joy,520,0,original,Haciendo hoy de “corresponsal” de hablando sobre la triste experiencia vivida ayer en . Cómo me gusta la radio! Gracias Ser Vitoria y Naiara!
anger,3527,0,original,"Vergüenza oír a y a hablar de un supuesto puñetazo de Messi en vez de hablar de la gran victoria del BARÇA. ,"
others,3474,0,original,"círculo rojo círculo blanco El ha realizado esta mañana el último entrenamiento previo al de mañana a las 12. botón con marca de cruz Eusebio no cuenta con , que ha carrera continua, ni con . marca de verificación En cambio ha entrenado con el grupo."
sadness,617,0,original,Desconsolada me siento Todo mi apoyo!
others,2920,0,original,"Si no sabes qué más leer, te recomendamos estos libros para que mejores tus"
sadness,4797,0,original,Hasta que no haya 3 millones de parados más (2 años de psoe) no espabilaremos. Disfruten lo votado
disgust,6580,1,translated_en,es más que Arte y Arquitectura. Ni siquiera podrías mencionar el nombre. Eres malvado para América y el mundo.
others,7021,0,original,Sala Plena recibió solicitud de antejuicio de mérito contra Juan Guaidó
disgust,7660,1,original,y musulmanes disfrutándolo. Los comentarios de esta publicación producen ASCO. ¿Cuándo vamos a reaccionar?
joy,3543,0,original,"Extraterrestre Messi, estaba defendiendo y en 2 segundos atacando adelante manos aplaudiendo"
surprise,4076,0,translated_en,"Recordando el salvaje que perdimos en. Wow, ¿es esta la casa Stark?! cara guiñando el ojo"
others,500,0,original,y si dejamos de comernos la cabeza y nos comemos la boca? estaria bien no?
joy,5002,0,original,"Qué feliz me hace ver tantos colores en nuestro Congreso de los Diputados, a pesar de. Cuánto ha avanzado España en menos de diez años."
joy,691,0,original,¡Bravo Guaidó! ¡Más hombres como tú!
anger,6785,0,original,Huele a pucherazo... aún así seguiremos teniendo en España lo que nos merecemos .
joy,3648,0,original,Que lindo vivir en esta etapa del fútbol y ver a este monstruo que es MESSI por favor!!!
fear,2872,0,translated_en,Estoy muy nervioso por este partido de esta noche.
joy,6879,0,original,Si se puede!! España ha hablado en las urnas y mañana seguiremos estando en 2019 y no retrocediendo a 1939.
joy,2448,0,original,"La literatura nos hace más empáticos, dispuestos a escuchar y entender a los otros flecha hacia la derecha"
others,1196,0,original,"Gracias a usted, estimado señor ministro por comunicar!"
surprise,954,0,translated_en,"Una línea de puntuación cruel. Pensé que era excelente, pero cuando está involucrado .... suficiente dicho!! manos aplaudiendo manos aplaudiendo balan de fútbol"
others,1922,0,original,Visto el capítulo de ya soy libre de entrar tranquilamente por Twitter
sadness,5342,0,original,"Cómo bien dice , lo de es una tragedia. nos conmovió ver qué el fuego la consumía, pero es un edificio y será reconstruido. Nuestro globo terráqueo mostrando américa se está consumiendo+rápido de lo que parece, ¿Porqué no actuamos de la misma manera que con iglesia ? cara con ojos en blanco"
surprise,2127,0,original,Creo sin ninguna duda que este capitulo de juego de tronos es lo mejor que he visto en años... sin palabras cara asustada
sadness,5683,0,original,"VIDEO: El recuento de las llamas, así fue como el incendio fue consumiendo la catedral de cara desanimada"
others,2737,0,original,"El se celebra hoy en honor a dos grandes literatos, que murieron con apenas unas horas de diferencia. Shakespeare falleció el 23 de abril de 1616, mientras que Cervantes moría un poco antes, el 22 de abril del mismo año."
anger,4437,1,original,"Los resultados de las significan que un payaso mentiroso pacte con independentistas y terroristas. Ole. Pero la gente feliz, oye."
others,1823,0,original,"El papel de las mujeres en el cap de ha sido de matrícula. Curiosamente, creo que aquí sí han sabido hacer lo que en intentaron y quedó, para mi gusto, muy forzado y panfletista."
disgust,7718,1,original,No hay peor ciego que el que no quiera ver! BURROS de trapos rojos mugrientos! bandera venezuela
disgust,4645,0,translated_en,"Bueno, hay que burlarse de su cobertura posmoderna psuedo-edgelord Aquí está su opinión"
anger,7682,1,original,"Si tanto lamentan el incendio de la catedral de , porque no se retacan el culo con sus cenizas."
sadness,6740,0,original,tenemos lo que nos merecemos...
surprise,1413,0,original,Hacía literalmente años que no me sentía tan encogido y con tensión durante tantos minutos como en el una obra maestra.
others,5956,0,original,Cersei se encuentra buscando lentillas de colores para que no sepa que sus ojos son verdes
disgust,5504,0,original,"Es urgente quitarnos de la mente , la cultura global , el tecno-optimismo, y el mito del progreso y pensar de forma opuesta, local/rural"
disgust,662,0,original,"Expreso mi solidaridad al pueblo de , y mi repudio a por la masacre contra la población civil. ... literal"
others,958,0,original,"Nuevas amenazas de contra , dice ahora que un ""Bloqueo total"". La desesperación en la casa Blanca luego del fracaso del intento de golpe de estado en lo hace presipitarse y demostrarle al..."
joy,2837,0,original,"A propósito del , es Aura de Carlos Fuentes!!! magnífica historia."
joy,2168,0,original,"Que mejor que celebrar el con imágenes cómo está de nuestra Bebeteca, de usuarios que de forma espontánea, acuden a pasar un buen rato con los libros y con los pequeños y eligen las lecturas del momento. Queremos que el día del libro sean todos los días."
surprise,5098,0,original,Que raro que pp baje tanto si prometieron bajar el salario mínimo será que la gente quiere estar bien pagada?
surprise,6060,0,original,TODA la serie proponiendo a los caminantes blancos como la Gran Amenaza... ¿Para ÉSTO?
sadness,7353,0,original,Desde la AEF nos sumamos al dolor por la tragedia de bandera francia Una pérdida terrible para el patrimonio cultural europeo cara llorando
anger,7714,1,original,"El cobarde, rata y pusilánime de en ya siente la puntita en el culo... Ya solo siéntese!!"
others,2294,0,original,"Mejor no celebremos el , los privilegiados de arquitectura de La Chile lo pueden interpretar como una oda al agobio que significa leer mucho."
surprise,4051,0,translated_en,Canny realmente cree lo bueno que fue ese episodio.
disgust,6605,0,translated_en,La situación está madura para una guerra por poderes de la CIA... no se sabe quién está realmente detrás de todo esto... ¡pero a la gente no le importa que sólo quieran LIBERTAD!!!!
others,3836,0,original,Cuando sos bueno sos bueno..
joy,8212,0,original,Tío esto es pura felicidad joder gracias
joy,3862,0,original,"Goooooooollllll que bárbaro , otro golazo de tiro libre que logra en la temporada"
others,3611,0,original,El mejor gol de la
sadness,7346,0,original,Sabes que es una pérdida irreparable para la humanidad cuando incluso la Iglesia de Satán llora su pérdida.
others,3580,0,original,"|| Piqué no la pasa NADA bien con Mané. De tres duelos, todos fueron para el atacante del ...0-0"
others,2863,0,original,"""La imagen que tengo de mí mismo es cambiante y fugaz. Imprecisa como si la contemplara a través de un cristal engañoso""."
joy,6357,0,original,"trofeo 26 títulos de . trofeo 10 en los últimos 15 años. trofeo 8 en los últimos 11 años. círculo azul círculo rojo El Barça, campeón de 2018/19 cañón de confeti"
others,625,0,original,"No hay víctimas en el incendio de de , pero sí cuantiosas e irremediables pérdidas. La catedral es un edificio religioso e histórico, una joya de la arquitectura, emblema de la capital francesa y patrimonio de la humanidad."
sadness,7213,0,original,"LA TRISTEZA DE PARIS, POR VER SU CATEDRAL EN LLAMAS, ES. MUY TRISTE, MI HUMILDE TRIBUTO... ."
anger,8362,1,original,Pana no te cansas de quedar en ridiculo? jsjsjjsjs cierra ya esa jeta malditoGuaido los tiene locos ya vayanse a la mierda putos caca con ojos
joy,3839,0,original,Feliz día a Vidal a un gran trabajador del Barcelona.
joy,5509,0,original,"¿Están listos? Mañana es el gran día, el día en el que miles de jóvenes en diferentes partes del mundo saldremos a hacer historia. Es ahora o nunca. Comparte. Organizate. Súmate."
others,5246,0,original,"Una fecha histórica, empieza la contra el (con la como protagonista) puño en alto globo terráqueo mostrando europa y áfrica bicicleta libro verde libro verde"
sadness,7223,0,original,Triste pérdida para la historia de la Humanidad. Hermosa.
anger,7951,1,original,Hilo con mi opinión personal de porqué creo que la batalla de es una putisima mierda sin pies ni cabeza.
disgust,5905,0,translated_en,"Si es cierto, entonces las obras de renovación realmente no habían comenzado de una manera importante"
others,936,0,original,", la ley debe caer con todo su peso sobre los que inciten a la violencia y la desestabilización. legítimo presidente del pueblo de"
joy,7940,1,original,"Hostia puta!!! Capitulazoooo, q sea ya Domingo otra vez!!!"
anger,8394,1,original,ya es hora que ese hijo de las remil quinientas putas se vaya a la mierda bandera méxico corazón rojo bandera venezuela
joy,2465,0,original,Gracias a todos los que hoy me habéis acompañado.
joy,5152,0,original,calendario de espiral ¡¡ HOY es el !! Y gracias a bíceps flexionado tono de piel medio niña tono de piel claro medio y millones de jóvenes el planeta globo terráqueo mostrando europa y áfrica tiene futuro. megáfono manos levantadas celebrando tono de piel medio
sadness,7293,0,original,Siento una tristeza devastadora por Notre-Dame
others,1525,0,original,"Señor de luz, ven a nosotros en nuestra oscuridad. Te ofrecemos estos falsos dioses, tómalos e ilumínanos con tu luz. Pues la noche es oscura y alberga horrores."
sadness,481,0,original,Aproveché lo triste de para buscar esta foto con mi querido amigo en el 2010. Lástima que no pudimos entrar.
others,1077,0,original,Pompeo dice que Maduro estaba listo para dejar y bandera rusia lo impidió...
joy,2747,0,original,"Uno de los mejores libros que he leído, se los recomiendo."
disgust,2095,0,translated_en,¿Por qué estos soldados no están ayudando a los manifestantes a conseguir armas para protegerse?
anger,7879,1,original,Me cago en la puta.
others,2639,0,original,Como hoy ha sido el seguro que en este debate al menos dedicarán unos minutos para hablar de la unidad de España.
disgust,7025,0,translated_en,"Los muchachos recorren una terrible carrera entre los cuatro primeros, una carrera por el título de la liga de las uñas, la batalla de descenso, la promoción del Campeonato y si el gol de Leeds contra Villa fue tan poco ético como sonaba. Spotify -"
joy,2072,1,original,La mejor puta serie de la historia mi heroina te amo dios porque solo quedan 3 capítulos cara agotada cara agotada cara agotada
sadness,2513,0,original,En el recuerdo que tiene años que no termino un libro completo. Que triste.
others,3370,0,original,Real Madrid y Barcelona son los máximos ganadores de Entre ambos suman ¡59 títulos!
fear,6050,1,translated_en,"En caso de que te estés preguntando por qué todos los enfrentamientos han estado cerca de la base militar, es porque estaban tratando de contrabandear armas para derrocar a Maduro."
anger,8383,1,original,Coño si mataron a Kennedy... como es que no pueden matar a ese gordo de Miraflores
joy,2910,0,original,"Celebramos el libros con las obras de algunos de nuestros investigadores: “La otra gran ilusión. Memorias de un físico mexicano”, de Jorge Flores Valdés."
sadness,3698,0,original,"Hoy jugamos mal, lo de Messi fue de Leyenda ........... ánimo"
anger,649,0,original,Parece ser que vuelve a quedar en ridículo respecto a .
surprise,7864,0,original,"Oye , ¿y ahora quién cojones duerme? Corazón acelerado desde el minuto uno... ¡y eso que quedan 3 capítulos! Necesito los 6 días que faltan para descansar. De locos, de puñetera locura."
joy,2555,0,original,Leer siempre es un placer.¡Feliz ! libros corazón brillante .
disgust,5288,1,translated_en,"Cuando literalmente cada personaje trajo su juego A y lo dio todo a su manera en La Batalla de Invernalia y sólo quieres disfrutarlo, pero el fandom insiste en ser perras mezquinas."
disgust,4741,1,translated_en,"Tan pronto como toma una decisión sobre esto en entonces SABES que nunca se trata de ayudar a la gente, sino de cómo hacerse rico de algo porque eso es todo lo que se trata"
joy,47,0,original,Nosotros nunca visitamos pero si visitamos FestivaldeViña en 1993 con nuestros! Grandes Éxitos! Si te gustaría revivir esta noche dale click dorso de mano con índice hacia abajo tono de piel claro
disgust,3349,0,translated_en,como todo soldado sabe que no lanzas un ataque frontal con caballería
others,6968,0,original,El grito de los jóvenes contra el cambio climático se convierte en global vía
others,3150,0,original,RESUMEN | Las mejores jugadas y los goles del ATHLETIC 1-1… Ver:
disgust,7090,1,translated_en,"Entre todos los regalos, tiros perdidos en goles y defensa inestable, había, y había, que es una puta roca."
surprise,4198,0,original,Quee nerviossss a por Todas
disgust,3008,0,translated_en,"Me encanta ver hablar ""rank and file"", pero creo que deberías darle un respiro a París esta semana."
others,6980,0,original,"""No hay zonas grises cuando lo que está en juego es la supervivencia. Por eso hoy los jóvenes hacen huelga en todos los rincones del mundo, y pedimos que los mayores se unan a nosotros en las calles"" No podemos esperar"
disgust,6041,0,translated_en,Tal vez tomar otro enorme 'Loss' hoy como su golpe falla de nuevo.
disgust,7000,0,translated_en,Lo que pasó es una tragedia. Lo que está pasando con la recaudación de fondos muestra un problema más profundo con la insensibilidad del 1%. Ellos se preocupan más por un edificio que por sus semejantes. ¿Cuántas personas podrían ser alimentadas o vestidas con 600 millones de euros?
anger,7715,1,original,Fuera maduro!!! Dictador hijo de puta!!!
disgust,648,0,translated_en,"Así que, por el amor de Dios, no seas este tipo."
joy,8145,1,original,Nunca imaginé que daría las gracias por fragmentar a la derecha y por demostrar que la España rancia y facha es una minoría. Gracias a vosotros tendremos un gobierno progresista cara sonriendo con los ojos cerrados
others,6530,0,original,Mi Barcelona de toda la vida contra mi Ajax de toda la vida para la final de la
disgust,3902,0,translated_en,¡Mierdas a punto de conseguir gente de verdad!
disgust,3901,0,translated_en,Uno de sus queridos políticos musulmanes pensó que era hilarante hacer una broma sobre el Tweet de Check out:
surprise,5119,1,translated_en,Realmente pensé que todos iban a morir en un momento a la mierda lo que un episodio
sadness,7337,0,original,"""Acá hay una gran consternación, tristeza y dolor. Mucha gente se puso a llorar, incluso sin ser católico, por el valor cultural que tiene"" Emilio Giménez Franco, embajador paraguayo en Francia"
others,1009,0,original,": ""El momento es ahora, no solo de la calma sino del coraje y la cordura"""
sadness,7476,0,original,Jajajajajajajajajajajajajajajajaja!!!! derrotados ustedes! Esta con los brazos en alto y listo para ser el PRÓXIMO PRESIDENTE! Y el que estuvo injustamente preso por mucho tiempo sera TU PRESIDENTE
others,6198,0,original,Por que hoy en el no me regalan un libro? :)
others,820,0,original,"Amados en las naciones,Nuestro tiempo de enseñanza esta noche ha sido suspendido mientras nos dedicamos a orar por . Permanezca en su casa con los suyos desde su propio país,…"
surprise,1571,0,original,"Para mi, estas son las 4 mejores escenas de este capítulo de cara pensativa cara pensativa cara pensativa"
others,4919,0,original,"""Nadie confrontaba con la ideología de género"" contradiciendo las leyes internacionales de igualdad y lucha contra el machismo, pero no olvidamos que (Y Carmena no se toca cara guiñando el ojo )"
others,774,0,original,Cámaras de televisión captaron el momento en que una tanqueta militar arrolla a un grupo de manifestantes opositores que protestaban en Caracas.
fear,257,0,translated_en,¿Le preocupa que hacer ejercicio podría causar más daño en la rodilla u otras articulaciones dolor? Obtenga alivio ahora con el mejor tratamiento del dolor en Nueva York. Visite:
joy,991,0,original,"Aquellos que ayer se sentían “descorazonados”, hoy tienen más ánimo. No podemos desfallecer, debemos confiar en que si existe un plan. Todo ocurrirá en su debido y preciso momento. No debemos sucumbir a las pasiones, es momento que prevalezca la razón. Por una Libre!!"
sadness,8282,1,original,A tomar por culo mi crush cara llorando fuerte cara llorando fuerte cara llorando fuerte cara llorando fuerte cara llorando fuerte
sadness,7395,0,original,"Terrible pérdida hoy en , conmocionado y triste por ver en llamas. Muchos ánimos a todos los que estáis luchando aún contra el fuego"
anger,587,0,original,"Esta pésimo que aprovechen para sacar sus fotos en aprovechando la tragedia, que oso!"
surprise,389,0,original,"Mientras los franceses rezaban en los alrededores de la Catedral, el capellán de los bomberos entró dentro para salvar las Hostias consagradas así cómo la Corona de Espinas y otras reliquias."
joy,5185,0,original,"Bravo , necesitamos más como tú!!! manos aplaudiendo tono de piel claro manos aplaudiendo tono de piel claro manos aplaudiendo tono de piel claro manos aplaudiendo tono de piel claro @el pais"
anger,7565,0,original,"Con este resultado, la mitad de los trabajadores de PP se va a ir a la calle. Por culpa del PSOE vuelve a subir el paro. ¡Dimite, Pedro Sánchez!"
others,6089,0,original,2 min mono con los ojos tapados mono con los ojos tapados esto va a ser muy épico...
disgust,712,0,original,El periódico insinuando que Leopoldo López es un cobarde. Es indigno y refleja que la extrema izquierda bolivariana tiene muchos aliados
sadness,1885,0,original,"Mañana tengo examen, lo llevo bastante mal. Como soy idiota me voy a quedar a ver hasta tarde los resultados electorales y luego a lo mejor empalmo con . Las elecciones son sagradas, pero también ¿Qué hago?"
anger,8332,1,original,TABARNIA NO EXISTE IDIOTAS!!!
anger,2076,0,original,"Me parece fatal todo, y encima no puedo expresar lo que siento con detalles para no hacer spoilers a mis amigos cara llorando fuerte cara llorando fuerte cara llorando fuerte Por dios que estrés jaja, y todavía quedan 3 episodios calavera calavera calavera"
others,5203,0,original,¿Luchadora global o fenómeno mediático?
joy,2865,0,original,Aprovecho el dia del libro para decie que Canción de Hielo y Fuego es lo mejor que vais a leer nunca. Adiós
anger,737,0,original,"Un verdadero demócrata Maduro mandando los blindados a atropellar manifestantes. Y el dictador es ... sí, claro. Sres defensores de los DDHH, dejen de ser tan forros!!"
sadness,459,0,original,Ayer veíamos como ardía uno de los monumentos más visitados de Europa. es uno de los epicentros de cultura en el mundo y ayer quedó devastada. Desde queremos mandar todo el ánimo y el cariño posible a la familia parisina. cara llorando
others,996,0,original,"Vergüenza, manchados por omisión. Medios de Incomunicación en"
disgust,182,0,translated_en,"Sí, son esos nouveau privilegiados altamente desagradables, los que a menudo son sensibles a cosas como la vida silvestre, las etnias y el planeta. ¡El padre de Toby siempre le dijo que la vida silvestre pertenece a la pared y las etnias debajo de las escaleras!"
surprise,1318,1,translated_en,¿Qué demonios está pasando?
others,4334,0,original,"hay que ser acomplejado para querer celebrar en Cibeles o Neptuno, que torpeza!!!"
joy,4486,0,original,Como dijo una grande de la política EMPIEZA LA FIESTA!!
joy,4335,0,original,Hoy será un gran día:- - - Así en ese estricto orden. Qué más le pido a la vida un miércoles festivo?
sadness,1227,0,original,"Fer describe muy bien el conflicto de , al final, el único perdedor ha sido el pueblo."
joy,4333,0,original,La gran noche! Hoy recibimos a uno de los mejores equipos de Europa e Inglaterra; repleto de excelentes jugadores. A dejarlo todo en la cancha! balón de fútbol bandera inglaterra bandera españa
joy,2476,0,original,"¡Conmemoramos el día del idioma! Representación de fragmentos de las obras la Ilíada, la Odisea y la Divina Comedia."
fear,1817,0,original,A mí que me daba miedo el capítulo de de esta noche y lo que me está asustando realmente es el resultado de las
surprise,1370,0,translated_en,No regalará ningún spoilers sino bolas de mierda.
disgust,4877,0,translated_en,"Sí, el es muy trágico... pero mucho más trágico?"
anger,4148,0,original,Fans del empujaron a un adulto mayor a una fuente y después se burlaron. cara cabreada ¡No queremos ver estas escenas en el futbol!
others,3795,0,original,"Bueno, que sea lo que Messi quiera."
disgust,808,0,translated_en,"¿Podemos por favor tener este golpe, o liberación, o lo que sea que suceda, o no suceda, o lo que sea con un mínimo absoluto de matar y mutilar, por favor?"
disgust,7758,1,original,Tienen las manos manchadas de sangre. Ustedes tienen la culpa.
disgust,3874,0,translated_en,"Creo que tal es el abrazo histérico y apasionado de (y en menor medida ), que cualquier ruido vagamente crítico se siente como un ataque. Su magia pura y prístina no debe ser manipulada por los pícaros y teóricos de la conspiración."
joy,4965,0,original,Me siento orgulloso de mi país bandera españa
disgust,5255,0,translated_en,Así que tal vez el tema de /ASOIAF ha sido que el ejercicio del poder político es ridículamente absurdo cuando la supervivencia de la humanidad está en juego. Ahora es como 'sólo bromear la historia es * en realidad * acerca de cuya sangre de incesto bruto los hace más merecedores de vivir en un castillo'?
joy,2226,0,original,Leer expande la mente y nos lleva a recorrer mundos maravillosos. ¿Cuál es su libro favorito? Celebremos el Día Internacional del Libro y cultivemos nuestra imaginación.
surprise,5502,0,original,", la adolescente sueca que falta un día a la semana a la escuela para protestar contra el cambio climático."
others,7141,0,original,balón de fútbol campeón trofeo de con gol de
others,4070,0,original,¡EL JUEGO CONTINÚA! fuego @FCBarcelona y se enfrentarán el cotejo de ida para la semifinal de la . Ambos planteles han obtenido el título en 5 ocasiones. ¿Cuál es tu favorito para llegar a la final?
anger,8227,1,original,Lo voy a repetir las veces que haga falta LA LEY ELECTORAL ES UNA MIERDA
joy,1666,0,original,El mejor capítulo de la historia sin duda .
fear,4433,0,translated_en,"Bueno, eso podría haber ido mejor... pero 3-0 abajo en el medio tiempo en el? han estado allí antes. Será difícil, pero todavía hay 90 minutos en Anfield para ir."
others,1257,0,original,vuestro colega el Maduro en No tenéis Vergüenza
joy,1529,0,original,"Estoy mazo nervioso con este capítulo de AY!! Solo quiero a Sansa viva, con eso soy feliz"
anger,723,0,original,"Rechazamos el intento de golpe a nuestra hermana . Como dijo : ""No queremos guerras. No queremos bloqueos. No queremos injerencia. No queremos subversión. No queremos sabotaje (...) Queremos paz""."
disgust,15,0,translated_en,Siempre es una tragedia ver una valiosa pieza de la historia ser destruido. La gente celebrando esto como algún tipo de victoria política son psicóticos.
joy,2193,0,original,Que venga mi hermana de trabajar y el se presente con el ultimo libro que me faltaba de y que ademas sea primera edicion. No tengo palabras cara sonriendo con ojos de corazón cara sonriendo con ojos de corazón cara sonriendo con ojos de corazón .
disgust,6852,0,translated_en,Otro ejemplo de cómo el estado imperial de EE.UU. está usando Russiagate para vender su régimen cambia las guerras a liberales y votantes demócratas.
sadness,147,0,original,"Lamento muchísimo esta gran pérdida, usted tiene toda mi solidaridad"
anger,7599,0,original,"Luis Suárez futbolísticamente es uno de los mejores delanteros del mundo, pero su actitud en el campo es nefasta, finge como si lo mataran, se pelea con todos, le grita y Manotea al árbitro. PONTE A JUGAR SUÁREZ POR EL AMOR DE DIOS!!!!"
others,3313,0,original,balón de fútbol | El orden del día de la asamblea de la RFEF
others,3269,0,original,trofeo ¡FINAL! trofeo El se corona Campeón de temporada 2018-2019 al vencer en casa al Levante 1-0 con anotación de Messi.
others,4629,0,original,"28 de Abril por cadenas nacionales, temáticas y . Esperamos que os guste el informito!"
sadness,7397,0,original,"Por favor amo internet, pongo este tweet de broma pero me solidarizo con parís, ES UNA TRAGEDIA TERRIBLE, una perdida INCALCULABLE Captura de twitter"
others,6895,0,original,Donde se han metido todos trolls de Vox?
joy,1788,0,original,Gracias . Gracias. Solo puedo decir eso.
anger,8400,1,original,"En definitiva, lo ocurrido hoy en fue otro show de la oposición fascista para que el asesino, Leopoldo López y su desteñida, mala madre, mujer se asilaran en la embajada chilena. Por qué mantener relaciones diplomáticas con países q no nos quieren?"
joy,2422,0,original,"Feliz ... Quien no lee, muere un poco cada día, reduce su imaginación e ignora más tanto del mundo como de sí..."
others,3139,0,original,| 14' Tarjeta amarilla a Ivan Rakitic; se perderá el por acumulación de tarjetas 0-0 balón de fútbol
others,1670,0,original,"Miedo me da esto porque a ver si la mayoría de ""principales""se han salvado de los zombies y ahora vayan a caer contra unos doraditos cualquiera."
joy,6323,0,original,CAMPIONES!! Y en su case!! corazón rojo corazón azul balón de fútbol Barça
others,4292,0,original,"Un vs para final de la ... Adivinen desde el cielo, ¿Quién será el más feliz? balón de fútbol manos en oración tono de piel claro medio manos aplaudiendo tono de piel claro medio"
joy,2613,0,original,un mundo triste pues jajajjaja
disgust,5906,1,translated_en,"admitió la semana pasada, diciendo mentiras era / es uno de sus requisitos de trabajo clave"
joy,2813,0,original,"Diferentes sagas, muchas aventuras. Feliz"
sadness,7363,0,original,Sigo muy triste con esta tragedia la iglesia catolica en desgracia
surprise,318,0,original,y la traducción francés español donde está?? Necesitan alguien como yo para hacer el quite si van a transmitir en vivo...
sadness,7221,0,original,"a afirmó que el papa recibió , como todos en el Vaticano con consternación, shock y tristeza la noticia sobre incendio . En 1 mensaje al arz. Paris el papa se refirió a su dolor por este suceso que se dio justamente al inicio de Semana Santa."
surprise,5978,0,original,"luces de policía luces de policía , El episodio 3 de es increíble, y un ejemplo de cómo desperdiciar el potencial de “pilotar” un dragón. Vaya tela ... Daenerys... hombre con la mano en la frente tono de piel claro hombre con la mano en la frente tono de piel claro"
disgust,2784,0,translated_en,"La gente se está burlando de sus rasgos autistas. A la gente le encanta hacer eso y luego cuando dicen que fingen ser ignorantes. ""No nos estamos burlando de su autismo"". Los autistas siempre serán blanco de nuestras diferencias y siempre serán personas de mierda haciéndolo."
surprise,1630,0,original,"Entre el trono de hierro y el trono del gobierno, NO PUEDO RESPIRAR A PENAS"
sadness,2878,0,original,"Lo bien q queda eso de “ponte en el lugar de la otra persona” y lo difícil q es hacerlo,"
surprise,1828,0,original,Perdí años de vida. PERO QUÉ ESPECTÁCULO DE EPISODIO
joy,3423,0,original,Lo de Vidal es excepcional. El mejor de la historia del futbol chileno.
sadness,7234,0,original,"No soy una persona religiosa, pero lo de Notre Dame va más allá. Es una pena y una gran pérdida a nivel cultural, histórico y arquitectónico. No obstante, no he podido resistirme a hacer este meme..."
disgust,4796,0,translated_en,"MSM: ""Está bien chicos.. Es sólo una iglesia. Vamos a terminar la investigación e ir a imprimir con 'solo un accidente'.. .."
sadness,7216,0,original,Estoy muy triste por el cara llorando fuerte mi corazón se encoge cada vez que escucho lo sucedido. Soy europea y no sé que decir al respecto! Quiero llorar
disgust,7756,1,original,"¿ En serio? Que vergüenza para el periodismo, o quizá ninguna, porque esto no es periodismo, es un panfleto amarillista propagador de bulos y fakes como este..."
sadness,5118,0,original,Los que han votado por el voto útil para evitar que ganase van a estar la mar de contentos cara con sudor frío
others,2132,0,original,En nombre del guerrero te ordenó ser valiente.
others,5411,0,original,"- No son planes comercialesSon armas de destrucción masiva en un mundo arrasado por el Y como dice ""No sólo necesitamos esperanza, necesitamos acción, cuando empezamos a actuar la esperanza está en todos lados..."""
sadness,7373,0,original,"No es que uno sea ""único y diferente"" por lamentar lo que pasó en Notre Dame, no es que uno exagere. Y si sabemos que hay tragedias así en miles de bosque, lo que se lamenta es la gran perdida arquitectónica. Es un ícono de la arquitectura gótica en el mundo."
anger,3398,0,original,que poca vergüenza tienen los árbitros de las mismas manos q le pitaron en contra al se la niegan ahora al
others,7730,0,original,amenaza a con recrudecer bloqueo por apoyo a
others,8115,0,original,"En tienen ustedes a muchos fachas diciende en días anteriores que, pese a las encuestas, la derecha iba a sacar tropecientos mil escaños. Lo digo por si se quieren pasar ustedes a reirse de ellos."
joy,7853,1,original,"Joder con el 8x03 de . JO-DER. Mira, que lo he tenido que parar dos o tres veces para respirar. Épico."
surprise,3464,0,translated_en,"es fácilmente el ganador de esta semana de Fuego e Hielo del episodio de anoche, ""La Noche Larga""!"
joy,1747,0,original,"ARYA LA MEJOR, ES QUE LA AMO UF, QUÉ REINA"
anger,1646,0,original,"En serio esto ya es hatear por hatear, Daenerys hizo mucho más que por ejemplo Sansa, salvo vidas como las de Jon, casi muere y perdió su ejército y su mano derecha pero NO, ella no ha hecho nada, ni usar una espada. Ojala un puntito en la boca"
anger,5986,0,original,Melissandre es de lo mas inutil de la historia
sadness,7378,0,original,"Esto es miy triste, me deprimí al cien, qué pérdida TAN grande corazón roto"
others,2854,0,original,Porque en vez de regalar dinero a tantas personas sin trabajar Sr. mejor no le regalan libros.
joy,4511,0,original,Siiiii parece que la cosa pinta bien!!!
disgust,1416,0,translated_en,"Los adultos convenientemente haciendo la vista gorda a los verdaderos ""problemas"" motivadores deben colgar sus cabezas en la vergüenza."
others,1659,0,original,"Una cosa os digo, como sigáis haciendo de Os voy a hacer un resumen detallado y con croquis incluidos de todas las pelis que vaya a ver ...!!! UN POQUITO DE POR FAVOR!!! Que hay gente que aún no lo ha visto."
joy,8210,0,original,Por fin los españoles de bien pueden sentirse orgullosos en unas elecciones democráticas donde han podido demostrar sin miedos que en espaÑa hay fascistas.
disgust,2336,0,translated_en,"""El hombre que NO lee buenos libros no tiene ventaja sobre el hombre que NO puede leerlos.""- Mark Twain"
others,5680,0,original,"50. Contenido ampliado de la referencia del tuit 47. Sombreado en azul sobre el texto de la foto, la hora. Fuente:"
sadness,781,0,original,Con esta declaración dorso de mano con índice hacia abajo dorso de mano con índice hacia abajo dorso de mano con índice hacia abajo ya sabemos quienes mandan en Lamentablemente cara con ojos en blanco cara con ojos en blanco cara con ojos en blanco
disgust,1604,0,translated_en,"me gusta y sigue siendo mi programa favorito, pero realmente eligieron un mal momento para volver con todo el bombo rn lol"
surprise,5902,0,translated_en,Qué sorpresa cuando el manifiesto del partido es más ficción que hechos - Redes de Facebook de extrema derecha eliminadas antes de las elecciones en España
anger,63,0,original,Espero q en vez d bloquear su cuenta use donde trabaja para pedir perdón
disgust,7230,1,translated_en,"Por si nos olvidamos de la escena en la que una mujer blanca nadaba literalmente en un mar de ellos como llamaban a su madre, anoche se aseguró de recordarnos que A GOT no le importa una mierda la gente morena."
joy,5355,0,original,"La activista sueca , voz prominente en la lucha contra el , ha sido nominada al de este año por un grupo de diputados socialistas"
anger,7542,0,original,Acabo de terminar el capítulo de y he de decir que ma ha parece horrible. El mensaje del combate es horrible con tanto movimiento y nieve que no se ven los personaje. La pausa de mitad de episodio es súper forzada. La música no suele acompañar a la escena.
sadness,7403,0,original,"Uno de los sucesos más trágicos ha azotado a la Catedral de , ícono de la arquitectura gótica, construida entre los siglos XII y XIV. Siempre será una tragedia perder piezas que son legado para la humanidad y que, a través de la cultura, han trazado la historia."
surprise,292,0,translated_en,Más de 200 seguidores que son súper increíbles chicos!!! Realmente aprecio todo lo que haces y para soportar mi marca única de locura.
disgust,7786,1,original,"Perdón pero si a esta altura hay gente que sigue apoyando a Maduro, quiero decirles que son unas mierdas y no quieren ver la realidad"
anger,8386,1,original,"Levanten el bloqueo y evitas un golpe estado, luego elecciones libres y ni una gota de sangre en las calles, no apoyo a Maduro, es más creo que es lo más nefasto para Venezuela pero un derramamiento de sangre solo pasa por las cabezas desquiciadas y enfermas"
others,4630,0,original,Tiene todo mi apoyo. Transparente y objetiva. Gracias por estar ahí.
fear,1577,0,translated_en,Jugar contra Barcelona en la semifinal de la Champions League es el tipo de juego para el que viven los aficionados como nosotros. Y es genial ir allí con la creencia de que tenemos lo que se necesita para sacar algo del juego. Buenos tiempos.
others,5438,0,original,"""Quiero que entréis en pánico, porque la casa está en llamas"", afirmó"
others,5650,0,original,No llegué a conocerla personalmente. Ya no podré visitarla tal como la estudié en la Facultad. Seducía y superaba la imaginación de todos los sentidos humanos.
sadness,7321,0,original,En estas horas la población francesa y la comunidad de creyentes estamos realmente muy triste e impactado con la terrible noticia de . Cuidemos a nuestro hospital de campaña ya que esta sufrieron muchas persecuciones
others,7074,0,original,canta pregando per l'ambiente con : come
sadness,7257,0,original,"Me da una pena increíble lo de NotreDame, es una pena que una joya como esa catedral se rompa. Solo espero que la puedan arreglar cuanto antes y que vuelva, en la medida que pueda, a ser como antes."
others,603,0,original,"Lo sucedido en no es coincidencia esto es real, lo dijeron los mazonicos, eligieron el número 15 como mágico, si no me crees, busca todas las tragedias que han sucedido un 15 de Abril de cualquier año."
joy,3443,0,original,círculo rojo círculo azul Campeón fcbarcelona de 2018/19 círculo azul círculo rojo gracias por alegría balón de fútbol trofeo en Remedios De…
others,6570,0,original,El fútbol necesita más Barça-Liverpool
joy,6640,0,original,"Hoy juega el más grande, hoy es día de y del Hoy se juega futbol espacial cuando el 10 pisa las canchas. Hoy se piensa en el gran capitán blanco y su pronta recuperación. Hoy hay Champions!"
surprise,1398,0,original,"Para la gente que aun no ha visto el capítulo un consejo, asegurad los muebles porque no vais a poder estaros quietos durante el episodio. Es que las madre que los trajo joder, qué capitulazo."
others,3338,0,original,| Los culés se proclamaron campeones de tras vencer 1 – 0 al con una gran intervención del capitán Lionel .
joy,1996,0,original,"8x03Vale, he tenido que esperar 3 episodios para disfrutar en serio, pero ha valido la pena."
others,2299,0,original,El encomio del amor por los amantes originales de la sabiduría en el Banquete de Platón. cara sonriendo ligeramente corazón rojo libro abierto
joy,7896,1,original,"Medianamente satisfecho con estas Lo mejor el ""CON RIVERA NO!"" corazón morado A ver si el episodio 3 de es la puta ostia, y ya me queda un día pa enmarcar... cara llorando de risa"
surprise,6858,0,translated_en,Sólo estoy en la temporada 1 de pero la gente está llamando en serio a una Mary Sue?!
joy,1281,0,original,"Ya es hora, el pais hoy se levanta con mas fuerza que nunca, todos juntos con un solo objetivo el cese de la usurpacion"
surprise,5828,0,translated_en,Mira quién mató al rey de la noche S8 E3
others,5358,0,original,"globo terráqueo con meridianos | , la chica de 16 años que fue nominada al 2019 por su lucha contra el ."
others,3821,0,original,"Gol de Lucho, pero el pase de Alba no tiene madre y ya lo gana unoCERO"
disgust,1781,0,translated_en,"En una nota más ligera, me pregunto cuánto carbono se pone en el aire. Tal vez deberíamos hacer fuegos de estructura ilegal; de esa manera no volverán a suceder."
joy,1119,0,original,"Fuerza al pueblo de no bajen los brazos yo confio en que el Presidente los librara de la dictadura de maduro y con la ayuda de leopoldolopez esto se puede lograr,…"
joy,5088,0,original,"Una cosa está clara, la izquierda unida, jamás será vencida. Gracias a todos los que habéis parado a la extrema derecha."
joy,4664,0,original,Menos mal que los debates los había ganado Pablo Iglesias
joy,3267,0,original,"Quién se lleva los reflectores? A quién le damos la primera plana? A por sus 600 goles en clubes? O a por su 4to título de en 5 años? Estos dos se necesitan uno a otro, no podemos hablar de solo uno, porque el otro sale a levantar la mano! Par de cracks!"
others,881,0,original,"| Desde el centro de Caracas, a las afueras del Palacio de Miraflores, miles de personas están reunidas expresando su apoyo al Gobierno Bolivariano, así como a la defensa de la soberanía, democracia y autodeterminación."
joy,2704,0,original,Por eso y más... Feliz
others,3110,0,original,"No entiendo como la poesía de Pita Amor está tan infravalorada, a mí sus letras me parecen algo mágico en todo su esplendor."
disgust,2117,0,translated_en,Salah echa de menos el fácil portero de hígado que se necesita desesperadamente
joy,6387,0,original,¡Arranca el complemento! reloj despertador 0-0 círculo rojo EN VIVO:
others,4100,0,original,Entra Firmino. Cuidadito con el brasileño.
anger,8070,1,original,"Me cago en todo, dembele que coño haces hombre con la mano en la frente hombre con la mano en la frente hombre con la mano en la frente"
joy,5995,0,original,Madre mía! el tercer capítulo
joy,5284,0,original,Muy orgullosa de la gente joven de este país y de la de todo el mundo
joy,3037,0,original,"En Gintonizadas nos gusta muchísimo lo extra-ordinarioAsí que,"
joy,2591,0,original,Mi adquisición de este año por La crítica habla muy bien... Escuché a recomendarlo en
disgust,169,0,translated_en,Campeones de la liga 2018-2019!!! nervy acabado cara sonriendo con ojos de corazón
sadness,7251,0,original,• • • • • •Y efectivamente ocurrió. Se derrumba la “aguja” de la catedral de Notre Dame en Paris. Lamentable y triste momento para el mundo! en…
joy,4121,0,original,"Que grande Messi, diciéndole a la hinchada que no se silba, se alienta!! Te amo todos los días, Lío!"
surprise,1800,0,translated_en,Perfecto pase de Jordi Alba. manos aplaudiendo manos aplaudiendo manos aplaudiendo
disgust,1221,0,translated_en,Desearía que al mundo le importara menos quemar edificios y que le importara más quemar gente.
sadness,560,0,original,"Como saben, es la ciudad en donde comenzó nuestra historia y donde tenemos nuestras oficinas centrales. Por eso, no podemos dejar de expresar que estamos conmovidos ante el incendio de la Catedral de este lunes. corazón rojo bandera francia cara neutral"
joy,3834,0,original,Messi haciendo del fútbol un espectáculo!! Que señor gol
disgust,3506,0,translated_en,"""... estás siendo tan político cuando asignas a Macbeth como cuando asignas El Odio U Give""."
others,4282,0,original,Tengo buenas espectativas sobre el juego que hará el hoy contra el
others,4640,0,original,"Gracias vox, tu aparición si ha servido para algo."
others,6741,0,original,"¿Ya dimitió Pablo Casado en ? Este tuit se escribe la noche del batacazo electoral, pero es eterno."
joy,3475,0,original,2. El q lo relata y disfruta d esa manera con tremenda joya! Un abrazo de GOL
others,2871,0,original,"Caben mil mundos en un libro, así como historias en una copa de vino, en una taza de café o en tu infinita sonrisa."
others,3028,0,original,"libros ""Siempre imaginé que el paraíso sería algún tipo de biblioteca"", Jorge Luis Borges. …"
sadness,7214,0,original,Seguimos consternados por el trágico incendio en la catedral de de París. Un duro golpe para la cultura europea.
joy,4705,0,original,"Muchas felicidades por vuestro enorme resultado esta noche, seguir así ."
joy,2623,0,original,"Hoy como docente mi satisfacción primordial es enamorarlos de los libros, de la lectura"
joy,3387,0,original,"Campeones, campeones oeoeoe notas musicales El Barcelona campeón de 18-19. Que rico es ganar!!!"
joy,1913,0,original,El Rey de la Noche con la manicura perfecta es the best
sadness,7406,0,original,"lamentamos el incendio Uno de los iconos mas emblemáticos de y que grabaremos nuestro ultimo ""La Foule"" (Que nadie sepa mi sufrir). Estamos muy tristes por el daño histórico que embarga a todo el mundo."
joy,4548,0,original,Y la gente que decía que sanchez era un presidente ocupa?? pues va a ser que no... Ahora a pactar con podemos!!!! Y a progresar e ir para arriba!! Está España si me gusta!!
anger,8359,1,original,"ya basta! Aniquilen todos esto hijos de mil putas de los ! Espérenlo y ya acaben con ello! Que lo de más tengan miedo de salir de su casa! Non son policía y no son militares son asesinos,"
joy,3547,0,original,Mis dos mejores equipos europeos se enfrentan. Siempre seré del
joy,6472,0,original,cámara con flash La CELEBRACIÓN de Valverde tras el GOL de Messi.
others,2451,0,original,| Estos son los cinco beneficios que obtiene tu cerebro al leer un libroMás detalles:
anger,693,0,original,El secretario de la pide “evitar la violencia”... y para cuando pedirá al régimen de Maduro q se largue y no siga asesinando al pueblo de ?
surprise,309,0,translated_en,¿Por qué en el infierno está Samwell Tarly vivo???? el tipo estaba en el suelo llorando y consiguió que el Lord Comandante matara hombre con la mano en la frente tono de piel oscuro medio
joy,1492,0,original,A mí me deja satisfecho el ep3 de la temporada 8 de al ser fan de este personaje.
disgust,7661,1,original,Estoy esperando su vídeo del incendio de Notre-Dame con audio de los gemidos!!! A ver a qué hora cabrones!!! Se están perdiendo los valores!!!!
disgust,3573,0,translated_en,"Esperemos a que los operativos controlados por la CIA, posiblemente vestidos de policías o soldados, disparen a civiles para que el mundo occidental pueda gritar ""Está matando a su propio pueblo"" y así justificar una invasión para obtener el petróleo de Venezuela."
joy,2305,0,original,¡Feliz ! cara radiante con ojos sonrientes libros ¿Cuál es tu libro favorito? cara con monóculo
others,6918,0,original,"Mientras los políticos saquean, los niños reclaman un cambio en el mundo. Esto sucedió en el Parlamento Europeo, el mensaje de la joven activista sueca . ""Dentro de 10 años, 259 días, habremos desatado una reacción en cadena irreversible"""
others,5445,0,original,"Esperanza tiene el mundo,en dicha generación,ahora que tanto se sufre,por la contaminación."
sadness,321,0,original,Sus tweets de que es bien triste lo de cara con ojos en blanco
disgust,2711,0,translated_en,"Miles de millones donados para salvar y reconstruir la iglesia. ¿Dónde están los miles de millones para alimentar y ayudar a poner fin a la inanición, la pobreza y la reconstrucción ??"
joy,3534,0,original,"Este Barça está jugando como se debe, con furia y garra. Deberían caer más goles. manos aplaudiendo tono de piel claro manos aplaudiendo tono de piel claro"
others,4276,0,original,"Yo sé que es difícil con la , pero no os lo perdáis!"
joy,4845,0,original,Hermosa ostia la q se ha dado el PP
disgust,3490,1,translated_en,"Estoy seguro de que el fue iniciado por Glenn Beck, pero nunca lo averiguaremos. q. e. d."
joy,1618,0,original,BRUTAL. Gracias Miguel Sapochnik. Has hecho historia en la televisión. INSUPERABLE
surprise,5552,0,original,"Una adolescente de 16 años liderando la lucha contra el cambio climático. Me parece tan increíble... Quien sabe, quizá esta sea la revolución que el planeta necesitaba. Aún hay esperanza... globo terráqueo mostrando europa y áfrica bíceps flexionado"
disgust,2023,1,translated_en,Sólo el quinto mejor jugador del mundo se ha ido y follado Liverpool hombre encogido de hombres tono de piel claro cara sonriendo con los ojos cerrados
others,1544,0,original,Lo de las elecciones es una tonteria comparado con ...
others,5543,0,original,quiso recibir a pero ella está de exámenes y tiene que estudiar... una persona muy responsable!! manos aplaudiendo
others,1252,0,original,Calma la sangre madre tierra. Ssss
surprise,1728,0,original,¿Soy el único que piensa que ha cometido un error tremendo? Primero se tendría que haber decidido quien se sienta en el trono de hierro y después matar al rey de la noche.
anger,51,1,original,Otra vez la misma estructura. Algún boludo festeja el incendio y 20 millones salen a indignarse por “la gente que festeja el incendio”. Se están peleando contra nadie gente... La entidad se la dan ustedes...
sadness,7339,0,original,"El día de ayer quedó marcado en la historia por la desgracia que azotó a París, Francia, Europa y el mundo entero. Ya que es referencia arquitectónica y de culto a nivel mundial. Hoy lloramos su pérdida, no hay duda que el pueblo Frances volverá a levantar la catedral."
joy,4732,0,original,Que bonita España cuando votas bien corazón rojo manos aplaudiendo tono de piel claro
joy,1677,0,original,"El capítulo de esta semana (8x3) de Juego de Tronos es magnífico, MAGNÍFICO"
joy,7937,0,original,"Arya Stark, cogió y triunfó!"
others,770,0,original,"Terrible lo que está pasando en , ¿Hasta cuándo se va a pronunciar ?"
fear,3006,0,translated_en,No he sentido tanta ansiedad viendo algo desde el juego 7 contra los Guerreros después de caer 3-1
others,2189,0,original,"Los mismos estudiantes que se dicen estresados, serán los que querrán jornada laboral de 5 horas."
joy,1342,0,original,"La historia de ganar revoluciones es muy romántica, pero aquí está el pueblo dispuesto como estuvo en el 1989 en Alemania del este. Sigan luchando, queridos. Tarda en llegar, pero al final hay recompensa."
others,1572,0,original,"¿Soy el único que no entiende por qué está loco todo el mundo por las series de ? Entonces, ¿será prudente ver esa serie rara? ojos"
joy,3004,0,original,"“No hay mejor fragata que un libro para llevarnos a tierras lejanas.” Leamos, viajemos, soñemos mucho... corazón rojo libros Buenas noches..."
others,3935,0,original,"Con 4 mil 500 billones de años de edad de la tierra, es un verdadero privilegio coincidir en tiempo con balón de fútbol Por favor no se atrevan a compararlo con"
joy,7826,1,original,"Al igual que os eche la bronca el lunes pasado, hoy os doy las gracias por no hacer spoiler. Al Cesar lo que es del Cesar. Capitulo sin palabras, y muchas emociones... JODER."
anger,8393,1,original,apoyando el régimen de demuestra el ego imbécil de la izquierda incapaz de ver sus fracasos desde 1914 hasta la fecha. NUNCA FUNCIONÓ. Imbéciles descerebrados.
joy,3721,0,original,"Del mejor lateral izquierdo del mundo, para el mejor 9 del mundo ¡GOLAZO! balón de fútbol"
joy,2254,0,original,"cara lanzando un beso libros bebida caliente persona con la mano levantada Aunque hace mucho prefiero las versiones en digital de los libros. Soy de las que disfrutan entrar a una librería revisar varios autores, leer el resumen de los libros, romper los envoltorios, hojear un libro, el olor de las hojas es increíble, huellas de pezuñas persona con la mano levantada tono de piel claro"
anger,1641,0,original,"Porque no envió a su ejercito a destrozar todo y en el proceso el cebo muera, No, tiene que ir el mismo en persona exponiéndose a lo que cualquiera con dos neuronas sabría es una trampa."
others,1004,0,original,Que mal eres chavista? ! Por pensar así no vas a salir de pobre ajajaj.
others,1270,1,original,"Hoy es más probable que muera guaidó que maduro. Quien lo asesine no se sabrá nunca! Hoy vale menos, y vivo? Menos aún. El único ganador de hoy es maduro."
others,1652,0,original,cuando a la gente le da por ver esta serie es por algo
others,1974,0,original,No me he sentido emocionado en casi ningún momento con el 8x03 de No he sentido miedo o temor que es lo que esperaba sentir. He de decir que no iba con muchas expectativas
others,7930,1,original,Intentando entender lo que pasa en el episodio porque no se ve una mierda.
others,7055,0,original,"“Cambiemos el sistema, no el clima”. El mensaje de saca los colores a los gobiernos mundiales. Reflexionamos sobre el movimiento en este nuevo post:"
disgust,8080,1,original,Lástima que es una mierda de persona porque Vidal tiene unos huevos increíbles.
others,6956,0,original,MADRID SHOPPING TOUR por el respeto al medio ambiente
others,6262,0,original,Hace poco leí este libro y es totalmente recomendable
joy,3433,0,original,¡El Barcelona gana su 8° liga en 11 años! Dominio absoluto del campeonato de la regularidad; Messi ahí es absolutamente clave. La 26° de su historia
surprise,253,0,original,¿Cómo le hacen para encontrar sus fotos del viaje a Paris tan rápido? ¡A mi me piden una de la fiesta de hace dos fines de semana y nomás no doy con ella!
others,6039,0,original,¿Habéis visto ya el capítulo 8x03 de Juego de Tronos?
anger,3620,0,original,"Vergonzoso lo de Messi haciendo la croqueta como si lo hubieran matado , deberían expulsarlo por simular una agresión"
sadness,388,0,original,Qué pena no tener una foto en y no poder iluminar Twitter
anger,2833,0,original,"Señores no pasa nada por decirlo. No es un grupo de fans,es un colectivo oculto: funcionarios de prisiones que han salido del ocurantismo sometido por sus dirigentes. DIGNIDAD!!"
anger,6354,0,original,"vaya atraco al . Vale que la mano no la ve el árbitro en directo, pero en el monitor es clarísima.Árbitro prevaricador!"
joy,7170,0,original,"Un libro venezolano que merecía estar en las listas de es ""The Night"" de . Mala mía no haberlo recomendado, pues creo que será material de culto en unos años."
joy,3799,0,original,Y despues me preguntan por que lo amo tanto.
joy,6646,0,original,Pinche Messi es un dios Gooolazo
others,1419,0,original,"Novedades de en , La Torre Oscura de 's , el de , La materia oscura, El cuento de la criada, ¡y + de ! ➜"
joy,4580,0,original,Con cosas como la de hoy me siento bastante orgulloso de poder decir que soy español
joy,7869,1,original,Despues de ver este capitulo puedo asegurar que es la mejor serie de la puta historia
surprise,3411,0,original,"Me quedo de piedra, las manos dentro del área solo son penaltis en contra del ..."
sadness,87,0,original,Hoy la humanidad perdió un pedacito de su historia! cara llorando
disgust,1340,0,translated_en,"Esto está totalmente fuera de mi timón, pero es realmente extraño. Los estadounidenses blancos [izquierdistas/socialistas] están protegiendo a la Embajada de... [esperar a que...] *ciudadanos venezolanos* - que ahora están cantando ""manos fuera de nuestra Embajada""."
disgust,6549,1,translated_en,"A quienes están celebrando el , son sociópatas sin capacidad para . Fue hace 160 años. Todos en ambos lados está muerto hace mucho tiempo. Usted quiere que el mundo respete el moderno , usted necesita aprender el concepto de ""Buen Vecino""."
joy,4654,0,original,Eternamente agradecida a mi país por frenar a la extrema derecha. Ahora más que nunca ORGULLOSÍSIMA DE MI PAÍS
others,6998,0,original,"Lo hago , mi madre humana y la Madre Naturaleza."
joy,2606,0,original,Mi libro favorito es y puede hacerme ganar un ebook con
sadness,331,0,original,"Me parece mentira, que pena más grande."
others,6192,0,original,Qué están leyendo por éstos dìas?
disgust,5344,1,translated_en,"Si ustedes no votan fuera de su cargo, es su propia culpa. Vivimos en un país que está dirigido por un... el WH está ofreciendo asistencia a y NO - Saquemos a la gente de la Casa Blanca."
surprise,4724,0,original,En serio. Hay más personas que no hayan podido votar hoy porque les han dado de baja del padrón??? Yo se de 3 conmigo.
disgust,4363,0,translated_en,"¿Qué más se puede esperar de los fans de Liverpool, que son los extranjeros en España en realidad! Y abusan de todos donde quiera que van de todos modos! Patético."
others,6144,0,original,¿Cuál libro te dejó a flor de piel?
anger,1594,0,original,"Encima esta música tan turbia y puf, ya basta, por favor"
disgust,3644,0,translated_en,En honor de - un extracto de alrededor y una persecución de coche paparazzi de París.
anger,288,0,original,"No quiero sonar hater, neta que no quiero... pero la gente que ayer subió su selfie o fotos de son el grupo más ordinario que existe."
others,1151,0,original,"""Es de que... El respeto al derecho ajeno es la paz"". Y a ellos... ¿Quién los respeta? Ccp."
surprise,3225,0,translated_en,"Acabo de actualizar con un enlace a las fotos dentro de la catedral, increíble lo bien que sobrevivió algo de ella"
sadness,93,0,original,"Que lo sucedido hoy en nos devuelva la mirada a la grave pérdida del patrimonio histórico y cultural en Siria a manos del Estado Islámico, ciudades enteras destruidas ante el silencio mundial."
others,3254,0,original,"Amarilla para Piqué por falta a Mayoral, min 69"
fear,6610,0,translated_en,"Noticias reconfortantes con el PSOE ganando, pero VOX alcanzando el 10% también da un poco de miedo..."
others,6459,0,original,Un sábado cualquier en el Camp Nou cara llorando de risa - bandera españa -
joy,1424,0,original,¡Ultimo capítulo de Juego de Tronos es brutal! corazón negro corazón negro corazón negro corazón azul corazón rojo
sadness,7291,0,original,Estamos consternados ante el devastador incendio en y como empresa de origen francés apoyaremos su reconstrucción
surprise,1417,0,original,Este capítulo está siendo muy duro. Tengo que dejar de ver por los nervios interiores. A qué clase de persona se le ocurre mezclar todo eso. DURÍSIMO
joy,4969,0,original,Lo que mas me alegra de todo es ver la caida del PP
joy,3173,0,original,El dominio del Barcelona se entiende a través de Messi... Texto IMPERDIBLE sobre el REY de cara sonriendo con gafas de sol trofeo
anger,4835,0,original,Por que mi marido va a seguir siendo mi marido y no mi compañero. Por que las mujeres seguirán sumando y no restando y por que nadie va a destruir derechos que tanto nos ha costado conseguir.
others,4014,0,original,Ajax ya no sorprende: de visita vence a Tottenham
others,4735,0,original,Cuando haces una nefasta defensa del Trabajo de fin de Máster...
joy,3066,0,original,"Hoy , saqué a pasear uno de mis favoritos! Mi hermosa tercera edición de 1986 cara feliz con ojos sonrientes"
disgust,8308,1,original,Tiempos de mesías. Otra que se erige en propietaria de la verdad absoluta. El típico producto de los lobbies. Adolescentes encumbrados con exigencias y derecho a todo que revisionan lo que sus antecesores han trabajadoMás chusma y más borregos
disgust,7205,0,translated_en,¡Suárez tiene cero clase o lealtad a un club que lo hizo!
disgust,7027,0,translated_en,"Compare y contraste con la forma en que debería haber sido reportado , como en . Reportes perezosos, sensacionalistas está distorsionando las percepciones de las realidades políticas y sociales."
joy,2815,0,original,"Recuerdo mis primeras lecturas, que buenas epocas de mi infancia"
others,3348,0,original,"Mientras haya posibilidades hay que luchar, y cuando ya no las haya ¡A por el 2º puesto! Vamos bíceps flexionado"
surprise,4841,0,original,Suspense en el ambiente... quien nos va a gobernar?... cara sonriendo con gafas de sol parece q PP esta en caída libre???
others,5395,0,original,[MUNDO] Hoy la joven nominada al premio Nobel cuenta con apoyo mundial.
others,4579,0,original,Ya está bien de tanto un poco de distracción ya satura cara con ojos en blanco
joy,1520,0,original,¿Se puede estar enamorado de una serie? Porque te amo Juego de Tronos.
joy,2986,0,original,"Mis profesores me dicen que la teoría nos permite ver, siguiendo la alegoría de los sentidos, creo que la literatura nos permite sentir. Feliz"
disgust,214,0,translated_en,Siento aversión por todos los políticos corruptos... ¿Por qué no pueden centrarse en hacer bien su trabajo?
joy,4145,0,original,¡Qué pinches nervios! ¡Visca Barça!
joy,2916,0,original,Un buen libro palo de corazones Gracias Mk libros
joy,4614,0,original,“Ha ganado el futuro y ha perdido el pasado”. Pelos de punta. GRACIAS ESPAÑA!
others,6623,0,original,Hola soy Leo Messi y hago lo que quiero y cuando quiero
others,5056,0,original,Creo que el luto está bien elegido... será recordado como el que consiguió los peores resultados electorales para el .
joy,3178,0,original,Barcelona Campeón! trofeo Gracias Messi por tanto!!!!! Ahora vamos por la y Triplete a la vista!!! bandera españa
sadness,1745,0,original,Acabo de llorar aún más la segunda vez que he visto almenos ya se que no me quedan lagrimas para
joy,4382,0,original,No le deis más vueltas. La sorpresa es que no ha habido sorpresas
others,6767,0,original,Victoria de la izquierda en muestra que el aún tiene mucho para dar en el
others,1298,0,original,"Primero es plaza altamira y segundo, estamos luchando por una mejor venezuela para nuestros hijos..... vamos que si se puede"
sadness,822,0,original,", que no tengamos que llorar"
others,3233,0,original,Atlético Madrid *1-0 Real Valladolid (66')
surprise,2968,0,original,"No es que no te guste leer, es que no has encontrado el libro correcto."
joy,1888,0,original,Vaya nochecita de emociones. Y en un rato . Menos mal que ya me vi hace unos días.
surprise,6047,1,original,"No podría ser la batalla de día, ¿No? No me estoy enterando de putito nada"
joy,3409,0,original,Los del Real Madrid en este momento viendo cara revolviéndose de la risa vamos Barsa!
sadness,4141,0,original,Gracias al VAR esto ya no es fútbol... Es Handball cualquiera puede poner la mano y no lo pitan!!!
anger,7825,1,original,Vas a caer pinche dictador de mierda
anger,8114,1,original,"Bueno pues el pueblo ha decidido que estemos gobernados por terroristas, populistas, comunistas, golpistas... Mal augurio se avecina"
others,4963,0,original,Igual alguien tiene que empezar a pedir perdón a
joy,3253,0,original,¡¡¡¡¡CAMPEONES!!!!.... se sufrió más de lo previsto pero.. pero se ganó al final.
sadness,285,0,original,16 años de esta foto. Hoy es una pena recordar que uno estuvo allí.
joy,2378,0,original,¡Enhorabuena por esta gran iniciativa a beneficio de !
others,1197,0,original,"Pompeo afirma que Maduro planeaba huir a Cuba hoy: ""tenía un avión en la pista, estaba listo para irse esta mañana y los rusos le dijeron que debería quedarse"". Siga las noticias de la jornada en"
others,4112,0,original,"Esta noche vuelve a una semifinal de la el contra un duro rival, muy peligroso y con mucho talento el Esperamos que sea una noche mágica para el Barça!"
others,2982,0,original,"Feliz rosa libros Que el saber no ocupa lugar, y que conociendo y descubriendo lugares maravillosos de fantasía, del pasado o de lo que sea puedes llegar a la luna, galaxia o donde prefieras... Saber no ocupa lugar, y ese lugar es cómplice de vuestra historia"
disgust,4677,0,translated_en,¿Alguna vez oyes a gente que no sabe nada sobre discutirlo y lo que dicen es tal caca con ojos que te preguntas si son de un universo paralelo donde suceden cosas diferentes en el show... o si son increíblemente estúpidos
others,3685,0,original,"Visto lo visto, apuesto por una final Ajax-Barça. Rara pero bonita."
joy,6013,0,original,"La izquierda ganando las , acabo de ver Endgame y mañana nuevo capítulo de . Que gran domingo se está quedando."
others,6944,0,original,Jóvenes se reúnen en Jardín Borda como parte de la huelga global convocada por demandando una acción política frente a la crisis climática.
sadness,1217,0,original,"Es imposible ver las noticias de y no sentir impotencia ganas de llorar y que se desgarra el Alma. morirás en tu propia ley, por qué el que mal hace mal le va."
surprise,8074,1,original,"La puta madre, que golazo del Mejor de la historia del fútbol."
anger,5222,0,original,Mientras los glaciares y el hielo en el Ártico desparecen a enorme velocidad. Un grupo de payasos llamados políticos ni mencionan el problema.
sadness,186,0,original,La reina Isabel II también envió un mensaje por el incendio en la Catedral de ; esto fue lo que dijo la monarca de Reino Unido cara con ansiedad y sudor fuego iglesia
others,837,0,original,Un Presidente que miente deliberadamente quiere acabar con y . Cese la agresión y la amenaza contra los pueblos independentes.
others,1051,0,original,"¿Qué piensan de la gente que cree que no es lo que realmente dicen los medios, es bueno y que todo es una conspiración del ?"
anger,7736,0,original,"LO QUIERO TODO! Y que pasa si una de esas cosas es vivir en una LIBRE corazón creciente Si mía, tuya y de todos, que pasa si quiero que esta país no sea de unos delincuentes? Hoy no es tiempo de tristeza, de terror ni pesimismo, es tiempo de que pidas lo tuyo y salgas por ello, y"
anger,7663,1,original,Todo el mundo preocupado por mientras que día a día matan y violan a las minas. Pero claro ellas se la buscaron la catedral era indefensa...
joy,1792,0,original,"No he sufrido más porque no se puede, pero Arya te amo."
others,6728,0,original,No entiendo el resultado de estas elecciones.
joy,1880,0,original,Arya es la mejor corazón rojo corazón rojo manos aplaudiendo manos aplaudiendo bíceps flexionado bíceps flexionado Mi favorita
disgust,5402,0,translated_en,Me arrepiento instantáneamente de esta decisión.
others,6505,0,original,30' Media hora de juego (LEG círculo azul círculo blanco 0-CEL corazón azul corazón azul 0) círculo azul círculo blanco corazón azul corazón azul
joy,2106,0,original,"Daenerys con espada, MI FANTASÍA hecha realidad!!"
fear,1990,0,original,Miedo. Tengo mucho miedo de las próximas horas.
anger,884,0,original,"No es por defender a un político, porque es de políticos sentar posición. Si un tipo que se hizo gracias a un proceso de Paz, que apoya los procesos de diálogo en Colombia, le quedaría bien pedir guerra en ? Haber que me dice de ese nivel de tibieza. : V"
sadness,496,0,original,"VIDEO | Dolor inundó los rostros de los parisinos, relata periodista tico en |"
anger,44,0,original,"No soy ateo ni agnóstico ni religioso, pero me enmuina que algunos ateos salgan con que no es para tanto, que después de todo la catedral de era solo un templo católico."
surprise,1554,0,original,Yo no me muevo hoy de mi casa hasta que me termine el capitulo de juego de tronos Como estoy sufriendo la madre
others,4611,0,original,"ostras!! Pensaba que este de VOX iba a cantar ""buenas noches señora..."" . Es el comienzo..... de su fin!!! pulgar hacia abajo pulgar hacia abajo pulgar hacia abajo pulgar hacia abajo pulgar hacia abajo pulgar hacia abajo manos aplaudiendo manos aplaudiendo manos aplaudiendo"
others,4001,0,original,"Todos: ""Liverpool merecía empatar y estaba dominando"" - Messi:""No"""
joy,2744,0,original,Absolutamente!!!!.. Si es que son geniales@PaginaDosRTVE A ver si hacen mención al en el
joy,3774,0,original,Señor Messi! El mejor del mundo! Venga Barcelona! vamos por la 3-0 mano con señal de victoria cara sonriendo con gafas de sol
joy,1690,0,original,"He aplaudido, he vibrado y hasta me he emocionado. Vaya épica la del episodio de 'Juego de Tronos', y qué necesarios los dos anteriores capítulos para que este funcione tan bien"
sadness,255,0,original,"La disfruté por primera vez hace más de 30 años, deseando admirarla mucho tiempo más cara desanimada"
sadness,447,0,original,El incendio de es una tragedia para el patrimonio de la humanidad.
joy,6273,0,original,Hoy día grandioso además del también es el día de la en Alemania. cara feliz con ojos sonrientes cara feliz con ojos sonrientes cara feliz con ojos sonrientes cara feliz con ojos sonrientes cara feliz con ojos sonrientes cara babeando
sadness,189,0,original,"No hace falta ser devoto o tener una visión política específica para reconocer que hoy hubo una pérdida cultural, arquitectónica y simbólica. Salve"
joy,3442,0,original,Vivo enamorada de estos colores corazón rojo corazón azul
surprise,4707,1,translated_en,Oh mierda ahora tenemos 26
joy,2515,0,original,"En el te dejamos una inspirada en una frase de la poeta ( ¡Feliz día, lectores!"
fear,6713,0,translated_en,"La política de España está muy dividida, los socialistas ganaron las elecciones el domingo, pero tienen poca mayoría. ¿Qué pasa ahora?"
sadness,7454,0,original,Increíble haber visto esta tragedia en vivo. Gran pérdida para la humanidad. Un privilegio haber visitado por última vez Condolencias a todo y a por este día lamentable.
disgust,4801,0,translated_en,"Y cuando las cosas no se hacen altruistas pero el marketing es ""mostrando altruista"", es una gran mentira e incluso insulto a las personas que están haciendo lo mejor en sus propias vidas. Y dependiendo de la mentira y a quien usted está mintiendo, las consecuencias tienen que ser enfrentadas."
others,3948,0,original,Messi es el mejor jugador de la Historia
joy,5429,0,original,"quiero decirte que te admiro! vamos camino a una extinción masiva, desde aquí desde el otro lado del mundo quiero decirte que te apoyo! Toda la razón para qué proyectarse al futuro si no nos hacemos cargo de nuestro planeta!"
joy,2663,0,original,"Me encanta esta foto, es tan transversal."
others,4058,0,original,Ha terminado la pero no las emociones. Te esperamos en nuestra casa para vivir el Monterrey vs Tigres balón de fútbol
others,7903,0,original,Estoy de los putos nervios jodeeeeer
anger,8253,1,original,Los que no miramos y no conocemos .... a esta hora estamos hinchados los huevos de los que miran y visitaron
fear,4197,0,translated_en,Morderme las uñas viendo a la defensa Barca correr el aire pasa en su propia caja. Cada toque es un pico en mi ansiedad.
others,3545,0,original,"Las individualidades y las triangulaciónes del han sido muy buenas, para zafar de una presión alta(hasta llegar al área rival cara babeando ) del , que tampoco se queda atras y responde"
sadness,7196,0,original,"Ha pasado un día y sigo en negación, sé que solo era un edificio que hay cosas más graves, quizás no tengo bien ordenadas mis prioridades pero verlo arder sigue haciéndome llorar, tan bonita, tan imponente, tan eterna, por favor vuelve pronto a ser Notre Dame."
disgust,7165,0,translated_en,Francia debería estar haciendo donaciones al resto del mundo para rescatarlo en ambas guerras mundiales sin aceptar donaciones de dinero
others,1905,0,original,¿Qué te ha parecido el episodio de la ? ¿Con qué emoticón la describirías? Nos gustaría saber tu opinión y tus comentarios.
others,5679,0,original,Guardaré en mis ojos tu última mirada... corazón roto
others,1383,0,original,Y ahora yo como me duermo después de este vaivén de emociones? Solo diré una cosa: BRU-TAL en todos los sentido de la palabra
sadness,5660,0,original,Ya nunca podré ver . Pinshi vida....
sadness,7515,0,original,"La única posible vía para sacar del poder a ese régimen decadente, lo dije antes con Chávez (desde hace más de 10 años) y ahora, es la guerra civil en . Es triste y no es deseable pero a los socialistas y comunistas sólo entienden a puro plomo."
joy,4084,0,original,"Me voy a preparar unos mates, porque falta poco para un pequeño evento llamado ""la prueba del hilo dental""... ah no, es la semifinal de la !!! Sí, eso es..."
anger,3171,0,original,"El Real Valladolid está siendo, de forma absolutamente destacada, uno de los equipos más perjudicados esta temporada. El 99% de las decisiones, les perjudican. Y que no cuenten películas."
joy,1021,0,original,"Quiero tomarme unos minutos para pedirle a Dios ,al universo y ala vida que Venezuela sea libre y bendecida!"
anger,7945,1,original,Me cago en mi puta madre me voy a tatuar Arya Stark en la frente
joy,1236,0,original,Solidaridad y agradecimiento para . Un venezolano que nunca ha bajado los brazos en la lucha por la |
others,6703,0,original,Amigos ¿quien se lleva la ventaja esta tarde en la ? o
others,6528,0,original,A ésta altura ya podemos decir que es el Cuper europeo?
joy,4834,0,original,. Que feliz estoy ahora y orgullosa como siempre de ser española. Y que reflexiones los que le llamaban usurpador y antipatriota.
others,5193,0,original,"Un discurso encendió la chispa. La valiente protesta de contra el inspiró a millones de jóvenes en todo el mundo. Hoy de un centenar de países, exigieron a los líderes mundiales acciones concretas para salvar el . árbol de hoja caduca hierba globo terráqueo mostrando europa y áfrica [bu]"
disgust,2616,0,translated_en,Nadie está hablando de lo mal que Invernalia va a apestar ahora que está completamente cubierto de cadáveres en varias etapas de decadencia
others,5558,0,original,"4. Gretita linda: Seguí laburando en expandir la gran mentira del , lo estás haciendo muy bien. Yo, el te bendigo."
surprise,134,0,original,Sigo realmente impresionada con el incendio de
anger,8399,1,original,Asesinos hijos de puta! Van a pagar todo lo que le están haciendo al pueblo de
sadness,7374,0,original,Parece increíble pero apenas por este medio me enteré del incendió en ... es una lástima la perdida y daños en esta hermosa e icónica construcción....
sadness,573,0,original,"Toda un Icono de la Religión Cristiana, la cultura , la Literatura y cuantas historias y filmaciones de películas se hicieron ahí, una belleza se hace cenizas fuego cara llorando manos en oración tono de piel claro"
joy,5049,0,original,"Lo que no pudieron lograr nuestros abuelos y bisabuelos, lo hemos logrado nosotros, debemos sentirnos orgullosos."
surprise,1533,0,original,Por fin puedo respirar... Ya acabado el último capítulo 8x3... Qué tensión... Sigo ¿Es espectacular o soy yo que soy muy fan? ¿Teorías y especulaciones de lo que estar por venir?
joy,1460,0,original,Pues me sumo a los elogios del CAPITULACO de No me esperaba ese giro final. No en este momento. Magnifico
joy,4374,0,original,"Una y otra vez,una y otra vez... así lo podriás ver un millón de veces y nunca te cansarias de disfrutarlo!. Lío,eres !!."
fear,296,0,original,"| El presidente de aseguró que ""se evitó lo peor"", ya que el corazón de la catedral de podría haber colapsado y el fuego haberse extendido hasta los campanarios."
joy,6117,0,original,calentando motores pa lo q viene.. fuego dragón
anger,8248,1,original,No se quienes son más mamadores: los que subieron su foto en o los únicos y detergentes que no ven
joy,2900,0,original,Listos mis cuentos y enviados!
others,4247,0,original,Jugar con Messi es trampa
joy,3302,0,original,"No seas malo. Solo aplaude y disfruta, que no volverá en años uno igual a"
joy,2586,0,original,"rosa libros Hoy hemos pasado una diada de espectacular entre compañeros, rosas y libros. Espero que lo hayáis disfrutado tanto como yo"
others,1961,0,original,No estoy para nadie... solo para ver Que empiece la batalla contra el En primera fila por
joy,3209,0,original,Comienza la jornada de en pocas horas...¿Cuando acabé el sábado tendremos un campeón? corazón rojo Me gusta si crees que sí.
sadness,2385,0,original,Cuánto me entristecen las injusticias. Envuo audio porque no quiero hacer hilo. Gracias por escucharlo.
joy,2765,0,original,"¿Cuáles son los mejores arranques de libros? Para mí: 'Muchos años después, frente al pelotón de fusilamiento, el coronel Aureliano Buendía había de recordar aquella tarde remota en que su padre lo llevó a conocer el hielo.'"
anger,3401,0,original,Sabemos que vivimos en tiempos oscuros cuando un equipo corrupto como el ROBALONA queda campeón de
anger,7876,1,original,"mierda mierda que se vuelve a multiplicar el cobarde, no quiere un uno contra uno COBARDE!!"
others,3402,0,original,Valverde tuvo que soltar a la bestia.
joy,4360,0,original,Jugó muchísimo mejor el pero ganó Barcelona 3-0 si hizo tres goles y el de Messi para la videoteca futbolera mundial aclaro el de tiro libre
sadness,271,0,original,"Una auténtica desgracia!!! Ojalá todos y todas podamos volver a verla en todo su esplendor, aunque ya nunca será lo mismo"
sadness,627,0,original,"La catedral de de , una joya arquitectónica de más de ocho siglos de historia, fue devorada por un terrible en la tarde de ayer."
others,2484,0,original,"""¡Al Quijote no le falta nada!, ya bastante es. Y con esto que acabo de decir seguro no descubro la pólvora y está más que estudiado"""
others,6742,0,original,Batacazo histórico de la derecha
others,4715,0,original,Y estoy es lo más difícil de
disgust,2373,0,translated_en,¿Quién financia? Adivina: los izquierdistas contra el capitalismo. Cero CO2 en 2025 puede significar más de 100.000 puestos de trabajo y - costar un millón de puestos de trabajo - cerrar los vuelos y trenes - apagar su nevera- promedio de economía. colapso y luego guerra. Idiotas
others,6860,0,original,¿Soy la única con un hormigueo en el estómago? cara pensativa
disgust,937,1,translated_en,Toma caliente: el Vaticano tenía la mano en ser incendiado para ayudar a distraer el ojo público del hecho de que la iglesia es el anillo pedófilo más grande del mundo.
disgust,547,0,translated_en,"Sí, la gente de Rechazar está seleccionada"
others,4620,0,original,(pa peor)Con escasos 100 días de gobierno del han servido para dar un vuelco electoral. Proxima parada: Municipales de Mayo.
others,6210,0,original,(y otra vuelta más al sol para mí) corazón azul corazón azul corazón azul corazón azul corazón azul
others,6522,0,original,"Con un doblete de , el se impuso 3 a 0 a el en el Camp Nou en la ida de una de las semifinales de la ."
disgust,1979,0,translated_en,No funcionó cara llorando . Te equivocaste en todo.
joy,3038,0,original,"¡No termines el sin haber comprado literatura de combate! Puedes consultar nuestro catálogo en nuestra página web, así como consultar precios y leer breves descripciones de los materiales. ¡No lo dudes y compra! dorso de mano con índice hacia abajo tono de piel medio"
joy,5093,0,original,Feliz viendo como catalanes y vascos defienden sus intereses y dan muchas lecciones al resto.
disgust,4870,0,translated_en,Ref no nos da mucho aquí!
disgust,4291,0,translated_en,Esto es malo y no tiene miedo y la total falta de respeto por él ¿Es esto lo que Putin dijo también en la cumbre de allí la semana pasada.
joy,5800,0,original,"El ""¡Ya cayó!, ¡Ya cayó!, ¡Nicolás ya cayó!""."
joy,4237,0,original,El mejor de la historia
joy,2478,0,original,Feliz Día del Libro libros a toda la Comunidad Educativa.
others,4283,0,original,Aquí en el disfrute. (El hombre anda ya bien estresado).
others,6658,0,original,Luego dicen que es el barsa el que roba..
sadness,104,0,original,"Y ahí estaba yo, haciendo fila para entrar a la catedral. Puro dolor!"
anger,896,0,original,Los liberales siempre han hecho lo mismo. Azuzan a la gente para que pierda la vida por su causa y mientras ellos se ponen a salvo. Luego cuando el trabajo sucio esté hecho volverá para recoger los frutos.
disgust,801,0,translated_en,Camp Nou no es un templo... Cierto. Es un matadero.
others,4254,0,original,: y se enfrentan por la semifinal de ida de la ►►
joy,5338,0,original,"Conocé a , la joven activista que enfrenta la . Con tan sólo 16 años y movilizada por su determinación a actuar para enfrentar la crisis que estamos viviendo, Greta es para muchos un ejemplo de valentía y fortaleza"
sadness,1,0,original,Acabo de ver la gran pérdida que estamos teniendo en estos momentos en ... La catedral de está en llamas cara llorando fuerte Hoy la humanidad ha perdido otro gran monumento arquitectónico cara desanimada
others,8167,0,original,"Santi Abascal: ""Bienvenidos a la Resistencia"" cara pensativa"
others,5040,0,original,"Hoy se han demostrado dos cosas fundamentales: la mayoría de español@s somos progresistas y lucharemos contra los radicales de derechas. Y que estos últimos, se han quitado la careta con Vox y han dejado al PP con el culo al aire."
joy,6710,0,original,Vidal cambió esquema con cambio de frente y vino el gol... golazo
disgust,4933,0,translated_en,"Incluso si fuera un acto de terrorismo, ¿crees que nos lo dirían?"
others,3793,0,original,Aquí se puede apreciar claramente quiénes son aficionados de Liverpool.
disgust,5215,0,translated_en,"Nadie lo hará. Hay demasiado venir en el slushpile para que los editores se escabullen alrededor de robar ideas. Un autor de la primera vez sería afortunado de ser leído y notado, y el editor (si el trabajo es bueno) será rápido para romperla antes de que nadie lo haga."
anger,639,0,original,"MIENTRAS en las calles de las Tanquetas Militares de la ""GUARDIA NACIONAL"" de -èsta es BOLIVARIANA- PERO CREADA CON LAS MISMAS INTENCIONES QUE LA DE Tratan de detener las MANIFESTACIONES ¡ATROPELLANDO CIVILES!"
surprise,7958,1,original,"Pedazo de capítulo... En tensión toooodo el tiempo. Joder, q mal lo he pasado. Ganas de ver el siguiente..."
joy,1364,0,original,Sin duda este es el mejor momento del tercer capítulo de juego de tronos.
surprise,6038,0,original,Así me he quedado con SIN PALABRAS
joy,4066,0,original,GOLAZO DEL MÁS GRANDE DEL MUNDO!! DON LIO!! SOLO ÉL...
sadness,5566,0,original,"Llamas, humo y lágrimas: Notre Dame se tambalea ante los ojos de la"
others,626,0,original,"Bueno yo también quería hacer mi homenaje a la Cathédrale (obvio que elegí Twitter para esto), fuimos con mi familia el 2007 y aunque era chica sentí toda esa energía e historia que expele la construcción en sí y su interior, indescriptible realmente"
joy,3060,0,original,Muchos de los que acusan de a quien critica a son cuentas con menos de 8 seguidores!!! ajajaja que chistoso...
joy,2045,0,original,¡Aprovechando el momento relax! Viendo el nuevo capítulo de con el pequeño James enganchado a la teta cara haciendo una mueca cara haciendo una mueca cara haciendo una mueca
sadness,7646,1,original,Una autentica pena y tragedia el incendio de ... una puta pena.
joy,2292,0,original,Mi botín del en dos librerías maravillosas: y . Y el regalo de regalar un libro.
sadness,2267,0,original,"Es feo ver cómo se alejan tus amigos, pero ¿Alguna vez prestaron un libro y nunca se los regresaron? Wey, eso si que duele. cara decepcionada corazón roto"
joy,5418,0,original,"- 08/Mar/19En nuestra edición de hoy, conmemoramos a las mujeres y presentamos los mejores lugares donde pueden trabajar en Ecuador. Mira todo el contenido aquí flecha hacia abajo flecha hacia abajo"
disgust,1544,1,translated_en,Los cristianos adoran un dispositivo de tortura.
others,4343,0,original,Reacciones al gol de tiro libre de
anger,851,0,original,: ¡No al golpe! ¡Defendamos la revolución completándola!
surprise,4024,0,original,La presión del Liverpool es ¡IMPRESIONANTE!
anger,4673,0,original,Nos vamos a la mierda
joy,2922,0,original,"Regalar un libro, recibir un libro, fomentar la lectura, amar los libros, acudir a una biblioteca, son los mejores placeres de la vida."
disgust,952,0,original,"Manifiesto mi enérgico rechazo a este intento de golpe de Estado del diputado Juan Guaidó en . Las crisis no se resuelven con golpes militares y eso lo sabemos bien acá en Chile. Por eso, me parece muy grave el apoyo que le está dando"
others,5013,0,original,Solo daré un apunte. La no terminó muy bien
others,7022,0,original,", la joven que moviliza al mundo por el clima La adolescente de largas trenzas y que aparenta menos edad no tiene reparo en reprochar la actitud de los dirigentes mundiales."
joy,2514,0,original,¡Los cuentos nos permiten soñar y aprender! libro abierto Aprovechemos este recurso para conocer más sobre el buen uso de la energía. Puedes descargar y leer la historia aquí dorso de mano con índice a la derecha libros alto voltaje
anger,974,0,original,Otra vez los sinvergüenzas con armas nos quieren arrebatar nuestras decisiones.
others,5524,0,original,Yo quiero más Gretas en el mundo. Quizá baste con aprovechar su fuerza.
joy,2491,0,original,"Soy adicta a los libros libros , amo leer, es una de mis pasiones ... me entregan tanto, pero tanto que imposible dejarlos .. Hoy en el te quiero recomendar mi último…"
joy,3854,0,original,"balón de fútbol trofeo | 2-0 | cronómetro 74' | ¡GOOOOOOL! del , Messi amplia la ventaja a favor Sigue aquí el :"
sadness,7356,0,original,"Una lástima lo de , una perdida incalculable. Eso si, más lastima es cuando desaparece la humanidad y no un patrimonio suyo. Eso pasa todo los dias, no abre noticiarios y los dirigentes mundiales no muestran su pena. Posiblemente porque ellos son los culpables."
surprise,5270,0,translated_en,¡¡¡¡¡¡¡¡¡¡¡¡¡¡¡¡¡¡¡¡¡¡¡¡¡¡¡¡¡¡¡¡¡¡¡¡¡¡¡¡¡¡¡¡¡¡¡¡¡¡¡¡¡¡¡¡¡¡¡¡¡¡¡¡¡¡¡¡¡¡¡¡¡¡¡¡¡¡¡¡¡¡¡¡¡¡¡¡¡¡¡¡¡¡¡¡¡¡¡¡¡¡¡¡¡¡¡¡¡¡¡¡¡¡¡¡¡¡¡¡¡¡¡¡¡¡¡¡¡¡¡¡¡¡¡¡¡¡¡¡¡¡¡¡¡¡¡¡¡¡¡¡¡¡¡¡¡¡¡¡¡¡¡¡¡¡¡!¡¡¡¡¡¡¡¡¡¡¡¡¡¡¡¡¡¡¡¡¡¡¡¡¡¡¡¡¡¡¡¡¡¡¡¡¡¡¡¡¡¡¡¡¡!!!!!!!!!!!!!!!!!!!!
disgust,1641,0,translated_en,"SAD! Ni Población habló o REVAMPS después de , mientras que más de $ prometido 's Iconic reconstruida me AlAqsa REBUILT, Amen"
joy,2553,0,original,"Leer quizás no te haga mas inteligente, pero te hará pensar, y el pensar te hace libre."
surprise,5212,0,translated_en,"1bn para reconstruir cuando la gente r en este mundo. ¿Valoramos un edificio más que la gente? ¿Qué tan rápido el apoyo una oportunidad de ser elogiado por . ¿Cuántos podría ese dinero ahorrar? Sí, es histórico pero un billón?"
disgust,5291,0,translated_en,Ella no olvidó... que el hecho de que no seas capaz de descifrar es tu problema...
anger,122,0,original,"ablación...; por los miles de gente que se ahoga en nuestras costas... que ver arder una Catedral, símbolo misógino, de poder y oscurantismo, de pedofilia, de mercantilización de creencias, etc. Qué quede bien claro"
others,3729,0,original,El me pilla trabajando. Y no es mal trabajo llegar a Barcelona avión aterrizando para retransmitir toda una semifinal de balón de fútbol cara sacando la lengua y guiñando un ojo cara sonriendo con ojos de corazón en
anger,5374,0,original,Ojalá todos despertemos de una vez y nos demos cuenta que solo tenemos un planeta ostia ya
others,6240,0,original,"Los usuarios, habitantes recurrentes de las también se suman y con su voz, rinden un homenaje a nuestro idioma."
anger,8347,1,original,"Me apuesto un guebo a que después del recuento, pase lo que pase, es culpa de los putos catalanes sediciosos nazis supremacistas y bla bla bla bla..."
others,1834,0,original,Ni bien empezó la batalla y ya derrotaron a los Dothraki
joy,3199,0,original,"bandera españa BARCELONA CAMPEÓN bandera españa El conjunto catalán se consagró campeón de tras derrotar al con un gol de . Con ésta victoria, el alcanzó 26 títulos de LaLiga."
sadness,154,0,original,"No puedo creerlo aún, que dolor ver estas imágenes , no puede ser , que triste cara llorando fuerte cara llorando fuerte cara llorando fuerte cara llorando fuerte cara llorando fuerte"
anger,64,0,original,"No soy católica, no voy a la Iglesia, y la religión es algo que la verdad me interesa poco y nada.. Pero de ahí a festejar el incendio de ? No"
sadness,7301,0,original,Me da pena leer que que “da mucha pena” el incendio mientras los pueblos indígenas sufren atrocidades cada día sin repercusión social.
others,4491,1,original,El okupa ya puede ocupar tu casaEl etarra puede pasear con tranquilidad. El presidente ya puede romper el pais
fear,3220,0,translated_en,La mejor manera que puedo explicar esta alegoría es que los representantes y es nuestra . Incluso con la muerte en nuestra puerta discutimos sobre el estatus mientras que los jóvenes nos ofrecen nuestros delgados destellos de esperanza
others,5671,0,original,Me voy a ir de este mundo sabiendo que el incendio no fue accidental. No me la creo.
others,8077,0,original,El número 600 y fue un poema de gol eres un amo del futbol trofeo
sadness,3788,0,original,Soy pobre y la no salió en el 7 cara llorando
anger,336,0,original,¿Soy la única que está temblando ante el riesgo de aluvión que se avecina de patrocinio mal entendido ' Vodafone Sol'? El derecho al es un derecho humano.
joy,2994,0,original,"libro abierto 7. Este tiene unos añitos, pero lo bueno nunca pasa de moda. ""Julen Guerrero, alma de ganador"" es otro repaso a una de las figuras del fútbol con una trayectoria de valores impecable en el . libros @8JULENGUERRERO"
joy,5950,0,original,"Que cómo llamaré a mi hija? ARYA. Y porque el apellido no se puede cambiar, que sino también."
joy,6281,0,original,"libro abierto Una trabajadora social de MSF ayuda a los niños a seguir con su rutina escolar en nuestra clínica en , por eso Nadler (en la foto), de 12 años, puede continuar con sus ejercicios de escritura y lectura."
joy,2281,0,original,"libros Directora nacional en inauguración en biblioteca de : “Estamos felices porque esta es la primera biblioteca pero el convenio abarca todos los centros cerrados de justicia juvenil, y ahora queremos expandirlo al área de protección”."
joy,4728,0,original,Que respiro me ha dado que los de la sexta digan que es casi imposible que pueda gobernar la derecha
sadness,7229,0,original,"Tragedia para la humanidad el incendio que afecta la Catedral de Notre Dame, Una irreparable pérdida que nos conmociona. , , ,"
surprise,3217,0,original,Según Messi es el 5to mejor jugador del mundo. cara revolviéndose de la risa cara revolviéndose de la risa
disgust,2040,0,translated_en,El rostro del socialismo: cuando un país se arruina hasta el punto de que los ciudadanos desentierran cadáveres para buscar objetos de valor...
others,3649,0,original,Da la sensación que Liverpool marcará el empate. Valverde necesita pensar en algo o el Barca la pasará mal.
surprise,5136,0,translated_en,VER: ¡Qué impresionante patada libre del capitán Lionel Messi contra el fuego!
sadness,281,0,original,"Una pena que se haya perdido tanta joya cultural, religiosa, paso obligado en París!! manos en oración tono de piel oscuro medio dhanelip mono con los ojos tapados cara llorando fuerte en…"
fear,5391,0,translated_en,Pedro Sánchez debe ser cauteloso con su alto índice de encuestas. Esto no asegura detener el grave peligro de su futuro gobierno que puede ser secuestrado por partidos más pequeños de derecha y separatistas.
anger,7704,0,original,"Pero venezuela no está saliendo de un problema, para entrar a otro mar grave , ahora si hay justificación para una guerra si ellos midan Moisés inician la guerra. No crean que la guerra es la solucion ."
anger,8324,1,original,"Hay que tener el culo demasiado demacrado y ser muy imbécil, además de julandrón, o ser una bollera demasiado acomplejada para alegrarse por el incendio en Notre Dame. Independientemente de lo mal que te caiga José Manuel Soto, la iglesia o el Papa. Bobos."
disgust,7081,1,translated_en,"No, pero la gente quejándose en las redes sociales sobre los spoilers son lo peor, todos sabíamos que este episodio estaba a punto de ser una locura, lo que tu estúpido culo haciendo en las redes sociales antes de que hayas visto el episodio cara neutral"
surprise,1490,0,original,No tengo palabras para el capítulo que acabámos de ver. No pienso hacer ningún spoiler porque es para vivirlo. Impresionante. No digo más.
disgust,126,0,translated_en,Episodio 83 - Consiguió dinero para la guerra pero no puede alimentar a los pobres
others,2104,0,original,Me he levantado a verlo. No hagáis spoilers y no le fastidiéis a nadie este gran capítulo.
disgust,6118,0,translated_en,Es terrible sobre el fuego de la iglesia pero gastar tanto dinero para reconstruir cuando tienen tantas personas sin hogar que necesitan ayuda... PRIORIDADES
joy,4477,0,original,Aún me queda fe en la sociedad española después de estas
joy,2703,0,original,La lectura es un maravilloso acompañante de niñ@s y adolescentes durante sus tratamientos!
sadness,7447,0,original,"Llora, Quasimodo, llora. El mundo llora contigo"
surprise,633,1,translated_en,¿Cómo se puede esperar que la gente duerma después de ese episodio?
others,6121,0,original,"Creemos que tenemos la respuesta a esta encuesta antes de hacerla, pero también era algo previsible el resultado electoral del y la gente votó en masa, así que lanzamos pregunta sobre : ¿cuál de estas batallas prefiere el fandom?"
others,3708,0,original,Dembelé malo y la RCTM
sadness,135,0,original,Ojalá que las lagrimas de millones de personas hubieran apagado el incendio. corazón roto
disgust,6592,0,translated_en,"no debe tener miedo de pedir lo que realmente es: un pequeño autócrata que se interpone en el camino del pueblo. o puede oponerse a la intervención o ayudar a la oposición, pero no puede pretender que Maduro es legítimo."
anger,8336,1,original,QUE COJONES HACE UN TERRORISTA COMO CANDIDATO AL CONGRESO? Debería estar prohibido por ley aunque sea por respeto a las victimas de ETA. Que poca vergüenza tenéis quienes lo votáis y quiénes queréis que haga coalición con el PSOE
others,5820,0,original,La década ganada. Y encima quieren volver. Diosssss
disgust,4091,1,translated_en,"No entiendo para qué es la vacilación en este momento, los militares deberían destruir cada pedazo de mierda y llamarlo un día. Forzar a los imperialistas a atreverse y traer a sus propios hijos a morir. Sólo las lágrimas de los padres blancos pueden y nunca han detenido a estos racistas."
others,1491,0,original,COMO ME DUERMO AHORA ES IMPOSIBLE SOCORRO símbolo de socorro símbolo de socorro símbolo de socorro símbolo de socorro símbolo de socorro
joy,3993,0,original,Me encantan estos con incluidaSemifinal IdaBarcelona botón vs Liverpool
disgust,270,1,translated_en,Realmente decepcionante ver esto... ¡Qué idiota!
joy,4890,0,original,"Esta es la victoria más satisfactoria de la izquierda española desde hace años. Era una jornada para combatir juntos al enemigo común y entenderse por el bien general. La izquierda arrasa cuando la derecha avanzaba. Ni un paso atrás, y unidos vencemos"
anger,5977,0,original,Rosalía Me traicionaste .... por la espalda..
disgust,6506,0,translated_en,"Un amistoso recordatorio de que nuestro Primer Ministro se negó a reunirse, un héroe del cambio climático, pero dio la bienvenida al príncipe heredero, que acaba de decapitar y crucificó 37 prisioneros, incluyendo adolescentes incriminados por confesiones forzadas."
joy,2177,0,original,"Lean porque es bonito, lean hoy y lean todos los días corazón brillante"
others,7079,0,original,Hoy a las 12:00 les estudiantes se suman a la huelga internacional contra el cambio climático. megáfono No hay planeta B globo terráqueo mostrando europa y áfrica
anger,7647,1,original,Que lindo es estar SIEMPRE de este lado lindo de la grieta.. Gente resentida.. pobres de alma
others,1007,0,original,Cto falta para q diga algo de o va a seguir apañando a un dictador?
joy,4455,0,original,Ahora tocan cuatro años de tranquilidad (espero)
anger,8230,0,original,"No entiendo nada. Nos va a tocar comernos otros 4 años de subidas de paro, de paseos con el Falcón a nuestra costa, de inmigración ilegal y efecto llamada, de subidas de impuestos y pactos con los que quieren destruir nuestro país. No me lo explico."
disgust,1085,0,translated_en,"es desgarrador como el infierno, pero también lo es la hipocresía de levantar 10’s de millones durante la noche para un ‘monumento viejo’ cuando su gente está sin hogar y muriendo en las calles. Priorice."
joy,2306,0,original,Qué bonito lo que hizo el hoy por el :)
anger,8223,1,original,"Bueno, de momento vamos por dos millones de nazis o ignorantes imbéciles en el país"
others,3351,0,original,"balón de fútbol temporizador ¡Descanso! Barcelona 0 - 0 Levante El dominio del Barcelona es absoluto, pero la balón de fútbol no ha querido entrar y el título de sigue en el aire. Apuesta aquí dorso de mano con índice a la derecha"
anger,7554,0,original,"A la gente toda mierda le molesta, si te gusta una serie te critican, si sientes empatía por el incendio en , si tu youtuber favorito llega de visita a tu país. Toda mierda le molesta a la Gente"
disgust,2958,0,translated_en,Messi necesita volver a su planeta de origen ahora que ya no es divertido la cabeza explotando
sadness,7863,0,original,"Me siento egoísta, aquí preocupada por los exámenes y a punto de morir rodeado de caminantes blancos luna nueva con cara mujer con la mano en la frente tono de piel oscuro medio"
joy,2184,0,original,"Bendita lengua que por donde quiera te encuentro y saboreo por todas tus rimas y arrimones, bendita lengua Española, castellano mexicanizado, sincretismo y vida para millones de parlantes y para los mudos también, y para los q sueñan, más"
joy,4137,0,original,"de pie 90mil personas aplaudiendo a lucho , un master!!"
others,4221,0,original,"Veré el juego de la entre tomando un café en un en Caracas comiendo unas ricas venezolanas con el del país, un libro de historia latinoamericana y escuchado Para ser ""Políticamente Correcto"""
anger,7757,1,original,"Tengan en cuenta, lo gratis termina saliendo CARO. Y créame que MUY caro. ¿De que sirve un paro para quemar colectivos? El problema empieza cuando creemos que los culpables son los políticos, cuando ni tu mismo te revisas la cagada que le haces a tu país."
anger,1000,0,original,"¡AY, POR FAVOR! Seguidores de Maduro marchan este para celebrar la salida del régimen de la OEA (+Fotos)"
surprise,4527,0,original,"Ahora solo cabe dar la enhorabuena al y acatar con respeto la decisión del pueblo (aunque, en mi caso, esté debatiéndome entre la incredulidad y el asombro)"
surprise,2096,0,translated_en,"Mi hijo vino a casa de la escuela hoy sin pantalones vaqueros, no sé cómo proceder con esto. ¿Algún consejo?"
others,1124,0,original,cámara de cine | Captan cuando tanqueta atropella a manifestantes en . Buscan la salida del gobierno en una tensa manifestación frente a una base aérea
disgust,4997,0,original,Quiere hacer el mismo concurso que en gran hermano VIP... Impresentable como siempre.. ¿ Le faltará algo que tenga que tomar?
joy,3732,0,original,¡IMPRESIONANTE! ganó 3-0 al con doblete de Lionel y gol de . Los catalanes tienen un pie en la final de Madrid.
others,6716,0,original,Primera batalla de hoy ganada botón de marca de verificación Vamos a por la segunda cara con frío cara con ansiedad y sudor espadas cruzadas
anger,8094,1,original,"Han ganado: Delincuentes, violadores, pederastas, okupas, etarras, independentistas y perroflautas. Disfruten lo votado."
others,2630,0,original,"""Si quieres hacer un regalo que perdure: Regala un libro, estarás regalando un tesoro muy valioso cañón de confeti cara con manos abrazando"
sadness,352,0,original,"Mi solidaridad con los parisinos, con la alcaldesa de París y con toda Francia por el incendio de la emblemática catedral de  , patrimonio arquitectónico, cultural y religioso de la humanidad. una pena"
others,6515,0,original,La precoz eclosión de Bryan Gil
disgust,8046,1,original,Hijos de puta los del Camp Nou en pitar el himno de la
surprise,4557,0,original,"Cuidado con este hombre, que cuando termine de analizar las se va con su diente de oro a robar a Macaulay Culkin en ‘Solo en casa’"
surprise,6024,0,original,Como cojones duermo yo ahora??????
joy,6753,0,original,"Esta Génova que no coge un alfiler, están los del eufóricos por este gran resultado cara llorando de risa cara llorando de risa"
sadness,5736,0,original,Hablan de reconstrucción de una catedral del siglo Xll . cara con ansiedad y sudor cara de frustración
joy,6461,0,original,Força Barça!! Campeones de un torneo largo durante años y años!!
anger,142,0,original,"Como historiador, como profesor y como persona inmersa en el área de los estudios patrimoniales, voy con una reflexión acerca de lo de , a ver si la gente que se alegra por lo que pasa se saca esa sonrisa necia de la cara:"
others,8245,0,original,Una postal de estos tiemposUna catedral ícono del catolicismo derrumbandose frente a musulmanas
sadness,183,0,original,"Y hoy todo mundo resultó Francés por el triste incendio de en Paris, es una pena si lo es, historia y belleza en una catedral pero fue un accidente y esas cosas pueden pasar cara con ansiedad y sudor"
joy,3426,0,original,Campeón de ... sin quitar el sufrimiento ... Con gol de ... Cómo tenía que ser ... cara radiante con ojos sonrientes cara radiante con ojos sonrientes cara radiante con ojos sonrientes
joy,4859,0,original,"Orgullo de un país plural, gracias España corazón morado corazón morado corazón morado"
sadness,7197,0,original,"Es triste y doloroso ver qué se ha quemado, es un monumento histórico que no tiene precio, pero también es muy triste ver que en menos de 24 h se han recaudado, cuanto? 700 millones? luego cuando hace falta para la gente que no tiene que comer hay que rascar"
sadness,363,0,original,Es tan triste ver esto cara llorando fuerte corazón roto Me hubiera encantado poder conocer bandera francia
anger,7691,1,original,No es es la policia de un hijo de re mil mierda
surprise,3571,0,original,Dios mio me emocioné con ese tiro libre
joy,3998,0,original,GRACIAS GRACIAS POR ESTE GANE. GRACIAS MESSI.
anger,5156,0,original,"Es alarmante que en todo el poder político de la CEE, no exista un solo líder político, con coraje , para decirle a los Europeos la verdad , y que tenga que ser una niña autista sueca la que informe de un inminente colapso ."
joy,2524,0,original,Soy totalmente Mis mejores compras van dentro de una bolsa amarilla con morado cara guiñando el ojo corazón brillante
joy,3027,0,original,&lt;3 esa sensación de leer una historia de terror. &lt;3
others,3295,0,original,Tendrá que entrar messi si queremos celebrar ahora está liga...
joy,940,0,original,Gracias por demostrarle al mundo que no todo está perdido.
disgust,7028,0,translated_en,No gustar es un defecto de personalidad
joy,2707,0,original,"Este sábado en Playa Lido estaremos dejando 20 Libros libres para que nuevos lectores los abracen y los disfruten, así celebraremos el"
others,1924,0,original,10 spin-offs de que nos gustaría ver tras el final de la serie
joy,4273,0,original,El mejor jugador que he visto
disgust,592,0,original,"Sabia que Abascal caca con ojos era poco espabilado y que sembraba odio en todo, pero emplear un accidente en para hacerlo, es lo más"
anger,8403,1,original,Dembele de mierda piernas chuecas regalaste dos goles barcelona habría ganado 5 a 0 joder
joy,4453,0,original,"GRACIAS Vox por unir a España. Habéis cumplido con vuestro objetivo, ya os podéis ir. cara llorando de risa"
joy,4465,0,original,"botón de marca de verificación Javier Sardá ACERTÓ en su quiniela de las yhoy estará en para comentar el panorama político actual tras los resultados gráfico de barras Y, por supuesto, viene a a ""HABLAR DE SU LIBRO"" libro cerrado cara sacando la lengua y guiñando un ojo ¡No os lo podéis perder! cara guiñando el ojo"
joy,692,0,original,Bueno si Leopoldo está en la jugada es una buena señal!
sadness,729,0,original,El periódico ya da por fracasado el levantamiento militar... parece que a Maduro no lo saca nadie.
joy,4272,1,original,El puto amo Leo Messi 600 goles
joy,6173,0,original,Este libro azul me lo regaló mi papá cuando yo tenía 12 años. Y para mí su contenido es un relato y su significado es la vida misma.
fear,7602,0,original,"El día después de las me meto aquí y lo que verdaderamente me da miedo son los tweets cargados de odio, mofa, burla, faltas de respeto... Qué pena que en tantos años hayamos aprendido TAN poco."
others,4798,0,original,"ÚLTIMA HORA exclamación doble Algunos medios de comunicación acusan a de hipócrita y machista porque “vota lo mismo que su marido”. Los mismos medios aseguran que “si Pablo Iglesias vota a Podemos, ella como buena esposa, también”."
anger,8246,0,original,Pero alguien duda de que el incendio de ha sido provocado?? De verdad sois tan inocentes?? Os la meten doblada y no os enteráis...
others,6083,0,original,¿Quién se queda con el trono? Hagan sus apuestas!
disgust,641,0,original,"Madre mía que horror!! Y en les defeinden. Miseria humana... que rabia, que impotencia ver esto y no poder hacer nada y tener en nuestro país a gentuza que lo defienda!!!"
disgust,4084,1,translated_en,No nos mientamos a nosotros mismos.... ese episodio fue realmente un poco mierda.
disgust,7920,1,original,"La gente que os creéis mejor o os sentís ""LOS ELEGIDOS"" por no ver Juego de tronos, sois tontos o abrazáis cactus..."
sadness,540,0,original,Pasaremos a la historia como la generación que perdió el Museo de Historia natural de Brasil y la Catedral de . Ahora si somos pobres de verdad...
sadness,444,0,original,Algunas de las peores tragedias del mundo han sucedido un 15 de abril de diferentes años; ayer se sumó una más con el incendio en la Catedral de cara desanimada dorso de mano con índice hacia abajo tono de piel claro medio (vía Noticieros En Línea )
surprise,6004,0,original,¿Ha sobrevivido FANTASMA a la Batalla de Invernalia?
joy,2974,0,original,"¡Cómo nos ha gustado ver hoy por Barcelona a firmando ejemplares de 'Rojo' y 'Caminantes'! Sin duda, este ha sido un de miedo. cara sacando la lengua y guiñando un ojo flecha top rosa libro abierto"
others,3163,0,original,trofeo | balón de fútbol bandera brasil El mejor Coutinho se gana la titularidad ante el
anger,1486,0,original,"Que ansia la gente por contar un capítulo, no lo entiendo cara sin expresión"
sadness,7231,0,original,Triste ver tanta historia perdida en solo momentos cara agotada
sadness,6110,0,original,Estan conscientes que esta noche nos toca despedirnos de algunos personajes de
disgust,1026,0,translated_en,"Las decisiones de la historia no hicieron ningún maldito episodio 3 sentido, pero se divirtieron mucho discutiendolo."
others,3300,0,original,balón de fútbol “Lo extraordinario es que parezca normal”.
sadness,4277,0,original,Resultado injusto. Un Barça mediocre se lleva una ventaja excesiva
sadness,7368,0,original,"Llora el mundo, llora París, lloro yo"
surprise,6814,0,translated_en,Y ambos en una noche... no estaba preparado para una montaña rusa tan emocional.
joy,3339,0,original,en su momento más emocionante. Vamos a vivirlo juntos.
sadness,702,0,original,Que esta pasando!! Los venezolanos estas sufriendo.. cara llorando cara llorando cara llorando Oremos por Venezuela.. Espero que todo esto termine cara desesperada cara desesperada
sadness,7212,0,original,"Lamentable pérdida de riqueza histórica y arquitectónica, pero aún así seguirá siendo el icono en que ha sido cara desanimada No cabe duda que saldrá de las llamas como el Ave Fénix para su reconstrucción y puesta en funcionamiento de nuevo! bíceps flexionado tono de piel claro"
others,1726,0,original,Solo hace falta comerme otro spoiler de que entonces ya me da algo. Luego veo sin falta el capítulo y así puedo volver a usar las RRSS con normalidad cara de alivio cara de alivio cara de alivio cara de alivio cara de alivio
joy,6595,0,original,Empanadas para el festejo y ahora Theeeee Champiooooooonsssssss notas musicales notas musicales notas musicales nota musical nota musical nota musical
sadness,1536,0,original,Real que llevo toda la mañana esquivando spoilers de en el curro. Estoy pasándolo mal.
others,1167,0,original,No hay poder sobre la voluntad del pueblo
sadness,221,0,original,Que tristeza ver Notre dame en estas codiciones un lugar muy lindo
anger,670,0,original,"Si frente al intento de golpe de Estado en coincidiste con Pompeo, Trump, Duque y Bolsonaro, revisa tu liberalismo, es muy posible que se incline más a la derecha de lo que pensabas."
others,2282,0,original,"Hoy el entre mis recomendaciones está la biografía de Cocó Chanel y el libro de inteligencia emocional, de las dos lecturas obligadas para mí."
anger,7892,1,original,NO SUELO TWITTEAR NADA DE GOT PERO NO HAY PUTAS PALABRAS NI MAYÚSCULAS QUE DESCRIBAN ESTO
others,6142,0,original,"|Próximamente la llevará a cabo la VI Feria del libro,donde se podrán adquirir libros de texto, publicaciones y revistas de interés jurídico y otras áreas de conocimiento"
others,6096,0,original,modo ultra instinto La más de todo
anger,1152,0,original,"Si no aceptan una revolución popular violenta ¿Por qué si un golpe de Estado en Venezuela? Hipocresía ideológica liberal, socialdemócrata y reformista del mundo entero. La lucha de clases, ni la historia han acabado"
disgust,2189,0,translated_en,"Más noticias falsas, mentiras y propaganda."
anger,8298,1,original,"La sexta, tu televisión de izquierdas, retransmitiendo el discurso de principio a fin de la ultraderecha. Escoria!!"
joy,2495,0,original,Viaja a través del tiempo y descubre la historia del Ferrocarril más difícil del Mundo forjado con las manos de hombres y mujeres asombrosas y llena tu conocimiento con la lectura. Feliz
surprise,4698,0,original,I lo de Franco pa cuando!!!
sadness,7427,0,original,Lo que puede destruir el fuego! qué pena ver cómo devora lo que encuentra en su camino¡qué pérdida cultural más desgarradora! Las dos torres por lo menos parece que se han salvado y la estructura también...
sadness,357,0,original,Con el accidente de la catedral (gran acontecimiento que marcará la historia mundial) se debe dar inicio a una quinta EDAD. No deberían dejar pasar por alto eso... Es muy triste y conmocionador lo que ha sucedido cara llorando corazón roto
sadness,198,0,original,"Patrimonio, historia, fe y religión son palabras que identifican a la Catedral de . manos en oración tono de piel claro Unidos en oración y solidaridad con toda la feligresía francesa por tan triste acontecimiento."
sadness,55,0,original,"Estoy tan triste, que lastima, que gran perdida cara llorando"
sadness,7858,1,original,En Juegos de Tronos va a ver una matanza puñal martillo y pico pues en España va a ver otra.... el mundo se va a la mierda cara llorando fuerte cara con símbolos en la boca cara de frustración
sadness,5188,0,original,"¿Para qué ir a la escuela si en los próximos diez años no habrá un planeta habitable? ¿Para qué aprender un montón de datos, si los datos que importan a nadie le importa?"
sadness,7238,0,original,", es hora de volver a lo esencial volver a la Virgen María y que ella nos lleve a Dios (Jesús). Nuestra fé no está en Catedrales aunque si es triste ver patrimonio perdido."
joy,1762,0,original,"¡Bueno, bueno, bueno, qué barbaridad ! ¡Qué maravilla de capítulo! ¡Una obra maestra! ¡Estoy llorando de la emoción! ¡Bravo! ¡Gracias!"
joy,6516,0,original,"CAMPEONES, CAMPEONES, OLÉ, OLÉ, OLÉ!"
joy,3330,0,original,"""Lo extraordinario es que parezca normal"". Grandes. corazón rojo corazón azul ."
others,1923,0,original,La musiquita de bueno pues aquí
fear,1160,1,original,Tanquetas militares arrollan a manifestantes en Caracas |VIDEO ►
sadness,7404,0,original,"Yo NO CREO en las casualidades. Un devastador incendio en , un Lunes Santo. Cómo quisiera equivocarme... porque al margen de las incalculables pérdidas, la tragedia en sí misma representa muchas cosas que como católicos debemos comprender y meditar desde la fe."
disgust,5324,0,translated_en,"¡No te acerques, pero deja pasar a la caravana de migrantes!"
joy,3276,0,original,"Gracias a un gol de , el superó al por 1-0 y se proclamó rey de . trofeo"
others,915,0,original,El Universo dando catedra sobre como aparentar ser un medio serio e imparcial y fallar en el intento cara sonriendo con los ojos cerrados
disgust,4807,0,translated_en,Las fuerzas de seguridad de Maduro están bloqueando la marcha de la oposición hacia Miraflores
sadness,7297,0,original,"Sr. todos los Europeos,de bien; nos sentimos consternados por este hecho. Desde España, lamentamos esta tragedia ya que Notre Dame y la isla de la cité es lo primero q solemos visitar. Un cordial saludo al Pueblo Francés."
others,6555,0,original,NO. MESSI ES DE OTRO MUNDO. NO ES HUMANO. cara sonriendo con ojos de corazón cara sonriendo con ojos de corazón fuego balón de fútbol manos en oración manos en oración manos en oración manos aplaudiendo manos aplaudiendo manos aplaudiendo manos aplaudiendo manos aplaudiendo manos aplaudiendo manos aplaudiendo manos aplaudiendo manos aplaudiendo manos aplaudiendo manos aplaudiendo manos aplaudiendo manos aplaudiendo manos aplaudiendo
joy,2806,0,original,"Felicidades a todos los lectores, en fomentamos la lectura para jóvenes, niñas y niños"
disgust,244,1,translated_en,"La mano derecha de Satanás empuja hacia la guerra civil y el estado fallido en . Las administraciones de EE.UU. y sus aliados tendrán TODOS los sufrimientos de este fiasco demoníaco puesto a sus pies cuando lleguen al Infierno. Lo mismo se aplica para , , , SUFRIENDO"
joy,4020,0,original,A quien no le gusta Messi no le gusta el buen futbol!. Genio!!
disgust,8083,1,original,apestas a campeon... Te odio.
joy,1470,0,original,Estoy convencido que lo que acabo de ver es una OBRA DE ARTE. Arya te amo corazón rojo
sadness,6166,0,original,"libros libro abierto gráfica de evolución descendente De acuerdo con los resultados del Módulo de Lectura (MOLEC) de 2019, hay una disminución de la población lectora de libros en México, pues ha pasado de 50.2% en 2015, a 45.9% en 2016, 45.3% en 2017, 45.1% en 2018 y 42. 2% este año"
joy,2930,0,original,Feliz día del libro! Nada mejor que terminar el día con un poquito de lectura corazón rojo
disgust,3020,0,translated_en,"todo debido al liderazgo criminal - Venezuela es rica en petróleo, rica en recursos, un país frente al mar Caribe - debe ser una de las economías más fuertes de la región"
joy,2266,0,original,"Feliz día del libro, y sean todos bienvenidos porque hay para todos los gustos. Siempre lleven un libro con ustedes.."
surprise,5993,1,original,Uta madre lo que necesitamos...
others,2803,0,original,"Ahora resulta que todos bien ""leidores"" ¡¿no?! ..."
disgust,7721,1,original,"Como llora el maricon barrabrava, que se hizo el matón frente a la embajada de"
fear,5085,0,original,Que miedo da escuchar a Vox...
disgust,2549,0,translated_en,"Está bien, hombre, se enojó sin resentimientos. significa que la construcción va a ser reconstruida por robots y comités multiculturales, convertirse en un hazmerreír y, en última instancia, simbolizar la derrota de la tradición europea."
anger,7555,0,original,Ahora saldrán culpando a los y se juntarán nuevamente las hienas mundiales para salir a asesinar a diestra y siniestra a ese pueblo digno y con mucha mas historia (destruida por los invasores gringos) que la almacenada en esa catedral de
joy,2317,0,original,Uno de los mayores y más valiosos aprendizajes que pudo obtener el hombre fue haber aprendido a leer
others,8236,0,original,“Hemos venido aquí para hacerles saber que el cambio está llegando os guste o no. El poder real pertenece al pueblo” manos en oración tono de piel claro manos aplaudiendo tono de piel claro manos aplaudiendo tono de piel claro
others,1693,0,original,Sigo teniendo esperanzas de que sea Gilly. ¿Qué pasa? ¿No es lo suficientemente guapa para el Trono de Hierro?
joy,6362,0,original,¡BARCELONA CAMPEÓN DE ESPAÑA! Con gol de supieron superar al y supieron levantar una vez más el trofeo. Es su Liga Número 26.
sadness,7386,0,original,"Decir que se está triste por lo de tal vez sea exagerado, pero el jugarle al desestimar que es algo trágico por quedar como interesante es patético, muestra falta absoluta de cultura y algo peor, demuestra que son los nuevos “únicos y diferentes” PENDEJOS."
joy,5009,0,original,"Hoy me siento orgulloso de mi país, así sí bandera españa"
others,4653,0,original,"El bueno, el feo y el malo"
disgust,2346,1,translated_en,Tu democracia apesta como un golpe de estado.
joy,7148,0,original,"Valverde: ""La temporada es un éxito y ya podemos hablar de conseguir un doblete"" flecha hacia la derecha ""Messi es el centro de todo esto, su época en el Barcelona es la que marca"""
surprise,1547,0,original,"En shock, con el corazón a mil por hora. Brutal este capítulo. Love , emocionante! cara sonriendo con ojos de corazón"
joy,3603,0,original,Increíble! No hay palabras. Solamente EL Messi. manos aplaudiendo manos aplaudiendo sombrero de copa balón de fútbol
others,1296,0,original,Su tuit no refleja más que la ignorancia de la persona que lo ha escrito.
joy,1376,0,original,"Buenísimo el último capítulo de , ya está la segunda Temporada?"
disgust,5903,0,original,"Los gobiernos de y , miembros del , ""conminan a a cesar la usurpación, para que pueda empezar la transición democrática"" en"
joy,4167,0,original,"Tod@s los que vayáis al estadio hoy tenéis que ser nuestros ojos,nuestros oídos,nuestra garganta,nuestra fuerza,nuestras palmas,nuestros gritos... nuestra alma .... hacedlo por nosotros q apoyaremos desde casa!"
joy,3304,0,original,Gracias un nuevo título para el puto amo del fútbol mundial.
joy,65,0,original,¡Gracias a Dios! Las llamas de este incendio fueron controladas manos en oración tono de piel claro bandera francia Mucha fuerza chispas Pronto volveremos a ver brillar esta hermosa estructura que peores momentos se ha enfrentado dedos cruzados tono de piel claro espadas cruzadas
disgust,590,0,translated_en,Es ridículo cómo obtienes 750 millones de euros por una atracción turística quemada tan rápidamente. Como si no hubiera compañías de seguros cubriendo este daño por incendio.
anger,7820,1,original,"Y cuanto vale el apoyo de esas ratas? Recordemos que somos ""insignificantes"" ante el mundo así que vale mierda si la apoya o no lo que pase en"
joy,1960,0,original,La verdad Theon es uno de los personajes que más me sorprendió. Se ganó mi odio y luego todo mi amor.
disgust,2667,0,translated_en,"El intento del imperialismo estadounidense de nombrar a Juan Guaidó gobernador de la colonia a través del golpe no puede ser aceptado. Puede que esté dispuesto a ser un gobernador de la colonia postmoderno. Pero nosotros, Turcos y gente de otros países estamos seguros de que la gente de no permitirá este acto deshonroso."
sadness,109,0,original,"Desaparece unos de los monumentos más grandes no solo de Europa, sino del mundo y que haya algunos que se ría de una catástrofe de esta dimensiones no tiene precio.. cuanta incultura."
anger,7819,0,original,Venga libérate de semejante dictador que es capaz de mandar atropellar a manifestantes.
surprise,6810,0,original,Me comentan que Thanos ha utilizado el guantelete con los votos del PP
anger,6615,0,original,"Quien crea que eso es mano del Liverpool, o le va al Barca o quiere que los jugadores jueguen sin brazos."
disgust,7797,1,original,"“Este es el corrupto, ilegítimo régimen de Maduro.”"
anger,123,0,original,los cabeza de termo festejan porque son ignorantes... alguna vez los viste agarrar un libro de historia?
others,2120,0,original,Crítica de 8x02: Caballero de los Siete Reinos. La esencia de regresa
anger,356,0,original,"Pues me da muchísima pena lo de pero estoy indignada con que se done tanto dinero para restaurarla, habiendo tanta gente por ahí muriéndose de hambre y de enfermedades"
joy,235,0,original,¿Quién les iba a decir a los de que se enfrentarían a este incendio? Gracias por luchar contra las llamas y evitar una tragedia mayor. corazón rojo bandera francia corazón rojo
disgust,1925,0,translated_en,"Lógica sueca cara revolviéndosis de la risa cara revolviéndosis de la risa cara revolvéndosis de la risa cara revolvéndosis de la risa 15 años-o chica que se une a ISIS es demasiado joven para saber lo que ha hecho, pero la chica de la misma edad es experta.""No sé sobre energía nuclear, sólo soy un niño"" - dijo"
disgust,4544,0,translated_en,India todavía está luchando con este libro en. Es por eso que está pateando. No se puede mantener a la gente libre encadenada y amordazada para siempre.
anger,205,0,original,"no se ha quemado, la han quemado que es muy muy diferente. Cuando quieran que digan la verdad ¿O a caso no interesa?"
joy,8180,0,original,"Ana Rosa Quintana pensaba que mañana iba a tener la entrevista que todos los medios iban a querer, con Abascal como alguien determinante en las elecciones y se va a comer un mojón bien grande cara llorando de risa hombre bailando"
surprise,1191,0,translated_en,¡Vaya! ¡Qué maldito gol!
surprise,1791,0,original,"Que nervios!!!! aquí esperando quien más llega cara revolviéndose de la risa , Ya alistándose para la batalla!!!! Me va a dar cara agotada"
anger,8356,1,original,Pero quién cojones vota a los payasos de ciudadanos hostia puta
anger,328,0,original,"Yo no sé qué es más odioso con relación a , si los que quieren hacer suya la tragedia (subiendo sus fotos personales) o los que se enredan en la bandera decolonial diciendo que Francia ha destruido el patrimonio de otros países y nadie lo lamentó."
anger,4390,0,original,"Pablo Iglesias le salvó el culo al PSOE en el debate televisivo, mientras Rivera le daba por todos lados. Sería una injusticia tremenda que pactase con Ciudadanos."
joy,1423,0,original,"Vale la pena esperar 10 años para ver este pedazo de capítulo de , Impresionante, una maravilla."
joy,6622,0,original,Fue Una Linda Tarde De manos abiertas balón de fútbol
joy,4895,0,original,Me siento feliz la verdad.
sadness,7414,0,original,"El mundo llora la trágica perdida que se vivió hoy en París, Notre Dame."
surprise,1750,0,original,Ando en shock. Flipando. Y todos los adjetivos que queráis poner. es la mejor serie que veremos/veréis en vuestras vidas.
joy,3410,0,original,VISCA BARÇA! Vamos por La Liga! Aunque la defensa del no se lo está poniendo fácil.
sadness,7512,0,original,"Repetir en no es la solución. ¿Cómo es posible que se olvide la historia? ¿Cómo pueden pedir ser invadidos? Una vez que Estados Unidos este allí nunca más van a ser libres, van a sufrir de discriminación en su propia tierra por el color de piel."
others,2152,0,original,"bandera triangular La Ama, Reina y Salvadora de los Siete reinos puñal corazón rojo"
disgust,3042,0,translated_en,"El único comentario que me hizo mi prometido fue ""ahora no podremos verlo en nuestra luna de miel""."
others,7947,1,original,"Arya Stari eres la puta ama, espero no muera, merece ser feliz"
sadness,99,0,original,"Por mayor decadencia en valores que se destapen en curas por estos tiempos, sinceramente, espero que no caigan catedrales, iglesias; ni arquitectura, ni la historia."
sadness,494,0,original,"Lamento profundamente lo ocurrido en París, muy triste tanta historia en llamas...187 años de Construccion,674 años de Historia, Un par de horas para perder. . La estructura podría salvarse vamos a ser optimistas."
sadness,1502,0,original,"Edd el penas, el lord comandante 1000, deja su guardia y descansa con sus otros hermanos juramentados de la guardia de la noche que ya no vieron la luz del día."
sadness,2063,0,original,"Arya no te merecemos, perdón por tan poco cara llorando fuerte cara llorando fuerte cara llorando fuerte"
sadness,170,0,original,Qué lamentable el incendio en la Catedral de y justo en Semana Santa.
anger,8397,1,original,"Pocas cosas son tan imbéciles como la izquierda argentina! Hippies con OSDE que se cagan en las verdaderas víctimas y tienen el tupé de querer explicarle a ellos, los venezolanos, qué pasa en !!! Son mono , allá atrás en la escala zoológica..."
surprise,1565,0,translated_en,"Simplemente no puedo imaginar por qué estas reliquias no están en cajas fuertes retardantes de fuego. Como católico (y han estudiado arte incl historia del arte), la Iglesia necesita 2b FAR más cuidado a partir de ahora. Para pensar que cualquier reliquia podría haberse perdido, WOW, loco."
sadness,1478,0,original,"Estoy mal, me siento mal, estoy llorando desde que murieron los dothraki."
others,3630,0,original,"Muchos errores del Barcelona en el segundo tiempo, que el Liverpool no ha podido aprovechar"
others,4156,0,original,"l micrófono de estudio ""Estamos en un momento muy lindo. Tenemos que estar unidos: jugadores y afición. Lo vamos a conseguir juntos. No es momento de criticar a nadie. Es feo ver que despidan a Coutinho así. No entro si estuvo bien o mal. Hay que estar juntos""- Messi"
anger,3593,0,original,Me decepcionó el. No supieron aprovechar y estará imposible remontar. Mi quiniela a la basura.
joy,3309,0,original,TERMINA EL PARTIDO! círculo azul círculo rojo BARCELONA es CAMPEÓN trofeo de para segundo año consecutivo. Derrota por la mínima al Levante y festeja un título más. balón de fútbol Messi.
joy,546,0,original,": la ""estructura"" del monumento pudo ser salvada ""en su totalidad"", según los bomberos franceses. Los trabajos para apagar las llamas por completo continúan. [ct]"
others,8290,1,original,El movimiento de Suárez no mamaaaaaarrrrr
disgust,6673,0,translated_en,& su patada lateral debe estar orgulloso de sus camaradas socialistas.
joy,4999,0,original,Esto si que es la auténtica Marca España. Gente de todas las edades que apuestan por el futuro y no por la vuelta al pasado.
surprise,1643,0,translated_en,¡El canciller venezolano ha publicado una respuesta a la amenaza!
joy,5128,0,original,"Orgullosa de ver cómo mi ciudad se ha vestido de rojo enserio , había tanto miedo porque gobernara la derecha pero tanto y aunque no haya terminado yo ya veo al país de rojo rosa palo de corazones"
joy,7868,1,original,"Los últimos 10 minutos del capítulo.... me cago en todo, jodida puta obra maestra!!!!!!!!!"
disgust,5460,1,translated_en,"Así que de vuelta en twitter y lo primero que veo es el ser instrumentado para la vil propaganda de extrema derecha cuando ni siquiera ha pasado un día, en un contexto que está directamente fuera de la boca espumando teorías de conspiración. /1"
joy,2890,0,original,La felicidad cuando acabas una novela inolvidable
anger,8318,1,original,"«Hoy dejé de seguir y bloqueé a 10+ personas que celebran el incendio de . No sois ~guays~ ni ~críticos con la religión~: sois unos imbéciles enemigos de la cultura y no sois distintos de los de EI, felices cada vez que revientan un hito cultural. Asco de gente así»."
disgust,5839,0,translated_en,¿Qué pasa si hicieron Arya el héroe en este episodio sólo para que ella muera en el próximo episodio. Voy a demandar a los productores por la presión arterial alta gruesa y trauma emocional si eso sucede. Idc!
disgust,3242,1,translated_en,Si tuviera síndrome de Asperger ella no vería el punto de hablar en público. Autismo se ha convertido en una elección de estilo de vida de moda. Vergüenza en ella.
sadness,7240,0,original,Una lamentable tragedia histórica cara llorando
others,2727,0,original,"«De los diversos instrumentos del hombre, el más asombroso es, sin duda, el libro. Los demás son extensiones de su cuerpo. (...) El libro es una extensión de la memoria de la imaginación». (el maestro Borges)"
others,1324,0,original,"Venezuela: La derecha, ataca de nuevo. | Otra Voz"
disgust,3330,1,translated_en,¿Por qué es que los multimillonarios pueden prometer 600 millones en menos de 24 horas para ayudar a arreglar el edificio pone en perspectiva lo fácil que la gente rica podría ayudar a resolver los problemas del mundo si les importa!!
disgust,6424,0,translated_en,Condenamos el intento de golpe apoyado por Estados Unidos por la oposición de hoy! Es vergonzoso y la dirección respalda este intento ilegal de golpe de Estado para derrocar al gobierno legítimamente elegido de Venezuela.
joy,4321,0,original,Que bonito es lo bonito!!! balón de fútbol chispas Estos fueron los mejores momentos de la victoria del 1-0 al en la
joy,4424,0,original,Maravillosa la gente que hay en Ferraz. Espero que lo escuches
surprise,4415,0,original,Acabo de escuchar que el ha defendido la ley contra la violencia de genero? wtf?
anger,8235,0,original,No me creo que la hayas oído y creas q es un títere. Como si le hicieran puto caso!!
sadness,340,0,original,"Triste, muy triste lo de . Cómo pudo pasar? Hora de poner atención en lo que hacemos va? Quizá un error por eso, que por pequeño que parezca un descuido, un “ahí se va” puede derivar en algo catastrófico."
others,7927,0,original,"Hay más mala leche, celos y tensión en una sola reunión de las WAGS del FCBarcelona que en todas las temporadas de"
joy,6586,0,original,Pero que lindo que es el fútbol pibe! Que lindo es ver jugar a Messi!!
others,2486,0,original,"Leed, leed, malditos... y seréis dioses."
others,3112,0,original,Tantas formas de disfrutar un buen libro. ¿Cuál es tu favorito?
anger,4980,0,original,Bueno pues tenemos un presidente que reconoció a un fascista que levantó la mano en una plaza y se proclamó dirigente de una nación soberana en la que se habían realizado elecciones unos meses antes.
joy,3893,1,original,el puto amo 3- 0
sadness,7250,0,original,El llora tu pérdida mas de 500 años de historia se fueron entra las llamas.
others,3277,0,original,"Barcelona campeón de la , triunfo 1-0 ante Levante con gol de Messi. Otro título para bandera uruguay"
anger,8365,1,original,Salvajes Animales Drogados de odio y corrupción
joy,2384,0,original,¡Feliz ! libro cerrado Cuéntanos ¿Cuál es tu favorito?
joy,1366,0,original,¡QUE FINAL! TE AMO ARYA corazón rojo
joy,2314,0,original,es complejo y hermoso. Que vivan la perífrasis! dos corazones
joy,2471,0,original,"Voy a actualizar y estoy emocionada por ver los cambios, será coincidencia que sea hoy ? cara pensativa ya sabremos por qué página vamos cara llorando de risa cara llorando de risa"
joy,3052,0,original,I'MPERFECTAMENTE SEXY: Os recomiendo muchísimo este libro. Cuando lo leas seguro que le das una vuelta a tu idea de lo que es ser sexy... marca de beso marca de beso
disgust,5672,0,translated_en,"LEAD STORY: The Mail son los maestros de los asesinatos pasivos de carácter agresivo; aquí están discutiendo el cuerpo de las madres, su limitada fama, las ‘vistas barridas’ de su hogar; solo citando a sus críticos mientras se lamentan del mismo cinismo que están promoviendo felizmente."
others,7723,1,original,"Pobres, escuchando los “sinsentido” de un viejo mión, pendejo, limítrofe y de pilón apestoso..."
anger,5446,0,original,"Los ecologistas se han valido de todo en su ideología fatalista. Primero las ballenas, ahora los niños. Es irresponsable la campaña con la impávida e inexpresiva jovencita sueca"
surprise,1665,0,original,ME ACABAN DE DAR 8 INFARTOS. VAYA CAPITULAZO. QUE TENSIÓN. AHHHHHHHHHH.
surprise,3437,0,translated_en,Por mucho que odie Liverpool este juego habría sido un gran final manos aplaudiendo balón de fútbol
anger,4817,0,original,En shock por ver que en pleno siglo XXI siga habiendo tanto extremismo. Me parece indignante..
disgust,6173,0,translated_en,"Oye, ¿por qué no les ayudas? Sólo eres un estafador y cada uno con cualquier inteligencia lo ve - vete y llévate contigo. Podrían utilizarte 2 en"
joy,2940,0,original,"Extraordinaria Carmen Linares, grande del cante flamenco, hoy en el Festival Tío Luis el de la Juliana que organiza Colegio Mayor Universitario"
others,6495,0,original,bandera españa ¡Se termina el primer tiempo! 0-0 EN VIVO:
joy,1623,0,original,"Increíble , puedes intentar contarlo a la gente pero esto solo se entiende si lo ves. Lo mejor que he visto nunca"
joy,3369,0,original,Bueno a levantar la 1era Copa bíceps flexionado
joy,3458,0,original,bandera colombia ¡AAAARIAAAAAS! bandera colombia en el XI inicial de para enfrentar a en bandera españa trofeo balón de fútbol Sigue el aquí:
anger,7779,1,original,"Me hace mucha gracia que en se diga ""el régimen de "", cuando Maduro no ha hecho régimen en su puta vida"
others,829,0,original,"Secretario general de la OEA manifestó su apoyo a la adhesión de militares a la Constitución: ""Es necesario el más pleno respaldo al proceso de transición democrática de forma pacífica"" cámara con flash /@EFEnoticias"
joy,2774,0,original,Este es uno de mis favoritos. Me lo regalaron mis papás y lo amé. Lo tengo desde septiembre del 2017. globo fantasma corazón rojo
disgust,3145,0,translated_en,La nación más rica en petróleo del mundo.
others,5885,0,original,"CRISTINA ES MADURO Y MADURO ES CRISTINA, NUNCA NOS OLVIDEMOS DE ESO"
others,5827,0,original,"Horas claves... ¿Negociación, midiendo fuerzas???"
anger,8391,1,original,"Siento lo mismo, vergüenza y asco me dan los sindicalistas delincuentes y los zurdos patoteros que destruyen todo lo que tocan!"
anger,7574,0,original,"no empecéis con las polladas de pucherazo y mierdas. El sistema español es absolutamente fiable. Siempre. Se llama democracia, nos guste o no."
others,5434,0,original,Un millón de especies en peligro de extinción
sadness,298,0,original,"En nos hacemos eco del desastre provocado por el incendio de iglesia Nos entristece ver cara llorando bandera francia corazón rojo - : ""En cualquier caso, y dentro de la desgracia, al menos hay una cosa buena: que no hubo que lamentar víctimas."""
fear,724,0,original,"Al parecer hoy será un día definitivo, varios militares se han revelado en contra de la dictadura de Nicolás Maduro y la oposición esta unida!!! Esperamos a Además, tengo familia allá que seguramente esta arriesgando la vida por su patria!!!"
joy,5968,0,original,Preparada para una noche que vamos a recordar toda la vida.
anger,632,0,original,".@bbcmundo el presidente interino de no se ""AUTOPLOCLAMÓ"". Él el legítimo presidente de Venezuela de acuerdo a la Constitución. El único ilegítimo usurpador es que debe irse porque el pueblo quiere una"
surprise,8198,1,original,"madre mía, el país parece ser que se va a la mierda..."
joy,2549,0,original,Feliz día del libro a grandes y a niños! Cuál es su libro favorito para leer con sus hijos y/o sobrinos?
joy,4126,0,original,Gol de Lucho Suarez!! 1-0 gana Barcelona
anger,8043,1,original,DARLE UNAS PUTAS GAFAS AL ARBITRO
anger,8380,1,original,La policía de reprime gravemente al retrasado mental a favor del gobierno asesino de
others,2386,0,original,"Conmemora y celebra el con el objetivo de fomentar la lectura, la industria editorial y la protección de la propiedad intelectual por medio del derecho de autor."
anger,6082,0,original,"Va a morir hasta el guionista no me jodas,es una masacre"
anger,8018,1,original,escuálidos de mierda viendo su programa favorito que masoquista son los idiotas esos... no les queda de otra mañana amanecen con el mismo presidente
joy,2735,0,original,"Feliz hazte un favor, que leer sea uno de tus pasatiempos favoritos."
sadness,7439,0,original,No solamente en París llora y se lamenta la gente de la tragedia de . Estamos en México enormemente consternados y tristes. Un patrimonio de la humanidad inconmensurable. No tiene que ver con ninguna confesión religiosa. Lo que implica esta tragedia va más allá de todo
joy,4975,0,original,"No quiero alegrarme egoístamente sólo de la victoria del (y ojalá hubiera sido mayor). Me alegro de que España ha demostrado, si había alguna duda, que es un país suficientemente inteligente para no tirar su futuro por un sumidero."
joy,3120,0,original,"Leer es vivir, gracias por acercarnos a los libros querido bibliotecario en Universidad de Sucre"
sadness,7934,1,original,"8x3 capítulazo en tensión toda la hora, música, efectos, paisajes... Uno de los mejores capítulos JODER después de esta serie voy a tener un vacío enorme... LLORO!"
sadness,5641,0,original,Nada es para siempre. nos lo recuerda.
joy,2438,0,original,"Hoy celebramos el Día del Libro con avioncitos literarios, venta de libros usados y cuenta cuentos en libros ¡A seguir fomentando el amor por la literatura infantil y juvenil! Feliz día del libro cara radiante con ojos sonrientes"
others,8195,1,original,"Hola soy Pedro Sánchez, si soy tonto pero gobierno un país"
joy,7629,1,original,Pobre Jorobado se quedó sin casa cara llorando de risa la única iglesia que ilumina es la que Arde! Chau una menos ...
disgust,2498,0,translated_en,"Hoy es mientras que el país no merece más desigualdad, corrupción o tensión. Pedimos al pueblo que vote por el futuro, la concordia, la justicia social y la limpieza política. corazón rojo Mujeres Votantes son la clave."
others,5397,0,original,1 de las militantes más jóvenes del globo terráqueo mostrando europa y áfrica está en el Parlamento Europeo hoy para compartir su visión de cómo atacar el
joy,6558,0,original,Pero que viva el futbol!!!
joy,2951,0,original,"Hoy si les puedo desear un feliz libros . La lectura es para todos, sólo hay que encontrar algo que les llene el corazoncillo. corazón rojo Y soy tan buena jurista que les recomiendo las leyes de la adorable Guatemala. cara feliz con ojos sonrientes"
fear,3264,0,translated_en,Me aterra que Arya muera.
sadness,7282,0,original,Me causa mucha tristeza que un momunento tan impresionante e histórico como se haya incendiado... Es una enorme tragedia.
joy,5785,0,original,"Un abrazo a los colaboradores de en , sólidos en sus posiciones de trabajo como respuesta a quienes intentan destrozar la obra de la Revolución Bolivariana. ."
anger,853,0,original,La izquierda colombiana pretende convencernos de que las triquiñuelas procedimentales del Senado son más sucias que su complicidad con los veinte años de tiranía del chavismo
joy,5833,0,original,En ningún sitio aprendí tanto de mí y de los demás como en una cancha. ..... …
anger,7543,0,original,Muy encabronado con el final del capitulo de esto no se hace. Quien ha escrito esto joder. Cero cohesión con la historia y deus ex machina muuu tonto
joy,3495,0,original,Frenético! me enloqueces! Dos goles y el estadio catalán alucina. 3 - 0
disgust,8061,1,original,"Puedo decir que Luís Suárez me da mucho asco?????, pero mucho."
anger,5883,0,original,"Maduro: ""No aceptaremos ordenes del imperialismo""Putín: ""Cállate gordo y quédate en ""Maduro: ""Si jefesito!"""
disgust,485,0,translated_en,"La rebelión de la extinción no es la ""revolución"" que todos hemos estado esperando. no es el guerrero que todos hemos estado esperando. la clase obrera debe responder a este llamado porque la clase media y la gente rica son nuestros enemigos."
anger,4864,0,original,Que alguien le diga a Abascal que con 24 diputados no hace una mierda
surprise,6832,0,original,El batacazo de la derecha franquista es de traca
sadness,7280,0,original,"Miguel Delibes visitó la capital francesa en 1960. Hoy la tristeza por la pérdida de este patrimonio cultural e histórico, lo llena todo. cara llorando"
anger,7841,1,original,No hacer spoiler es lo que nos diferencia de los hijos de puta.
others,6170,0,original,Además del hoy debemos recordar el tema del derecho de autor... Un derecho ganado por cada mente brillante que nos regala su…
others,4030,0,original,Una maldita bestia que es Messi. Balón de oro sí o sí.
joy,4355,0,original,Hoy es el turno de vs . Te animas a verlo con nosotros a ? Te esperamos!
joy,6120,0,original,"Hola soy el Rey de la Noche, llevo una espada que no pienso utilizar jamás."
disgust,4963,0,translated_en,Muy mal regalo por allí.. No se puede dar a esas áreas.. Escapó con una falta solo en mi opinión.
joy,4909,0,original,Ahora mismo ME SIENTO ORGULLOSO DE SER ESPAÑOL JODER. bandera españa rosa
disgust,261,0,translated_en,En tenemos un que actúa como un niño y en ellos tiene un niño que actúa como tratando de salvar 's y tratando de salvarse a sí mismo y su . 'Nuestro futuro fue vendido'
disgust,2045,0,translated_en,Los jugadores de Barcelona piensan que todos son Messi y pueden hacer cosas estúpidas
joy,5046,0,original,"Esta es la España de la que estoy orgullosa, la que frena el fascismo y sale a votar en masa. No pasarán."
joy,6043,0,original,Nunca me habia alegrado tanto de mi insomnio.
disgust,96,0,translated_en,"La celebración de Suárez contra Liverpool, su antiguo club, es lo más feo que se puede ver esta noche."
disgust,5797,0,translated_en,está en las noticias ahora porque es un estado socialista fallido. La administración Trump puede usar esto para atacar a la democracia . Pero cualquier gobierno y modelo económico fracasaría si alguien codicioso y malvado estuviera en el poder. Vea: Estados Unidos (2017-presente.)
disgust,5678,1,translated_en,"¡Dios, el socialismo está funcionando tan bien ahora mismo!"
disgust,6793,0,original,"Pues a la vista de los resultados, y deberían pensar en dimitir. Ni corrupción ni machos alfa que ahora son casta."
joy,4530,0,original,Pues el gran perdedor de la noche ha sido Pablo FraCASADO
joy,5344,0,original,"globo terráqueo con meridianos | lucha contra el , conoce la gran determinación de esta pequeña de 16 años:"
joy,2446,0,original,"He aquí la primera novela que leí del sr Me enamoré del protagonista y coprotagonista, el primero apasionado, feroz y avasallante, el otro inteligente,calmado y centrado. Leí todas las novelas que el autor escribió de ellos y las disfrute."
sadness,2946,0,original,"Llorar, hasta que los labios se desangren."
others,5653,0,original,"Arquitectura única, seriamente dañada, esperamos su restauración, quedando en nuestros recuerdos"
surprise,3581,0,original,Que tremendo monstruo que es
disgust,8036,1,original,"lo cagones que son los del barca, se tiran en todas al piso, inventan foul, lloran por todo, un asco los españoles en el fútbol caca con ojos caca con ojos"
others,3694,0,original,USH Messi!!! En serio? REY!!!!!
disgust,1497,0,translated_en,"El derramamiento de dolor es porque es una ""iglesia de la celebridad"" entre las iglesias. Me recuerda cómo la gente reacciona a la muerte de personas muy famosas."
others,6978,0,original,"globo terráqueo mostrando europa y áfrica y son los países que más contaminan en el mundo. Total,"
others,4280,0,original,Listo para el Barça Liverpool
disgust,6786,1,translated_en,¿Por qué la gente está siendo tan equivocada al decir ''la iglesia católica está siendo castigada por sus pecados''.Son tan malos como los que dicen que el golpe de Richard Dawkin fue un castigo de Dios.
disgust,4737,0,original,pablo iglesias respira aliviado. La millonada por la seguridad de su casoplón la seguiremos pagando entre todos
joy,2261,0,original,"Si, es el y es buen momento para pensar en los regalos del . Y de los 251 libros que leímos en el 2018 les damos 20 opciones para todas las edades. De esas historias que dejan huellas de pezuñas . De veritas cara guiñando el ojo . Papás, ¡regalen libros! Video flecha hacia la derecha"
others,597,0,original,Menos mal que ya conocí cara con mano sobre la boca fuego
others,1968,0,original,Y llegó el ! Disfruta del episodio 3 de la temporada 8 de con una copita de !
anger,7638,0,original,500 millones de dólares para reconstruir esta perfecto! Si no se mueren personas de hambre o por falta de agua. Creo.
others,2662,0,original,"""Contra la lectura"" , de Mikita Brottman abre debates necesarios alrededor del acto de leer. ¿Realmente los lectores somos mejores personas? vía"
others,2331,0,original,"Todos tenemos un libro especial, que, junto con su momento especial en nuestra vida terminan haciéndonos llorar solo con recordar. corazón amarillo"
sadness,214,0,original,Alguien quiere destruir alguien quiere destruir al mundo cara desanimada cara desanimada cara desanimada
disgust,714,0,translated_en,"La clave más grande de la es que no hubo ninguna víctima. Por lo tanto esta última extensión para la simpatía y las donaciones se refiere a las cosas materiales. Cosas que pueden ser reemplazadas. Por el contrario, las personas reales están en peligro de la . Ver la diferencia?"
joy,2963,0,original,Mi maridisimo me ha hecho el mejor regalo del Tenía muchísimas ganas de leer a manos aplaudiendo manos aplaudiendo
others,6345,0,original,¿Será el campeón de ahora? cara pensativa ¿Lo será esta noche? cara pensativa ¿O hasta la semana que viene nada? cara pensativa Descubrámoslo: .
joy,1908,0,original,La espera a merecido la pena... El mejor capítulo de las 8 temporadas cara gritando de miedo cara gritando de miedo cara gritando de miedo
sadness,106,0,original,"Terrible lo ocurrido en la catedral de una pérdida terrible para el mundo , daño irreparable."
anger,8389,1,original,Qué indignación. En esta vida todo se paga. Tarde o Tempreno moriras maldito tirano HDP
anger,685,1,original,"Que si uno se emociona por estas acciones en Venezuela Sí, pulgar hacia arriba tono de piel claro medio que podemos cantar victoria y celebrar antes de sacar o matar al dictador No. pulgar hacia abajo tono de piel claro medio bandera venezuela Hay que continuar apoyando a está arriesgando el todo por el todo. Es nuestro país coño!"
sadness,304,0,original,cara llorando fuerte cara llorando fuerte cara llorando fuerte cara llorando fuerte y mi niño preguntando donde están recaudando el dinero para la reconstrucción de . Hay mucha pena e impotencia.
surprise,5708,0,original,Líderes del mundo reaccionan con estupor ante en
others,3036,0,original,"""Leerse mi libro es como tomarse un café conmigo. Es la historia de mi fracaso y de mi trabajo con la música. Hay muchos “no” antes del éxito.""Y 'Con un sonrisa' hemos terminado hoy nuestras entrevistas de , esta con y libro más personal. corazón amarillo libro abierto"
surprise,1805,0,original,"EMPIEZA!!!! Podemos estar ante el mejor episodio de la historia, nervios."
joy,4595,0,original,"Hay tantas cosas chulas hoy. Por ejemplo, ir al trabajo en Fuencarral y Chueca y ver un barrio que respira con alivio, libre"
fear,7616,0,original,Me está poniendo muy nervioso el Newt de la libretita que ha contratado Ferreras... Se ha tomado la pastilla?
joy,642,0,original,Ahora es Un pueblo unido jamás será vencido.
sadness,7265,0,original,"El incendio de no debe ser comparado con ningún otro crimen histórico a causa de la guerra, tampoco es solo una pérdida de la iglesia católica o un castigo para un gobierno. Lo acontecido es una pérdida irrecuperable para la cultura y la historia de toda la humanidad"
anger,228,0,original,"Me da risa la gente que publica con un mensaje alentador y su selfie sonriendo o haciendo cualquier cosa, si van a solidarizarse háganlo bien o al menos que no se note que lo hacen por likes ..."
others,2460,0,original,"Hablando de libros, ""el conde de Montecristo"" se mantiene como mi favorito...""Siempre tuve más miedo a una pluma y un tintero""."
joy,3192,0,original,Lo que maas me alegra ea que el es campeon de nuevamente
joy,2694,0,original,No hay nada como la emoción de leer un libro nuevo y poder viajar entre las historias de sus páginas. libros libro abierto
sadness,4771,0,original,"El resultado de las es el menos favorable para los mercados, señala . Las medidas de los programas de la previsible mayoría son poco “amigables” con las empresas"
sadness,218,0,original,"Que pena lo de , pero más pena me da ver morir gente en guerras, niños de hambre en África, personas con vhi porque no tienen medicamentos ..."
joy,4590,0,original,GRACIAS por unir a mi país contra el fascismo. GRACIAS DE CORAZÓN.
fear,4382,0,translated_en,El nuevo estado de ánimo de la Guerra Fría entre Estados Unidos y Rusia
fear,5586,0,translated_en,La noche era oscura y llena de terrores. .
surprise,1154,0,translated_en,WOW que es algo especial Messi no es ninguna broma!!
anger,2101,0,original,-¿Estás llorando?- No:( -¿De verdad?- ERA UNA NIÑA SUPER ADORABLE MALDITO GIGANTE METETE CON LOS DE TU TAMAÑO
disgust,367,0,translated_en,"No sé cuál es el crimen más grande, la conclusión narrativa de ese episodio o la fidelidad visual."
joy,2539,0,original,"Por más eventos así. Gracias, y sus aliados. A por todo el apoyo prestado para celebrar en Caracas este ."
joy,6371,0,original,"¡ CAMPEÓN de ! círculo azul trofeo círculo rojo Con gol de nada más y nada menos que balón de fútbol , consigue su OCTAVO título de las ULTIMAS once ligas fuego"
joy,3567,0,original,Día de... UEFA felicidad máxima!! corazón azul corazón rojo
joy,1570,0,original,"no soy de pedir, pero es menester que a esta señora le de un reconocimiento. ¿Me ayudas con una campaña para que le presenten a los protas? Seguro que con lo maja que es, le habla bien de ti a Sansa manos en oración tono de piel claro"
sadness,112,0,original,"Francia es increíble. El incendio de paralizó el país. Todo el mundo siguió minuto a minuto. Tristeza infinita de toda la Nación, católicos o no. Unión nacional alrededor de esa joya patrimonial, ante todo el símbolo de un pueblo. Y hoy todos por su reconstrucción!"
joy,1685,0,original,Disfrutando del tercer episodio de la octava temporada de ufff merece la pena la espera
surprise,3781,0,original,Está como loco sale empate??
others,6337,0,original,Las declaraciones de Zidane antes del -
disgust,952,1,translated_en,"Es una estafa. Los intereses estadounidenses quieren el petróleo, así que Estados Unidos ayuda a arruinar las elecciones, ahogar la economía, luego esperar a que el país implose. No se trata del socialismo. Esto es lo que Estados Unidos hace a los países que no quieren hacer negocios a nuestra manera."
joy,4123,0,original,es el mejor arquero lejos del mundo lejos
sadness,1731,0,original,Hola quiero saber que no soy el único que está llorando a moco tendido con Juego de Tronos
others,6386,0,original,cronómetro ¡ARRANCA LA SEGUNDA MITAD! Athletic 1-1 Alavés.
others,5167,0,original,Con 16 años es candidata al premio nobel por proteger el planeta y luchar contra el cambio climático. ¿Qué excusa vas a ponerte tú hoy para no hacerlo?
fear,6886,0,translated_en,"Menciono esto en caso de que alguna de esas personas que marchan sobre el ""Palacio Presidencial"" (Porque eso es una cosa en ) teman que puedan dudar, cuando llegue el momento de decidir si van a morir a manos de alguien MENOS de lo que son, o no."
joy,6352,0,original,Felicito a Leo Messi por ganar otra . ¿Qué sería el Barça sin el? Nada.
disgust,541,0,translated_en,"Está claro que ha sido adoctrinada, dada su enfermedad conductual que debería contar como abuso infantil."
others,4129,0,original,"El medio golazo de , loco wom!! Le sacó las telarañas al rincón del arco. cara gritando de miedo cara sonriendo con sudor frío"
joy,2172,0,original,Aprovechando que es el día del libro les voy a a ir poniendo hoy algunos de los favoritos de mi librero como recomendación. Déjame alguna sugerencia de lectura tú también! A leer!
sadness,80,0,original,"va más allá del culto católico, es un símbolo de belleza y de historia de Europa. Al perderse, perdemos todos!"
sadness,1110,0,original,"Que tristeza ver como la Argentina, por obra y gracia de la basura que hoy la gobierna, queda pegada al intento de golpe de estado en , comandado, una vez más, por Estados Unidos. Tiempo de miserables traidores, capaces de entregar Soberanía por una foto con Trump..."
joy,6726,0,original,Pues sí. ¡Que viva España! bandera españa Progresista y plural.
joy,8301,1,original,Para cojones gordos los de los vascos... OLÉ POR ELLOS!!!
joy,4815,0,original,"España se une y dice no al racismo, a la xenofobia, al machismo, a la homofobia; en definitiva, no al odio, al miedo y a la involución. Y yo, por primera vez en años, me siento orgullosa."
anger,7653,1,original,"en llamas. La derecha arrasando en las urnas y hordas de iluminadxs llamando a votar. Las empresas peleando los últimos pedazos de energía fósil del planeta. La sociedad de la información, histérica y manipulada. El capitalismo follándonos y la peña pidiendo pacifismo."
surprise,1715,0,translated_en,"El resultado es menos caótico de lo esperado, pero la política de la próxima coalición de izquierdas liderada por no presagia nada bueno para la economía española."
anger,484,0,original,Aquellos que se alegran del incendio de no sé si tendrán a algún familiar trabajando en la hostelería. Porque es patrimonio cultural y España vive del turismo
others,2655,0,original,"Hoy es , y Stephen King nos cuentan por qué los libros son el mejor entretenimiento."
anger,8351,1,original,"que asco da oirlos por favor , que le cierren el micrófonoasco dan, vamos que nos darán una patada a todos cerraran tvs,y las mujeres a fregardigo lo de siempre: los votantes de esta gente teneis la culpa"
others,7172,0,original,Gracias Mamá por darme hambre de leer
others,3288,0,original,"Hoy todos los envidiosos estaran esperando el fracaso del en champions, porque saben que criticarlo por títulos locales es una pérdida de tiempo"
others,2206,0,original,"Y no sé cuántos libros he leído, ni me interesa, solo sé que han sido mis compañeros más fieles..."
joy,2970,0,original,Fotos y sonrisas de satisfacción después de una larga jornada de firmas en este . |
others,6579,0,original,"Goles que no haces, goles que te hacen."
surprise,6103,0,original,Llevo 5 minutos en shock sin moverme
joy,2886,0,original,Ya listo para seguir festejando el cara sonriendo con gafas de sol /
surprise,4622,1,translated_en,"""Conozco la muerte, Él tiene muchas caras. Espero ver esta."" - La perra más mala hasta aquí."
others,2818,0,original,"Leer para conocer la historia, para comprender el pasado y el presente, para pensar el futuro. Leer para disfrutar y abrir la mente a lugares nuevos. Leer para ser más libres. y libros estilográfica libro abierto"
others,3886,0,original,En un día de tensiones en y un paisaje nacional con las objeciones de la y un enredo con el hablar de fútbol es relajante un luchando por un cupo y un sobresaliente en la
joy,2347,0,original,"Libros, caminos y días... dan al hombre sabiduría..."
anger,1157,0,original,No seas ridículo. El golpe lo vienen haciendo Chavez y Maduro. Dictadores. Al fin Venezuela se animó a liberarse!
sadness,359,0,original,"Triste noticia la del incendio de , no sólo por lo que representa como referente religioso, sino como recinto historico y cultural."
others,3533,0,original,Así sale el Barcelona para enfrentar al Liverpool.
disgust,7716,1,original,"Chicos venezolanos, muy jóvenes , protestan en contra del frente a la embajada de en Bs As , por otro lado el apoyo a Maduro de argentinos con caras toscas, viejos sobrevivientes de los '70 ,zurdos de cerebro atrofiado."
disgust,3570,0,translated_en,"Billonarios y grandes corporaciones están donando millones de dólares para reparar, pero no harán nada para arreglar, , ."
others,1904,0,original,"Me repito pero, gracias universo por permitirme vivir en la misma linea temporal que ."
joy,2969,0,original,"Llevo ayer y hoy necesitando a Cernuda, así que será mi lectura para esta noche. Al cierre del día: feliz ."
joy,3039,0,original,"Y los que faltan, muchos leídos más de 3 veces, me encantan"
others,3591,0,original,Seas del equipo que seas siempre tienes que amar el buen fútbol
joy,4569,0,original,"Creo que es la primera vez que me siento orgulloso de ser español, espero que esto solo sea el comienzo de algo muy bueno"
joy,7732,0,original,Fuera las manos golpistas de Venezuela y lacayos. Viva el pueblo venezolano y viva venceremos.
sadness,1588,0,original,"Hoy lloraremos sea lo que sea. Tanto en las elecciones como en la llegada de los caminantes blancos a Winterfell. Yas, agárrense que vienen curvas. cara con ansiedad y sudor cara con ansiedad y sudor cara con ansiedad y sudor cara con ansiedad y sudor"
disgust,3364,0,translated_en,"temporada 8, episodio 3 fue un gran episodio con un gran final de giro - en un vacío. En el contexto de toda la carrera de la serie, los showrunners se atornillaron el perro."
sadness,277,0,original,"Que quede claro: soy atea, feminista de la ola contemporánea, escéptica, cientifista y una mujer liberada. Pero he dormido un par de horas preocupada, con un dolor real de desgarro y quemazón en la zona del corazón por mi No es sólo religión: es... (sigue)"
sadness,7428,0,original,"Es brutal, no hay cifras para tanta pérdida y la moral de la gente, no sólo francesa sino del mundo entero al ver casi perdido un ícono tan grande como lo es Esta noche no hay oración que ayude a ninguna alma francesa ante semejante acontecimiento está de luto"
fear,4519,0,original,Tenía miedo pero debo decir que dormiré tranquila.
others,1929,0,original,Joder que angustia el capítulo 3 de
sadness,7490,0,original,Hoy tarde de oraciones. Pido por todos mis amigos venezolanos que hoy sufren la opresión a fin de que llegue pronto una sin violencia.
joy,3491,0,original,Golazo de Messi. Hay quien aún no lo cree el mejor del mundo. círculo azul círculo rojo
others,4003,0,original,Bueno llego la hora... vs Liverpool balón de fútbol flecha top teclas 10
disgust,5279,1,translated_en,Nunca olvides a los idiotas útiles que confabularon con la tiranía socialista
disgust,1538,1,translated_en,Liverpool mejor trabajar culo débil Barcelona hoy bíceps flexionado cara resoplando vamos a ir rojos. círculo rojo círculo rojo círculo rojo
others,6685,0,original,por que pitos en estadio de al himno de interrogación roja interrogación roja A que lo atribuyen???
disgust,8261,1,original,La rata ya está escondida!!!
sadness,812,0,original,lucho durante más de 12 años a favor del pueblo y encontrá de las dictaduras neoliberales en menos de un año hace un llamado al levantamiento armado. Que diferencia de postura. Dios contigo
anger,8213,1,original,"Aunque haya mucho tonto el culo descerebrado dispuesto a seguir votando a un inútil , me cuesta creer que no haya habido pucherazo en estas elecciones . Tanto escaño para Falconeti me resulta raro raro raro ."
joy,4574,0,original,"Madre mía que bien van las cosas, al fin mejorando"
others,416,0,original,"El gobierno de se solidarizó este lunes con Francia tras un violento incendio en la emblemática catedral de . ""Notre Dame de París en llamas. La emoción de todo un país. Mis pensamientos con todos los católicos y todos los franceses""."
joy,5233,0,original,globo terráqueo mostrando américa corazón rojo Mi persona favorita del planeta!
sadness,168,0,original,Hoy estamos perdiendo una joya arquitectónica por culpa del fuego. Ojalá que exista la magia para poder evitar la tragedia.
surprise,2022,0,original,Dios mío lo que acabo de ver.... Mejor capítulo de la historia sin duda.
anger,7695,1,original,"Maldito macrismo, a éste muchacho que apoya a Maduro, los milicos le tiraron un tiro en la oreja y no mandan ambulancia"
joy,3928,0,original,"| Un golazo de tiro de libre de , le dio el tercero al y un pie y medio adentro de la de la copa. El 7 de mayo la vuelta en . Vía:"
joy,2945,0,original,"tecla 3 Con esta bella ilustración de queremos reconocer en el la labor de nuestros bibliotecarios y bibliotecólogos, su amor por los libros se ha propagado por muchos de nosotros. ¡En celebramos el idioma cada día! libro abierto corazón rojo cara de empollón"
joy,3815,0,original,"Y CON USTEDES, UNA OBRA DE ARTE...14 años después de su primer gol oficial y en el mismo día, , en una semifinal de y de tiro libre hizo su gol 600. UNA JOYA piedra preciosa cara de loco"
others,6463,0,original,Dembélé es cada día más hábil. Eso que acaba de hacer lo pueden hacer maximo unas 10 personas en el mundo. Borró a todo el equipo.
anger,5804,0,original,"Ahora mismo es dificil saber quien es mas güevon, si y o sus seguidores."
others,1221,0,original,En desmantelamiento intento de en Desde rechazamos la convocatoria la violencia De la oposición derechista
others,5092,0,original,"Bueno, comienzan los datos de escrutinio. Nos jugamos mucho."
others,5640,0,original,"Ayer se quema la catedral de y hoy llega la media luna roja a ,Adiós Occidente"
others,2354,0,original,"Un libro y sus historias hacen q la imaginación vuele, desarrollando los sentidos, acercándose casi a lo real..."
disgust,8295,1,original,"Quien es el jugador más marrullero, follonero, cerdo y que nunca lo expulsan?"
sadness,7260,0,original,"No pude evitar llorar al ver este video desgarrador, a su vez lleno de esperanza, dice tanto en tan pocos segundos; jóvenes unidos cantando a su Madre, a su Patria, consolando no solo a Francia sino a el mundo entero. Estoy segura que como el “Ave Fénix” resurgirá"
fear,3404,0,translated_en,Completamente opuesto al intento de golpe militar apoyado por Estados Unidos en . Otra intervención de Estados Unidos en América Latina que no resolverá nada más que empeorar las cosas.
joy,1354,0,original,JODER CON ! TREMENDO EPISODIO! EL MEJOR DE LA SERIE!
others,6894,0,original,Exclusiva: Primeras declaraciones de Pablo Casado tras los primeros datos del escrutinio.
anger,2005,0,original,"Imposible ver Twitter sin comerse algún spoiler de Juego de tronos, controlad un poco!!!!"
surprise,3435,0,original,¿Pero de verdad me estás diciendo que no es penalti?
surprise,3980,0,original,"Impresionante mounstro , con una pie en la final de la magnífica . Vuelve el"
joy,5066,0,original,"Qué hostia se ha dado el PP, cómo estoy disfrutando"
others,1274,0,original,"Mientras llamaba a la gente a salir a las calles a luchar gestionaba asilo político en la embajada de Chile, así con el líder. Hechos, no opiniones"
joy,2001,0,original,"Como me gustaría, que el Verdadero rey de la noche fuera Braan, y el del dragoncito sea un cebo."
others,7995,1,original,A propósito del podrían dar vuelta a la página con el tema de /un poco difícil si sigue y suma a la estupidez de los intolerables
others,946,0,original,". El Gobierno subraya que ""España no respalda ningún golpe militar"" en Venezuela"
others,3896,0,original,"Hoy el fue el mejor equipo dentro del campo, pero el concreto las que tuvo y se fue para Anfield con un 3-0 a su favor"
disgust,5236,0,translated_en,". on : ""Esto claramente no es un golpe"" - espero que esto sea suficiente para sacar del poder - cuanto antes Maduro se haya ido, antes la oportunidad de justicia... para el pueblo."
joy,2804,0,original,"“De los diversos instrumentos inventados por el hombre, el más asombroso es el libro; todos los demás son extensiones de su cuerpo… Sólo el libro es una extensión de la imaginación y la memoria”.- Jorge Luis Borges. ¡Feliz Día Internacional del Libro! libros"
sadness,107,0,original,Llego de la calle y me encuentro con esta triste noticia corazón roto
fear,848,0,translated_en,Nuestra Ministra de Asuntos Globales está dejando clara su posición. Debemos defender a las personas que están atacando al líder electo de otro país? ¿Qué hay de la seguridad de todos los venezolanos de la especulación y la violencia de las naciones extranjeras en ?
disgust,2154,1,translated_en,Mierda América y los intentos de golpe
others,3149,0,original,Tranquilos que en el segundo tiempo entra manos levantadas celebrando teclas 10 trofeo a arreglar cuentas
others,2546,0,original,"mi libro favorito? Muchos, de se anuncia un asesinato... Pero Ética a Amador de Fernando Savater lo ame, la chica del tren me encanto, no así la película, ay no, muchos libros, muchos... libros"
joy,6679,0,original,Ter Stegen tiene las manos de Dios
joy,4285,0,original,dando cátedra de cómo anotar un tiro libre. Leo llega a los 600 goles com y lo hace en la con uno de altura. Su primer gol fue el 1 de mayo de 2005; 14 años exactamente después el número 600. |
others,3561,0,original,Y bueno vamos a ver un poco de pelis.
anger,8176,1,original,Tras las elecciones cuanto va a tardar el rojerío en echarle la culpa a Rajoy de comerse la mierda a puñados?
sadness,7270,0,original,"Hoy el se pronuncia sobre la tragedia en Francia, esta tragedia representa un gran dolor para la cultura"
surprise,1147,0,translated_en,En realidad sin palabras. Probablemente el mejor episodio de televisión de todos los tiempos
others,3954,0,original,Las mejores 8 posiciones sexuales para adelgazarMás Información dorso de mano con índice a la derecha esperes más y visita nuestra página dorso de mano con índice a la derecha
sadness,612,0,original,lamentó el incendio de la catedral de
joy,3825,0,original,Me encanta que lo único que pueden festejar los Madridiots esta temporada es que pierda el Barça!!! cara revolviéndose de la risa cara revolviéndose de la risa cara revolviéndose de la risa
sadness,6094,0,original,Un minuto de silencio por los caídos en
others,3026,0,original,"En el celebramos el esfuerzo de los escritores venezolanos por mostrar en España lo mejor de Venezuela. Y en , de la mano de , una representación de ellos lo demuestra."
others,6487,0,original,"10ma de . Se pone a 2 de , máximo ganador en españa con 12."
anger,7550,0,original,"Esta re mal pero me da una bronca que ya famosos y el estado ofrezcan donaciones para restaurar una iglesia. Me parece tan mierda. Tendrá años, pero la mayoría años de mierdas e injusticias."
sadness,1873,0,original,corazón rojo corazón rojo Qué pena que pronto acabe!!¡ cara llorando cara llorando cara llorando cara llorando
fear,3887,0,translated_en,Así que en el puede alguien darme la versión no-bbc (que se centró en el partido vox) y decir lo que es probable que suceda a continuación - hay que haber una coalición y con quién?
joy,4409,0,original,"Haya ganado o perdido tu opción política, este vídeo seguro que os hace sonreír un poquito... Creo que no he hecho un vídeo mejor en mi vida. Quiero mi Goya"
disgust,6642,0,translated_en,¿Soy el único que cree que lo que está pasando es una situación importante? Estados Unidos por un lado Rusia por el otro. Príncipe con sus mercenarios. Esto parece ser una distracción que potencialmente costará vidas estadounidenses y pagar impuestos $.
others,6332,0,original,"luces de policía Precedentes ligueros del en Montilivi. Dos visitas, dos victorias por la mínima botón de marca de verificación dorso de mano con índice a la derecha"
surprise,4395,0,original,Pues Tezanos y el CIS tampoco se equivocaron por mucho. Qué cosas!!
surprise,5316,0,original,"Sigo conmovido por la huelga de ayer de la juventud. +1.5 millones, más de 300 ciudades - el día de acción global climática más grande jamás.""Los líderes mundiales están perdiendo la ventana para actuar, pero no vamos a quedarnos quietos viendo su inercia"""
joy,4837,0,original,Un país libre y sin miedos. Gracias España corazón rojo
joy,4760,0,original,Me voy a dormir muuuuuy contenta. cara sacando la lengua
others,6162,0,original,Pues mi se termina con este regalito cara sonriendo con ojos de corazón
sadness,7245,0,original,Tras el terrible incendio en la catedral de Notre Dame desde SomMés queremos mandar un mensaje de apoyo a todos los parisinos por este terrible desastre de uno de los emblemas culturales y arquitectónicos de Francia.
others,4772,0,original,el verdadero voto oculto es del . Aquellos que les daba vergüenza decir que votarían a un candidato tan malo y al final lo han hecho. No queda otra que felicitar al . Queda izquierda para rato con una derecha destrozada
joy,3962,0,original,Estaba sufriendo el Barsa pero si tienes a Messi..... 2 a 0
sadness,4500,0,original,11 millones de votos para la izquierda. 11 millones de votos para dar más alas al independentismo y a la radicalidad Bildu-etarra. Hoy es un día triste para España bandera españa . Pero no nos rendimos. seguimos ADELANTE Y SIN MIEDO!
joy,1625,0,original,Este es el capítulo más hermoso de la historia.
others,6774,0,original,Pedro Sánchez señoras y señores manos aplaudiendo manos aplaudiendo manos aplaudiendo
others,6151,0,original,"En el día internacional del libro. Voy a comerme todas las letras, todas las palabras y las páginas escritas que nunca leeré."
sadness,7465,0,original,"Es triste ver como se pierde arquitectura única y bastante antigua, mando todo mi apoyo a los parisinos que sufren esta tragedia y poder evitar otra como esta,"
disgust,2630,1,translated_en,Por favor... no conviertas el lugar en una trampa de aplausos interconfesionales.
disgust,1439,0,translated_en,"Los críticos más visibles, obviamente. No la mera visibilidad, de lo contrario esta respuesta y otra cobertura no contaría. La respuesta escocesa y galesa anterior y otras voces es para admirar"
joy,6533,0,original,Messi eres único e irrepetible círculo rojo círculo azul balón de fútbol
anger,1146,0,original,"No hay democracia perfecta, podremos estar o no en desacuerdo con , pero lo de y compinches , etc etc, es un golpe de Estado y Atentado a la Democracia. Más totalitario que eso ..."
others,1600,0,original,"No nos vengamos tan arriba. Hoy las elecciones han ido bien, pero seguro que mañana nos la lían en Juego de Tronos."
others,6963,0,original,Deberían haber mas jóvenes como Greta
anger,4675,0,original,"Los datos de Unidad Podemos y Ciudadanos evidencia la lamentable e injusta ley electoral que usamos en España. UNIDAS PODEMOS más votos, Ciudadanos 14 escaños más."
sadness,5685,0,original,La catedral de notre dame se ha salvado pero POR MUY POCO:(
disgust,2523,0,translated_en,Ayra estaba aquí luchando contra los Walkers normales y ahora estamos destinados a creer que se coló en la noche King y todos sus Caballeros? El final era basura.
anger,6718,0,original,qué no sales a dar la cara? Mañana tengo q trabajar y te estoy esperando....
others,2143,0,original,Una hora y veinte minutos de tensión...
sadness,2034,0,original,17 Personajes de ‘Juego De Tronos’ con sus parejas en la vida real que arruinarán todos tus sueños:
joy,3048,0,original,"Esta obra fue redactada gracias a la memoria colectiva, a varias manosNo se encuentra ya en librerías, está agotado. Una manera de acercarse a él es con los propios habitantes, intentando rastrearlo.¡Feliz , vecinos! Y que todos los días sean días de libros."
disgust,4732,0,translated_en,John Bolton: Sería un 'gran error' para Maduro usar la fuerza contra civiles ~
anger,4291,0,original,¿Cuando se va a dignar un árbitro a expulsar a ?
surprise,6267,0,translated_en,En realidad grité 7 veces mientras terminaba ep 3 cara gratando de miedo
others,1207,0,original,"El Gobierno de hace un llamamientopara que se celebren, inmediatamente,elecciones democráticas Aún están a tiempo evitar un derramamiento de sangre"
surprise,1768,0,original,"HOY NO. Increíble, increíble, increíble Arya en este episodio. Dios sigo sin asimilar tantas emociones."
anger,7722,1,original,"El rostro de una dictadura cobarde, que se esconde detrás de vehículos blindados para agredir a sus ciudadanos. bandera venezuela"
joy,4268,0,original,que buen arquero es ter steguen
others,3337,0,original,"más tecla 3 FINAL | El consigue la victoria gracias a un gol en propia meta del ,1-0, y el título de dependerá de una victoria del chincheta no tuvo minutos"
joy,5449,0,original,"En febrero les contamos de , la adolescente de 16 años que lidera un movimiento contra el cambio climático. Hoy vuelve a se noticia por ser la chica más joven en ser nominada al Nobel de la Paz 2019"
disgust,2869,0,translated_en,Esto parece un socialista sacudiendo sus llaves aquí.
joy,4025,0,original,Que locos nos volvimos con este golazooooo de tiro libre del mejor jugador del mundo globo terráqueo mostrando américa príncipe tono de piel claro manos levantadas celebrando
surprise,1746,0,original,Joder joder joder q capítulo
sadness,7461,0,original,"O sea, si es lamentable el daño histórico y patrimonial del incendio de pero no deja de ser algo material, así se debería de entristecer por las guerras y las tragedias humanas que no cesan:("
joy,2084,0,original,"Y después del alivio tras ver los resultados de las , toca sufrir por el 8x03 de , que se nos olvida que ahí sí va a haber drama cara de sueño"
disgust,4960,0,translated_en,"Soy venezolano, para que ustedes den la más mínima opinión sobre nuestro país es mejor que vayan allí y experimenten lo que realmente es el comunismo, es muy fácil copiar y pegar las mentiras de otros comunistas."
disgust,4086,0,translated_en,"Mi corazón se dirige a los afectados por la tragedia... ¡Pero no hay razón para donar a una organización por valor de $30 maldito BILLION!!! Y mucho menos a una ""religión"" retorcida y engañosa."
joy,4398,0,original,"Hoy sí que me representa este país, mañana me compro la bandera y la cuelgo en mi terraza con mucho gusto."
anger,6948,0,original,Se os acaban las excusas y a nosotros el tiempo
joy,5239,0,original,Mañana es y continuaremos con nuestras actividades de apoyo a . A las 12:30 horas bailaremos por el planeta con la canción del autor Roberto Carlos: El Progreso. Traer vuestras mochilas!!
joy,3617,0,original,Que extraordinario que es el fútbol
disgust,3318,0,translated_en,"Predeciblemente, a los fans no les gusta bucear cuando ellos son los que lo sufren."
sadness,48,0,original,"Es como si aquí en Mty se incendia la Fuente de Neptuno, gran pérdida: l"
surprise,1918,0,translated_en,¿Es raro que entre todo el caos que estoy viendo en París me haga querer vivir allí aún más?
disgust,4160,0,translated_en,Millones de personas están a punto de librar una guerra civil gracias a su amado
others,3905,0,original,Weon los pases profundos que ha tirado Liverpool llegan a ser groseros.
joy,3858,0,original,"Templo, lugar de adoración a un Dios... Klopp, en su afán de calentar la semifinal de solo consiguió motivar más, si cabe, a un equipo se marcó este objetivo desde el fracaso de Roma. se cita con esa bonita Copa en el Metropolitano de Madrid"
others,5795,0,original,Tanqueta arrolla a opositores en
others,7046,0,original,En ella si pueden confiar y promuevan
others,6779,0,original,¿Y el Senado? ¿Es que nadie va a pensar en el Senado?
sadness,46,0,original,Han destruido un símbolo de la cada vez más débil fe cristiana en Europa... ¿Que será lo próximo? ¿la Catedral de Santiago?¿la Pilarica?
joy,3299,0,original,eres el mejor de la historia Vamos por más
disgust,5020,0,original,Me está dando repulsión escuchar al secretario de cara resoplando
fear,1348,0,original,"""Los propios aliados de están distribuyendo armas a los manifestantes"""
anger,1337,0,original,"advertencia El intervencionismo de bandera estados unidos contra bandera venezuela es cínico ¿Quíen aún podría cree que a …- le interesan los de venezolanos?,- que no está motivado por los de Venezuela?"
others,5991,0,original,"De a , estos son los personajes de ficción que proponemos para presidente del Gobierno"
anger,5180,0,original,"""Propusimos a porque el cambio climático, si no lo frenamos, será la principal causa de las guerras, los conflictos y el flujo de refugiados que vendrán"", dijo uno de los diputados que impulsaron su nominación. (ms)"
others,5285,0,original,Piden Nobel de la Paz para flecha hacia la derecha
others,2648,0,original,"""Siempre hay alguna jodida interferencia que me hace dejar de lado lo que DESEO hacer..."" (en este un fragmento del libro que más he disfrutado en los últimos meses: ""El Hambre Invisible"", de )"
sadness,7376,0,original,"Un día lamentable. Se perdieron años de historia, de cultura, de arquitectura... Me siento devastada al ver las imágenes del incendio de la catedral de en"
others,1344,0,original,mapa de en un lado las revueltas y en el otro el Palacio En un lado la zona rica donde están los disturbios en el otro un pueblo digno como se ve en el mapa les separa mucha dignidad y coraje
sadness,7211,0,original,Me niego a ponerla en llamas y dañada. La quiero recordar bella e imponente. La foto la hice en mi época estudiantil. Qué profunda tristeza. Mi corazón está en a la vera de donde tantas veces idealicé los sueños de mis lecturas universitarias de Víctor Hugo corazón roto bandera francia
others,582,0,original,"Parece que las autoridades se muestran optimistas de que la estructura de las 2 torres frontales de Notre Dame se puedan salvar. El techo, interiores, espira central y sus históricos vitrales ya se han perdido."
sadness,157,0,original,"Todos lamentamos la tragedia de -incluidos los ateos-. Lo que se ha dañado es una magnífica obra de la humanidad, independientemente del absurdo propósito místico con que se construyó en el medioevo. Gran tristeza por la memoria histórica destruida, y por la belleza."
joy,5392,0,original,"""La 'niña activista climática', , se reunió con el Papa Francisco después de su audiencia semanal en el Vaticano el miércoles""Aquí podemos ver a dos jugadores del mismo equipoPropaganda +"
joy,5498,0,original,Cacharon que en las gringolandias lleva varias semanas moviendo a niños y jóvenes cada viernes en manifestaciones pro-medio ambiente. Que bonito corazón rojo
sadness,125,0,original,"El patrimonio histórico y cultural es nuestro, de la humanidad, y su pérdida es una tragedia ya sea el fuego en París, la OTAN en Siria o el ISIS. Un origen religioso o incluso cruel tampoco debe hacernos renegar."
anger,749,0,original,Vergonzosas tus palabras. Sois cómplices. bandera venezuela bandera venezuela bandera venezuela
sadness,7396,0,original,Mi madre sufre por el daño de la Catedral... y la transita de nuevo... y no puede creer semejante pérdida... Y yo vuelvo a sentir el placer de esos regalos que son eternos cara sonriendo con ojos de corazón !
disgust,695,0,translated_en,"¿Estoy siendo demasiado cínico, o estas personas se ven notablemente bien vestidas y equipadas para refugiados desesperados?"
anger,7586,0,original,Muy irresponsablemente el señor John Bolton continúa mintiendo sobre en con la más absoluta frialdad y cálculo político para intentar engañar al mundo y a sus propios jefes. Este señor necesita ser cuidadosamente monitoreado y desmentido.
joy,4812,0,original,Lo positivo para mí es que triunfa la diversidad y la heterogeneidad.
others,6139,0,original,"MÉXICO 86, ASÍ GANAMOS LA COPA, MI MUNDIAL, MI VERDAD' libros Narrado por y escrito por"
surprise,1700,0,original,El mejor capítulo de la Historia de las series de acción. El mejor capítulo de la Historia de las series de batallas/lucha. Es tal la magnitud de esto que lo deberían haber estrenado en cine. No puedo ni respirar.
disgust,7630,1,original,Aunque salgan con sus mamadas de amargados y únicos y detergentes... PERO QUE WEBA CONSTRUIR ALGO ASÍ!! Nada más por eso se debe valorar
disgust,2746,0,translated_en,"Lo que estamos observando son las etapas finales de , por el complejo moribundo en el . Este será su último perdido , después de , , , y !"
joy,4639,0,original,Mañana sí que va a ser día para sacar la bandera porque vaya ORGULLO de país.
joy,5145,0,original,Este país cuando sale a la calle y ejerce la democracia es la hostia y no necesita milagros. Estoy tremendamente orgulloso de vivir en España y de mis compatriotas. Hoy sí que me dan ganas de pasear mi bandera.
others,6190,0,original,Este no es un rincón cualquiera de mi librería.
disgust,1783,0,translated_en,Las charlas son mejores porque Maduro puede salir en desgracia legal
sadness,5598,0,original,Yo no tengo fotos en la cátedral de pero voy poner la última foto de cuando estuve en París a modo de tributo...
disgust,4913,0,translated_en,Increíble. Revisé las fuentes de Twitter de todos los principales candidatos demócratas. El número total de Tweets hasta ahora sobre : Cero.
surprise,393,0,translated_en,Messi realmente consiguió Ronaldo fans confundido cara llorando de risa cara llorando de risa cara llorando de risa
disgust,8091,1,original,"Bien, ya sabemos que en España hay 2.000.000 de gilipollas."
fear,3760,0,translated_en,"Los nacionalistas blancos se están volviendo cada vez más descarados. No podría derrocar a ‘el gobierno con los EE.UU. y otros gobiernos fascistas’ hace meses, así que ahora se ha reagrupado y está pidiendo un golpe de estado desde las calles. Cuando están tan desesperados, todo su orden debe estar preocupado."
joy,2026,0,original,Hablemos de uno de los mejores momentos de la vida en . (Video )
disgust,2091,0,translated_en,"Es cierto que todo el contingente izquierdo está dañado por el cerebro, pero ahora están siendo guiados por la nariz por alguien que está realmente dañado por el cerebro."
joy,2671,0,original,"RT MaestraTuitera: No busquen excusas para abrir un libro, háganlo sin pensar más allá, que todo lo que viene con ese gesto son beneficios: Te hace más libre, te aumenta las conexiones del cerebro, da experiencia, te encuentra contigo mismo …"
anger,200,0,original,"Todos conmovidos con el incendio de la catedral de en París y está bien, Ojalá eso sí tb se conmovieran de la misma forma con la destrucción en Siria y el sufrimiento del pueblo de Palestina."
sadness,383,0,original,Nuestro corazón está con todos nuestros amigos de Los acompañamos en este doloroso momento
joy,3487,0,original,hola buenísimos días hoy juega el Barça
others,3748,0,original,"32' 1-0 | Busca el Barça constantemente a Jordi Alba, que está haciendo mucho daño con sus incursiones"
others,6826,0,original,Posible gobierno con el 46% escrutado:¿PSOE + CIUDADANOS? ¿Qué opinas?
sadness,3922,0,original,"con mucha frustración, y con tan poca esperanza. Merecía más Liverpool cara con el ceño ligeramente fruncido"
others,2695,0,original,Muy tierno el y todo pero DÓNDE ESTÁN MIS DESCUENTOS
anger,4778,0,original,Celia Villalobos: “No me digas que el PP es de derechas porque eso es mentira” cara llorando de risa cara llorando de risa
others,2276,0,original,tiene disponible su Base de Datos en hoy especial en en
joy,4436,0,original,"Y sí, lo conseguimos y no puedo estar más feliz manos aplaudiendo tono de piel claro medio corazón rojo"
joy,4570,0,original,"Recordar que en las los resultados son los que los votantes deciden. Os guste o no, en la es así..."
others,1076,0,original,Atentos a las primeras palabras de sobre el golpe en . Lo van a definir todo en su relación con el futuro gobierno
sadness,60,0,original,"Se escuchó en alguna ocasión: “Mucha gente reza dentro de Nuestra Señora de París, pero cuando lo coros cantan, entonces realmente las oraciones llegan al cielo.” Impacientemente esperaremos el resurgimiento de sus cantos, de su música, de su grandeza…"
joy,3763,0,original,GOLAZO! EL PUTO AMO! SUTILEZA DE TIRO LIBRE. QUÉ LUGAR PARA COLOCARLA. GRACIAS LEO!
anger,2978,0,original,altavoz a volumen medio Que calidad argumentativa la de estos dos políticos;- Mientes- No mientes tu- No el mentiroso era tu- No tú más mujer con la mano en la frente tono de piel medio
surprise,5029,0,original,"Cuando lleguemos al 100% del escrutinio, necesitaré hacer algo que me baje el nerviosismo del cuerpo que me mete el tono de Ferreras y la música de película de aventuras que tiene de fondo y que llevo escuchando desde hace horas"
others,2496,0,original,"A las Princesas del nos encanta crear experiencias para nuestros clientes, cada Evento es una mágica historia. rosa"
others,4350,0,original,Tremendo cambio de juego de Vidal
disgust,1072,0,translated_en,"la gente que está diciendo que Notre Dame es “solo un edificio”, no tiene corazón. Ruego que te des cuenta del panorama general aquí."
sadness,5091,0,original,"Sin duda, e independientemente de los resultados de , el grupo de deberá replantearse qué tipo de dirigentes tiene en Castilla-La Mancha. Me llega mucha desilusión de sus bases allí"
sadness,7433,0,original,Nos acabamos de enterar de la tragedia en y hemos puesto los videos de noticias en Youtube para verlo. Me están dando unas ganas de llorar tremendas. Yo la vi pero hace muchos años. Q pérdida más grande dios mío. Acongoja el corazón cara llorando fuerte
sadness,4526,0,original,Pues parece ser que el miedo que los medios de comunicación sectarios han metido a la gente ha triunfado. Que pena.
joy,1867,0,original,Buen inicio de semana para celebrarlo mejor con UN CARAMELO PARA EL ALMA
joy,1341,0,original,Reiteramos todo nuestro apoyo a nuestros hermanos de !¡Queremos una ! paloma
sadness,7421,0,original,Hoy toda la humanidad sufrió un devastador golpe. Las futuras generaciones recordarán con hondo pesar este trágico 15 de abril.
anger,5971,0,original,"Para ser el club de tenéis muy poco respeto por los fans que aún no han visto el capítulo. Podríais haber esperado un poco, sobre todo poniendo la imágenes."
sadness,7295,0,original,-Todos lloran por pero quien llora por.... COMETE UNA VERGA Y LLORA TU Y DEJA A LA GENTE LLORAR POR LO QUE LES DE LA GANA.
anger,7710,1,original,Es una inmundicia la peor mugre que existe. Algún día a esa inmundicia a esa basura a esa tremenda porquería espero que le pase todo el daño que le causó a sosteniendo una dictadura y a más a los que armó y luego combatió. UNA MUGRE
surprise,1530,0,original,La noche es oscura de la hostia.
others,2516,0,original,Para quienes se interesen por el derecho les recomiendo el libro “Actialidad Penal 2019” en el cual tengo el placer de ser uno de los coautores junto a y otros ilustres juristas especializados en la materia
anger,4377,1,original,"Lo grave no es la caída en picado del pp (eso ya se veía venir), es que el PSOE haya obtenido estos resultados teniendo como líder a semejante inepto..."
others,1182,0,original,"Concuerdo con vos. Todo sentido de lucha es valido, un pueblo no lo hace el gobierno, un pueblo lo hace la gente que ama y defiende su patria siempre, con principios y hermandad hacia las naciones que sufren también!"
anger,806,1,original,defiende las conquistas populares contra los ataques de los Vendepatria...
others,5967,0,original,Voy a hacer palomitas para ver como acaba el dia de hoy cara de empollón cara llorando de risa
disgust,1887,0,translated_en,Ojalá la gente se hubiera puesto de pie para la transferencia pacífica del poder cuando Trump asumió el cargo como EE.UU. tratando de hacer para
surprise,916,0,original,"¡LO VOLVIÓ POLVO! “Vaya nervios de acero”, así se burló Pompeo de la reacción de Maduro al alzamiento militar en su contra"
surprise,5696,0,original,No se derriten los cirios por las altas temperaturas???
surprise,6066,0,original,Pero toda esta magia donde estaba antes?
disgust,7994,1,original,me gustaría que gane Cristina para que se quede con Clarín y todos estos medios de mierda que tergiversan la realidad. No los pienso defender esta vez. Lo que dijo Macri es lo que expreso y no
joy,2627,0,original,Feliz día del Libro y Feliz día de San Jorge. libros tulipán bandera españa bandera españa
others,8134,1,original,"El discursito de , Ha sido de puta pena. La lógica, como su moral: por ningún lado"
disgust,2379,0,translated_en,EE.UU. creando un nuevo infierno.
disgust,8166,0,original,"El coletas quiere a toda costa estar en el gobierno, le ha cogido gustillo a los chalets que tanto detestaba y ahora va a por los sillones de la “casta”. Hay que apostar por un gobierno moderado y más respaldado"
disgust,1138,0,translated_en,"los conductores de ese camión y las personas que ven esto sin empatía o compasión y continúan con sus vidas como si nada estuviera pasando, son cortados de la misma tela y consisten en el mismo tipo de suciedad."
joy,4431,0,original,"Bueno, he logrado que 4 miembros de mi familia que no van a votar nunca, acudan a votar a la izquierda, ya no puedo hacer más por hoy corazón rojo bandera españa corazón rojo"
others,4142,0,original,listo para ver ganar al manos levantadas celebrando manos levantadas celebrando manos levantadas celebrando
others,3497,0,original,"a pinx Dembele, de un 3-0 a un 4-0 hay muchísima más diferencia que un solo gol"
others,598,0,original,La gente que hace bromas con y juego de tronos... Esa gente que tiene que hacer chistes a toda costa para mantener con vidilla su perfil. Twitter 2019.
others,6949,0,original,"planta joven Los jóvenes tienen que ser escuchados planta joven Dejemos de tomar decisiones sin contar con ellos. Lo que dicen es relevante, lógico, razonable e importante. Cuidemos el mundo. Justicia climática. Mi isla sostenible."
joy,4884,0,original,España tendrá un Presidente del Gobierno SOCIALISTAEnhorabuena Gracias a todas las personas que con su voto lo han hecho posible puño en alto rosa
others,6395,0,original,Cuando ya te flipas un poco bastante...
sadness,717,0,original,"Dios querido, protege a Venezuela y a todos sus habitantes,y a todas las personas en el planeta tierra. Mi corazón se rompe cuando veo todo el sufrimiento y la desesperación de un país."
fear,1678,0,translated_en,El botón de pánico ya está presionado.
others,1516,0,original,"Los dos sabían que iba a pasar, los dos se callaron para que todo saliera bien."
joy,7883,1,original,"Menos mal que tengo una semana para recuperarme, porque no recuerdo haber temblando tanto viendo un episodio en mi vida. Sonará masoquista, pero esto es lo bueno de : la atmósfera te absorbe hasta ese punto. SUBLIME. PEDAZO DE GUIÓN. Y ME CAGO EN TODO."
others,1043,0,original,"vive un ""momento crítico"" ya que ""no está claro cuál es la oposición de las distintas unidades del Ejército"", afirmó el ministro español de Asuntos Exteriores cámara con flash /@EFEnoticias"
others,7068,0,original,Para quien piensa que Greta Thunberg es un invento del capitalismo
disgust,1356,0,translated_en,Messi es muy grosera y carece de entrenamiento en casa cara llorando fuerte
joy,6695,0,original,"MesssiEs el BarcelonaJuegan los otros, pero el resuelve."
surprise,148,0,original,"Dos familias del lujo francés, los Pinault y los Arnault, se comprometen a devolver su esplendor a con donaciones millonarias"
joy,6534,0,original,"Pasarán 200 años y el fútbol podrá cambiar mucho, pero nunca habrá alguien como Messi"
anger,7659,1,original,"Este es Tonto, se lo han dicho pero como es tonto, no se ha hecho cargo. Es un CATEDRAL!"
anger,8008,1,original,Sin no hay gol. Queda claro? Para los imbéciles que lo quieren fuera de la Selección. Hoy no rompe el cero sin el mejor de la historia
joy,4912,0,original,Trabajazo digital y papel de mañana más os vale disfrutarlo para que merezca la pena trasnochar hombre con la mano levantada tono de piel claro cara feliz con ojos sonrientes
surprise,6951,0,translated_en,"Dios mío, eso es una locura, es mejor que perfecto, es Messi."
joy,1841,0,original,Memorable capítulo de . Y aún nos quedan tres más. cara sonriendo con ojos de corazón
sadness,7191,0,original,"Qué triste, qué gran pérdida para el mundo y en especial para la iglesia"
disgust,5557,0,translated_en,"Tiene razón, demasiados ponis en una liga que dominan, significa que inevitablemente flaquean en la"
others,6035,0,original,Yo esta noche cuando salga VOX con muchos escaños y se carguen al 90% de personajes en la batalla de Invernalia.
disgust,2345,0,translated_en,"Apuesto a que Trump está feliz de que finalmente se una a la larga lista de criminales de guerra estadounidenses, un honor saber que somos los terroristas."
sadness,1451,0,original,Que mal lo he pasado sin entrar a twitter en todo el día para no comerme ningún spoiler de
disgust,5993,1,translated_en,"Alguien necesita bombardear el Cheeto con tanques de agua voladores a menos que se derrumbe en el lío literalmente caliente que ya es, y luego rastrillar sus restos en la basura."
others,4371,0,original,Twitter Colombia apoyaba al Todo en orden cara con manos abrazando
joy,4019,0,original,"hasta los 30 del segundo tiempo jugaba mejor el Liverpool, pero al fútbol se gana haciendo goles y más si enfrente está Messi. Ya está el campeón puesto!"
disgust,4499,0,translated_en,Esta persona se presenta a las elecciones y afirma ser una periodista de investigación. es una de las inspiraciones de nuestro tiempo. Ella no se merece estos ataques. ¡Sólo los espectáculos están cambiando el mundo!
sadness,7232,0,original,"Ayer se ha vivido uno de los acontecimientos más trágicos para Francia y el mundo entero,es una pérdida irrecuperable para la cultura más de 8 siglos de historia han desaparecido. cara con el ceño fruncido cara llorando fuerte A continuación te contamos un poco sobre la historia de la Catedral Gótica de"
joy,2739,0,original,"Querido gracias por regalarnos tus vivencias y tus sentimientos a través de corazón morado cara feliz con ojos sonrientes Y así como inicia el libro, yo no tengo mejor plan para los próximos 20 años que seguir disfrutando tu música y estar a tu vera! Te quiero Maestro cara lanzando un beso"
joy,5136,0,original,Hoy el amor ha ganado al odio.
joy,3345,0,original,"ya tiene dueño trofeo , demuestra que sigue dominando en España al volver a conquistar una vez más el campeonato español. medalla deportiva"
others,7096,1,original,"No les deseo mal, pero ojalá que pierda el Barcelona. mujer encogida de hombros tono de piel medio cara con ojos en blanco"
joy,2594,0,original,¿Ustedes también eligen un personaje de la historia que están leyendo e imaginan que son ustedes mismos/as viviendo todo lo que le sucede? Es lo mejor cara feliz con ojos sonrientes realmente se viven varias vidas.
fear,423,0,translated_en,"""El Secretario General insta a todas las partes [en] a ejercer la máxima moderación y hace un llamamiento a todas las partes interesadas para que eviten la violencia y tomen medidas inmediatas para restablecer la calma"", dijo Stéphane Dujarric, portavoz del Secretario General."
others,1011,0,original,Este se han registrado manifestaciones ciudadanas para exigir el retorno de la democracia en los 23 estados de y el Distrito Capital.
fear,6870,0,translated_en,"Desearía haber visto esto ANTES de ver Tal vez habría tomado el borde del horror, la ansiedad y el sentido de la perdición ..."
anger,7788,0,original,Que le pasa abonos tibios como que defienden a estas lacras!!! ????
others,3745,0,original,balón de fútbol | En minutos se enfrentarán y en las semis y ya están confirmadas las formaciones:
sadness,5259,0,original,": Nosotros solo somos niños que protestan, no deberíamos estar haciendo esto,, sentir que nuestro futuro está amenazado hasta el punto de tener que faltar a clase por luchar. Es un fracaso de las generaciones anteriores que no han hecho nada."
sadness,7193,0,original,"No me identifico con la religión católica, pero sí es una tristeza que Europa pierda un referente tan simbólico como . Sé que se intentará reconstruir, pero los cientos de años de sí se perderán."
others,5030,0,original,"Sí Jose, estoy impresionada. Impresionada de cómo hemos luchado contra la extrema derecha y de cómo NO HABÉIS GANADO."
others,6563,0,original,"Pues nada, ya tienen otro triplete."
sadness,7312,0,original,Terrible lo de Asi de terrible se siente visitar la catedral metropolitana en Mexico DF y ver que ésta fue construida con piedras del templo mayor azteca . Caminas por el zócalo y sientes que hay siglos d historia bajo tus pies. La pérdida de patrimonio siempre duele.
fear,6172,0,translated_en,Una forma trágica y real de conectarnos con lo que está sucediendo en nuestro entorno.
joy,4870,1,original,"Oís eso? ES EL SILENCIO, el silencio de de la derecha acojonada viendo como la izquierda va acabar gobernando"
joy,3572,0,original,trofeo - reloj 81' |3-0| GOOOOOOOLAZO de que marca el tercero de tiro libre. Siga nuestro minuto a minuto acá dorso de mano con índice a la derecha
fear,1824,0,original,"Hoy es un día para tener miedo: Esta noche los Caminantes Blancos llegan a , y los fascistas de al Congreso! cara llorando de risa"
disgust,4615,0,translated_en,La lavanda es tan molesto cara cansada
disgust,8031,1,original,"A los que venís a los bares donde ponen fútbol solamente para dar la turra antifutbolera, cuánto os ha quedado de paguita por la dependencia? Porque sea lo que sea, me parece poco."
anger,7559,0,original,Cuando tu madre no te dió la teta y pagas ese rencor con el mundo.
sadness,333,0,original,"Quasimodo, tu refugio arde, ya no tendrás donde ir cada vez que te persigan, qué gran tristeza."
joy,5570,0,original,Cómo un Ave Fénix renacerás de tus cenizas copyright 2016 bandera francia
anger,2842,0,original,Ya se quejaron también de que hablamos el idioma Español?
anger,8334,1,original,"Cambiando de tema, cómo me jode que utilicéis una imagen de El Señor de los Anillos pa vuestras mierdas, siendo de mis pelis favs, coño."
disgust,3202,0,translated_en,"Ahora, todos los impíos arquitectos modernistas quieren aprovecharse para rediseñarlo como un centro comercial futurista."
others,8138,1,original,"La derecha Española sufriendo por primera vez lo que a la Izquierda siempre le sucedió. Votos divididos y sistema electoral actual perjudicándoles. Nunca lo quisieron cambiar, estaban muy cómodos viéndolo desde la distanciaQue se jodan!"
others,6957,0,original,La activista climática y vegana gana el prestigioso Premio Liberté:
sadness,53,0,original,La tragedia de me hace pensar que no deberíamos dar nada x sentado. Las cosas y las personas un día estan ahí y al siguiente dejan de estarlo. Atesoremos cada momento.
sadness,158,0,original,Extraño sentimiento de tristeza y desolaciòn por la pérdida de . cara triste pero aliviada cara triste pero aliviada
sadness,7498,0,original,"Pobre . Maduro que no tiene dedo para el piano, y son incapaces de hacer un como la gente. No hay por donde quien los gobierne."
sadness,1504,0,original,"Cómo sufro al no poder mandar memes del capítulo de por los grupos de Whatsapps con mis amigos, porque no lo han visto todos... cara agotada"
joy,2990,0,original,"No tengo idea de la cantidad de libros que han pasado por mis manos. Desde historias fantásticas hasta libros muy técnicos relacionados con mi área: Amo leer, me hace ser mejor cada día. Celebro en grande este , manteniendo este hábito e incentivando a otros."
sadness,2343,0,original,Ya que es el hablemos de aunque sea lo mínimo mínimo mínimo mínimo cara llorando fuerte cara llorando fuerte Gracias moderador!
others,5199,0,original,“Mi me ayuda a no creer en mentiras” vía
surprise,632,0,translated_en,"Bueno, Arya salió de la maldita nada."
fear,2273,0,translated_en,"La noche será oscura, larga y llena de terrores"
disgust,3700,1,translated_en,Hay una mierda seria pasando en
joy,2710,0,original,Las ideas de un buen libro son igual de frondosas que las hojas del más grande árbol...
surprise,4396,0,original,"Creo que no recuerdo una noche tan apasionante -televisamente hablando- como ésta. Entre el escrutinio de las y el duelo entre un que se agarra a Primera ante un que se muestra incapaz de honrar su escudo, este es BESTIAL."
others,5585,0,original,"Pensaba que los seguidores de GOT eran cansadores, pero no."
joy,1088,0,original,Todo mi apoyo y admiraciónVALIENTES de la en ! Pronto TODOS sin censura! bandera venezuela
others,3047,0,original,"Cuenta la leyenda de San Jorge que tras matar al dragón y salvar a la princesa, nació un rosal y por eso celebramos con rosas y libros. En este , además recordamos a grandes autores como Cervantes y Shakespeare …"
disgust,944,0,translated_en,"¿Cuándo van a abandonar valientemente todos los atavíos de sus vidas privilegiadas, con combustibles fósiles?"
surprise,3260,0,translated_en,"El ritmo, la visión, el tacto, la entrega, la gestión, la fisicalidad. Él lo tiene todo y esa patada libre era tan perfecto como ellos consiguen!"
sadness,1377,0,original,Deja de llenar la timeline de con tus comentarios insinuando spoilers Por favor cara de desaprobación
others,7012,0,original,En hablamos de y las huelgas estudiantiles contra el cambio climático. reproducir
joy,4337,0,original,Gracias por haber elegido jugar fútbol en este planeta.
joy,1411,0,original,"El mejor capítulo de de lejos, que no es decir poco"
joy,5035,0,original,"Gracias por tu defensa incansable de Canarias , nada es más gratificante que el reconocimiento de los canarios por trabajo bien hecho"
anger,8272,1,original,Vete a la chingada!!! primero preocúpate de tu país!!! deja de estar de mamador opinando de
sadness,561,0,original,La Humanidad perdió mucho hoy
sadness,5476,0,original,Nunca un movimiento tan social como la lucha contra el liderado por había tenido tanta repercusión. Que tengan que ser adolescentes y niños los que nos recuerden es que los adultos estamos haciendo algo mal .
sadness,7362,0,original,"miraculers, me voy a dormir, lo he pasado bien hoy dia con el capitulo tormentosa 2 en latino, y mal por lo que a pasado hoy con la , en verdad a sido triste con la ciudad francia, paris, un pais hermoso, y triste a la vez, por esto, bueno nos vemos, los quiero cara feliz con ojos sonrientes cara llorando cara de sueño cara de sueño"
others,2848,0,original,"Siempre que me preguntan películas o libros favoritos no sé que responder, pero para el creo que todos deberían leer Mil soles Esplendidos corazón rojo"
others,5386,0,original,En toda Alemania se manifiestan jóvenes inspirados por en el . contra el cambio climático.
anger,6882,0,original,"Recordad, que los únicos que ganan son los políticos! Los demás seguiremos yendo a trabajar para mantenerlos a todos, sean del color y de la ideología que sean!"
others,1164,0,original,Pompeo desvela que Maduro estaba listo para huir
joy,6141,0,original,Un festejo sobretodo de los lectores
sadness,7514,0,original,"Ni pensar que ustedes alguna vez gozaron de prestigio y aceptación. Venevision, Televen y Gobovision. Que pena"
others,2225,0,original,"Los malos entendidos son muy peligrosos... y si la lectura beneficia la MEJORA DEL ENTENDIMIENTO, ¿no crees que deberíamos leer más?"
sadness,172,0,original,"Una lástima el incendio en la mítica, emblemática y querida Catedral de en París. Foto mía del año 2004."
others,1514,0,original,Que súper héroes ni que nada... Arya Stark señores.
others,4786,0,original,"Yo vivo en Alemania y no he podido votar, por favor votad en contra del fascismo. manos en oración tono de piel claro"
others,6748,0,original,"Pues no he podido votar , parece que me dieron de baja en el censo pero nunca me avisaron. Las multas, eso sí, me llegan todas."
others,3011,0,original,Día del libro!!!! Al abrir y leer un libro te abre a un mundo de posibilidades para funcionar en la vida Lee un libro y comienza a vivir desde el aprendizaje y sabiduría …
joy,727,0,original,"Si hubo algo que me gusto en Chile bandera chile fue la cultura tan bonita que tienen de querer a todos los perritos de la calle. A todos los tratan bien, la gente les da comida y los cuida. Por eso son amigables con todo el mundo. En seria bueno ser así también."
anger,335,0,original,"Lo que las ""pétroleuses"" de 1871 ni siquiera se propusieron, lo consigue ahora en una banda de restauradores ineptos en un país que lleva desde noviembre de 2015 bajo el estado de excepción. Si no fuera una catástrofe cultural, sería como para troncharse de risa."
others,6720,0,original,Pedro Sánchez ya en La Posada…
fear,7620,0,original,Media hora. Y muchos nervios. Preparándome por todo lo que pueda pasar hoy.
joy,6696,0,original,Grande !!! 1 - 0 Vamos Barcelona!!!
joy,4418,0,original,18 horas después ya estoy en casa... hoy puedo llegar cinco horas más tarde al trabajo... destrozado pero contento de que el 80% de mi mesa ejerciera su derecho a votar ;-)
others,1699,0,original,Que ganas de soltar todo lo que pienso sobre AAAHHHH!!
joy,5921,0,original,Esto nada más es suficiente para que desembarque el Comando Sur de USA bandera estados unidos YA! .
anger,8339,1,original,"Ánimo, peperos, desde mañana podéis gozarla inventando más palabras fachas como gilipogre, feminazi, filoetarra, narcochavisno, izmierda... En vez de reconocer que os han botado por corruptos, ladrones y mentirosos."
joy,3489,0,original,No hay palabras suficientes para describir lo que hizo una joya de golazo que quedará en la historia de la es magnífico poder presenciar a este fenómeno del fútbol
others,3548,0,original,"Un 3-0 es buen resultado pero los de Liverpool te encajan esos goles en 15 min. Así que, esto no termina. Recién comienza"
joy,4701,0,original,"Abrazo a toda esa gente, jóvenes en su mayoría, que han hecho viaje express avión para cumplir con ¡Gracias!"
sadness,569,0,original,El incendio de es una perdida terrible para la cultura universal y para toda la Humanidad. Lamento profundamente un desastre de tal magnitud inimaginable para cualquiera hace un par de días. Parece propio de una película apocalíptica de ciencia-ficción.
surprise,5508,0,translated_en,"Lyanna matando a Da Gigante, maldita sea, qué mujer tan valiente."
sadness,23,0,original,"Acabo de ver lo que sucedió en en , y no entiendo a los que se burlan del tema, cuanta historia perdida en cuestión de segundos. cara desanimada"
others,6851,0,original,¿No ha dimitido todavía Casado?
disgust,153,0,original,No conocen ni la ermita de la esquina y ya le están llorando a la iglesia de Notre Dame.
joy,3153,0,original,"Vaya mérito el de Leo Messi ganado 10 ligas de 15, enfrentándose cada año al mejor equipo del siglo 20, al gran campeón de europa. Eso es lo que lo hace una leyenda."
others,1716,0,original,"Yo que quieres que te diga cara de confusión , para mí no es el mejor capítulo de . No sé si soy el único que piensa así."
anger,7649,1,original,"cayó en lo insólito, en el colmo de lo irracional, se puede ser opositor sin ser estúpido pero este señor demuestra que sí se puede. Culpa a y los de la tragedia de"
anger,4906,0,original,"Pero vamos a ver, . , y Suárez Iliana. Os dais cuenta del nivel intelectual de los 3 que están ahí dando explicaciones? Creéis que los españoles somos tontos?"
others,6029,0,original,No se ni q decir....
sadness,7271,0,original,suite para la resurrección triste muy triste bandera francia manos abiertas corazón verde cara desanimada
sadness,222,0,original,"No puedo creer que haya gente contenta por lo de sinceramente me dan pena. No es una cuestión religiosa, es cultural."
fear,1917,0,translated_en,No hay mayor amenaza para el futuro a largo plazo de que el modelo económico insostenible que estamos tratando de forzar a nuestro.
joy,3671,0,original,El mejor jugador de la historia!!!
anger,1853,0,original,"Una ya no puede ni estar en la cola del wok sin que los de delante hagan spoiler de madre mía. Tuve que soltar un 'TE QUIERES CALLAR, por favor...'"
others,6080,0,original,Nosotras mañana si nos quedamos viendo
joy,3857,0,original,"No puedo evitar los pelos de punta (la piel de gallina, los escalofríos/calosfríos) cuando escucho ese himno cara suplicante palo de corazones"
joy,5305,0,original,Un hermoso rayo de Esperanza surgido del Corazón de la Juventud iluminará el Camino hacia una Urgente Solución al Cambio Climático. Gracias Greta Thunberg corazón brillante globo terráqueo mostrando europa y áfrica globo terráqueo mostrando asia y australia globo terráqueo mostrando américa estrella brillante
joy,6471,0,original,| |1-0| - . Final del juego. Victoria de los colchoneros.
disgust,252,0,translated_en,"Siempre me decepcionará cómo se trata a Rhaegal en. En los libros es fácilmente el más peligroso y aterrador de los tres dragones debido a su astucia y astucia, pero en el espectáculo él es sólo ""el otro que Jon consigue montar."""
sadness,7516,0,original,Terrible lo que está pasando en . Una plegaria sincera por mis amistades venezolanas. Que Dios les dé fuerza y entendimiento para hacer lo correcto.
anger,2124,0,original,"De verdad, un poquito más de claridad en los capítulos, que ni en la oscuridad absoluta se ve bien."
sadness,701,0,original,"Mientras que el aire del chavismo siga levantando a muchos venezolanos (por las razones que sea), podrá haber 100 golpes de Estado y aún así ganarían aquellos que representen lo poco que quede de la Revolución Bolivariana. El diálogo es la solución, no la guerra."
sadness,7458,0,original,"Devastadoras y muy lamentables las imágenes de la Catedral de en pleno incendio. Una pérdida invaluable para el patrimonio de la humanidad; la reacción lógica debería ser que todos los ciudadanos del mundo, europeos o no contribuyamos juntos a su reconstrucción."
joy,5119,0,original,"Cuenca, 2 diputados para el PSOE, de lo que más orgullo puedo sentir en estos momentos. Gracias, de verdad."
others,2512,0,original,Una de las mejores formas de aumentar tu inteligencia es leer más.
sadness,265,0,original,Terrible pérdida para la historia de la humanidad. 856 años de historia destruidos por el fuego fuego
joy,2349,0,original,a ler que nada nos cuesta... perdón! cara radiante con ojos sonrientes cara de empollón mono con la boca tapada cara llorando de risa A leer por favor! y excelente combinación!! cara de perro perro huellas de pezuñas corazón rojo libros libro abierto libro verde
joy,1375,0,original,"Good morningggggg!!!!! Una sonrisa y recuperando el aliento después de ver esta madrugada .¿Cuál seria para ti esa serie favorita, que te quita o quitaba el aliento de la…"
sadness,7446,0,original,Mi triste por esta terrible tragedia. Mi corazón está con Paris y Francia el día de hoy!
joy,1563,1,original,En mi vida he tenido tantas emociones juntas viendo un capítulo... EL MEJOR CAPÍTULO DE TODAS LAS PUTAS SERIES DEL MUNDO!!!!
sadness,524,0,original,"Muy triste la noticia del incendio de la iglesia de ayer en París. BnosDías, sed felices y el que esté libre de toda duda que... Arde en París la iglesia en la que se rodó 'El código Da Vinci' vía"
others,6204,0,original,"Palabra a palabra…te voy descubriendo,tocándote con mis yemas. Poco a poco…me vas seduciendo,llenándome de fonemas. Página a página…(en prosa, en novela)el alma se entrega: frente a tus hojas, entre mis manos."
others,6975,0,original,contra el cambio climático desde @ Porta Del Sol
joy,3885,0,original,Señores y señoras les presento el golazo de falta del señor MESSI! cara sonriendo con ojos de corazón cara sonriendo con ojos de corazón manos aplaudiendo manos aplaudiendo manos aplaudiendo
surprise,8284,1,original,cómo cojones se supera este capítulo EH
disgust,1652,0,translated_en,¿Ojalá hubieras manejado Venezuela de manera diferente en el pasado?
others,2709,0,original,“La buena lectura es el camino maravilloso hacia la liberación definitiva”Hugo Chávez
sadness,7272,0,original,Muy triste por . Un patrimonio universal que ardio durante horas ante la triste mirada del mundo. bandera francia cara llorando
surprise,3702,0,translated_en,¡Qué noche para ! alcanza 600 goles de carrera marcando un tiro gratis fuera de este mundo y la toma la ventaja en la primera etapa de 1/2 final contra !
sadness,7442,0,original,Que pena que tanta historia se vaya en cuestión de horas. No hace falta ser catolico o francés para sentir una tremenda pena por lo de . Es una pérdida para la humanidad.
joy,2676,0,original,"¡Feliz Día Internacional del Libro! libro abierto libros ""Érase una vez la historia de niñas y niños increíbles que por alguna razón desconocida vinieron al mundo para transformar familias corrientes en..."
disgust,4336,0,translated_en,"Patético que el ya ha recuperado fondos de las organizaciones para reconstruir el daño, pero Mozambique todavía está en necesidad de nuestros fondos."
fear,3424,0,translated_en,Situación peligrosa que se perfila fuera de la Embajada en DC: la mafia fascista en la calle y el Servicio Secreto de Estados Unidos esperaban entrar ilegalmente en este territorio soberano venezolano.
others,6442,0,original,"Ustedes sigan como desde hace mes y medio, con chancletas y los pies metidos en la arena... Yo les digo en qué momento hay campeón."
joy,3467,0,original,OFICIAL | 11 culé vs ⁦@LevanteUD⁩ por ! A por 26! Os gusta?
fear,5139,0,original,"Hola Pedro Sánchez. Pacta con independentistas si quieres, pero lo que me preocupa es Unidas Podemos. No le des Economía ni Haciendo por Dios. Dale Interior como mucho"
disgust,5952,0,translated_en,"¿Puedes creer que se han recaudado 450 millones de dólares en menos de 24 horas para las tres iglesias quemadas en Luisiana? ¿Por qué no podemos hacer esto en nuestra propia comunidad, no podemos simplemente indignarnos."
surprise,5148,0,original,Alguien me puede explicar qué clase de excusa es la Semana Santa para Pablo Casado?
anger,7095,1,original,"Lo que está ocurriendo en estos momentos en bandera venezuela es un peligro para el pueblo venezolano, Juan Guaidó es un títere de los Estados Unidos. Venezolanos,¿realmente queréis vender a vuestra patria por las mentiras de ese ''defensor de la democracia''?, no os dejéis engañar."
disgust,1039,0,translated_en,"Aquí vienen las teorías de la piratería DUMBBCons. Algunos de la misma extrema derecha que normalmente odian , ahora usando esto como una especie de -llorar contra la gente ellos más."
surprise,6526,0,original,Go-la-zo de De otro planeta.
sadness,605,0,original,"Más allá de religión, hoy la historia está llorando a uno de sus grandes representantes.."
disgust,5334,0,translated_en,"La situación es grave. Por favor, oren por la paz y lo que sea mejor para la gente de allí."
anger,643,0,original,Ánimo este es el régimen que apoyan?? esta es la revolución de Venezuela fuera!!!
sadness,5033,0,original,Qué tolerantes somos todos mientras ganen los nuestros.
disgust,4332,0,translated_en,"La histeria climática está tan desesperada por ‘creer’ que están dispuestos a quedarse de brazos cruzados y ver a un niño ser sacrificado en el proceso. Luchar sus batallas, por todos los medios, pero detener este abuso de . Ella no es su mesías. Ella es una chica atormentada que necesita ayuda."
sadness,4446,0,original,"En este punto ya solo diré que las matemáticas no fallan, ya vemos con quien suman y con quien no. Y no me gusta nada:("
others,4233,0,original,"Perfecta definición de la frase ""el que no hace, le hacen"""
joy,3538,0,original,"Nunca he tenido tanta simpatía por un equipo internacional, del cual podría considerarme hincha; pero hoy quisiera que gane la . Su historia, sus figuras de antaño y actuales son un verdadero lujo"
others,3397,0,original,Solo Nosotros te podemos Garantizar GANANCIAS Afíliate estrella brillante VIP estrella brillante balón de fútbol balón de baloncesto béisbol hockey sobre hielo trébol de cuatro hojas carrera de caballos bandera venezuela bandera estados unidos bolsa de dinero Tenemos un plan para que ganes dinero TODOS LOS DÍAS CON GARANTÍA
others,5738,0,original,con de la en la de la de…
surprise,8307,0,original,"esperando a ante la puerta de Brandemburgo te encuentras con este señor que grita ""Soy el ultimo Emperador"" ..(desnudo esta a la vista)"
disgust,6456,0,translated_en,"Sí, la Notre Dame es genial, pero ¿qué tal si recaudamos 6 millones de libras para salvar nuestro planeta?"
anger,733,0,original,que sigue ahora. Los venezolanos queremos salir de esta pesadilla. Abajo las cadenas de la opresión.
joy,3099,0,original,"Me encanta leer, es uno de mis grandes vicios. Una gran biblioteca es un paraiso.¿Te gusta leer?"
anger,4790,0,original,La autocritica del ??...... La culpa es de VoX.
joy,2702,0,original,"Muy buena lista!! El mejor “Adiós al séptimo de línea” me lo leí cuando vivía en Antofagasta, mejor dicho por estar en esa zona lo “viví”"
others,4013,0,original,Final pt 1-0. Gran semifinal. Esta bien ? Le faltó una marcha en los últimos 15'. Gana 1-0
surprise,1729,0,original,"En ya tenemos sustituto a la ama del univers, la boss"
surprise,3894,0,translated_en,"Tan confuso, de alguna manera hoy es también , pero también se celebra en marzo! ¿Qué está pasando?"
anger,8131,0,original,Abascal ya puede seguir viviendo del cuento como diputado a ver cuantas intervenciones hace cuantas propuestas plantea etc o si solo va por el iPad la tarjeta y el sueldo y dietas
joy,1785,0,original,Sublime Épico Apoteósico Excepcional Majestuoso
others,5807,0,original,esta gonzando y viendo a por la TV. Ya que nunca pensó en ir a ver la situación de ese país
sadness,324,0,original,"Memorias de en el cine. Acompañamos a todos nuestros amigos franceses en el triste suceso. Pronto, después de las cenizas, se levantará esa silueta nuevamente para adornar los cielos parisinos."
surprise,4264,0,translated_en,"Justo cuando crees que lo ha hecho todo, se le ocurre algo aún mejor."
sadness,7273,0,original,es hoy tapa en todo el mundo. Tristeza mundial por los daños del incendio en tan magnífico patrimonio de la humanidad. cara desanimada
others,5334,0,original,"Claro y después algunos iluminados se quejan de y su discurso, pero es que es lo que hay, estamos en fase de descuento, se pongan cómo se pongan"
surprise,4914,0,original,Nervios en el PSOE... El miedo a la necesidad de encamarse con los independentistas para gobernar?
others,6016,0,original,Que no veo hasta la tarde y se me está haciendo el día eterno
joy,1681,1,original,"Siempre fue mi personaje favorito cara sonriendo con superioridad Muy épico todo, joder. Yo con este subidón post capítulo a ver cómo consigo dormirme!!!"
surprise,1527,0,original,Por dios santo va a acabar conmigo! Posiblemente los mejores 80 minutos de la historia de la televisión.
sadness,6736,0,original,Pierde España. Pierden los españoles.
anger,1810,0,original,"La mala leche de los guionistas con sus personajes. Arya yéndose a donde sabe que va a llegar el otro (es decir, da la batalla por perdida) y agazapándose para matarle mientras Jon está ahí escondido debajo de una piedra."
surprise,6588,0,original,El soltó a la BESTIA!!!
sadness,36,0,original,"800 años De historia se fueron en horas corazón roto 8 siglos quedaron en los escombros y así, frente a estas tragedias surge el espiritu solidario que emociona corazón rojo Evalúan si la estructura puede salvarse para reconstruirla, piedra por piedra.."
others,1733,0,original,"Yo pienso que el dinero de producción de , se lo han dejado en la intro cara llorando de risa cara llorando de risa cara llorando de risa"
anger,8361,1,original,"Cuál golpe de estado en ? No mienta, no le digo vaya estudie pq ud sabe que es colombiano y se robó la presidencia, es un usurpador, tirado, dictador. Su amigo Hugo Chåvez, QEPD., fue el que hizo un golpe de Estado. Ud está acabado políticamente."
joy,1656,0,original,"No está mal, no cara guiñando el ojo Hasta mañana ciudadano, que ya se me ha hecho tarde por ver el episodio de cara sonriendo con ojos grandes Buen descanso cara lanzando un beso"
others,2231,0,original,buen día para terminar “Mentes poderosas” libros cara de alivio cañón de confeti
joy,5454,0,original,Mañana es la manifestación globo terráqueo mostrando europa y áfrica y hoy han nominado a al Nobel de la Paz por su lucha lucha contra el ¡Enhorabuena manos aplaudiendo manos aplaudiendo ! Para celebrarlo ¡Inundemos las calles mañana!
sadness,963,0,original,"Es muy doloroso que el 99% de las declaraciones de los civiles que hoy protestan, sean padres que se ahogan en llanto, cuando les preguntan: ¿por qué luchan? Y su respuesta es porque no quiero que mi hijo se vaya, y/o porque quiero que mi hijo regrese."
disgust,953,0,original,bandera méxico Los mexicanos estamos con Es una vergüenza la postura de algunos presidentes ante esta situación....
joy,2823,0,original,"HOY, por el puto mejor día del año, me gustaría saber cuál fue ese libro que os hizo enamoraros de la lectura!! gato asustado"
sadness,329,0,original,lamenta incendio en y da consejo que no debería tomarse en cuenta ►
fear,3560,0,translated_en,Asegure su libertad y hágalo ahora.
disgust,2135,0,translated_en,"Todo está bien y es bueno tener todo el balón, pero el toque de Liverpool en el último tercero ha sido pobre en el mejor de los casos."
joy,6990,0,original,Clima. Greta Thunberg interviene al Parlamento Europeo
joy,4854,0,original,GRACIAS A ABSOLUTAMENTE TODOS LOS QUE HAN IDO A VOTAR. GRACIAS X NO PERMITIR QUE VOLVAMOS A 1822. GRACIAS. corazón morado rosa
others,8001,1,original,Muy bien por el planteamiento vs tigres y que chingue a su madre el Tuca.
sadness,1620,0,original,Siento que lloró más por el que por Kal Drogo.
anger,5290,0,original,"Si tuviéramos una mínima parte de conciencia y tesón que a nuestra casa, el planeta, le iría bastante mejor"
others,7166,0,original,"Hay que marcan tu vida, después de leerlos te hacen reflexionar. ""100 horas con "" me hizo entender lo especial que podía ser un hombre o lo simple que podía ser un gran hombre. Páginas blancas con letras negras que te cautivan."
others,6430,0,original,Ya están disponibles los puntos del 0-0 de la jornada 35
surprise,3306,0,original,Entró Lío y se armó el despelote
anger,7905,1,original,"COÑO,JODER!!!!!!! ME CAGO EN LA LECHEEE"
anger,726,0,original,Recién vuelvo de comprar. Todas las carnicerías de mi barrio repletas. Con el kg d vacío y asado a $290. Se los llevaban enteros. Lamento no haber llevado el celular. De que hambre me hablan golpistas?
anger,658,0,original,Atención con los sobre enfrentamiento entre militaresEn claramente se evidencia que lo que suena cómo detonaciones son bombas lacrimogenas que son respondidas con disparos por los golpistasA desmontar la mentira!
anger,7567,0,original,Una de las mejores cosas de estos resultados es que desaparezca el discurso de mierda de que Pedro Sánchez es un okupa
others,4033,0,original,Bueno declaro Moscú la nueva y renovada Messigrado.
joy,7115,0,original,q capitulo! Espectacular la batalla. Y la musica con las escenas a camara lenta... q buen capitulo manos aplaudiendo manos aplaudiendo manos aplaudiendo manos aplaudiendo
joy,4294,0,original,Messi es el mejor? Messi es el mejor. Llego a los 600 goles balón de fútbol Que locura!
joy,4811,0,original,"Hacía mucho tiempo, que no veía un pueblo tan comprometido con la política de nuevo, ¡Qué emoción!"
disgust,6888,0,translated_en,"botón gratis botón gratis botón gratis botón gratis botón gratis libro azul libro azul libro azul libro azul azul A precios spritual knowledge. Que nunca has leído antesPara obtener este libro milagroso gratis. comments- Name , Add.,Mob.-7696801825"
disgust,3250,0,translated_en,Househelp mata a su bebé por parecerse al líder de la oposición kenyan.
sadness,7717,0,original,"Pobre , tan lejos de Dios y tan cerca de los Estados Unidos"
joy,2822,0,original,"Los libros se leen en físico, para disfrutar el olor de sus hojas!!"
anger,8382,1,original,"Pompeo dice que Maduro estaba listo para dejar Venezuela y Rusia lo impidió Liberen ya al tirano traidor que entrego su país y su petróleo a naciones fraudulentas disfrazadas de “amigas” “hermanas” de Izquierda, pura mentira y simulación. Maldad. RS82 S16 1"
anger,7057,0,original,Escasa cobertura de los medios a La movilización de escolares y otros jóvenes inspirados en es de las noticias esperanzadoras de estos tiempos. Porque tan poca resonancia en los medios y columnistas?
joy,3775,0,original,"Hoy tengo el corazón dividido. Se enfrentan mis dos equipos. Gane quien gane, no me iré descontento. Que viva el fútbol. A disfrutar. Barça - Liverpool"
others,769,0,original,Porqué es tan difícil abrir período de transicion y convocar elecciones libres con observación internacional Sr. ?
others,1222,0,original,"Secretario de Estado USA, MikePompeo, asegura que Maduro estaba listo para salir hoy de en un avión pero los rusos le indicaron que debía quedarse."
anger,1066,0,original,Que horrible lo de no se dejen intimidar!!!
anger,7845,1,original,"La peña con la resaca post-electoral y yo preocupado por saber quien queda en pie tras la batalla de fuego e hielo en joder, tengo que esperar una semana entera para hacer recuento"
joy,6106,0,original,"Sé que en la serie no lo nombran, pero Arya como Azor Ahai cara radiante con ojos sonrientes cara radiante con ojos sonrientes cara radiante con ojos sonrientes cara radiante con ojos sonrientes cara radiante con ojos sonrientes"
joy,4225,0,original,Grande FB Barcelona. Que espectáculo dieron. Los mejores de la mano del mejor de la historia
joy,3146,0,original,"Pues bueno campeón de , 8 campeonatos en 11 años es brutal, dominio en"
surprise,7950,1,original,Creo que acabo de asistir al episodio más acojonante de Joder joder joder
sadness,7624,1,original,"Me da pena que se queme la aguja de la catedral de pero es que los franceses son retrasados, iba a acabar pasando con esa gente"
joy,3090,0,original,"Por el he recuperado uno antiguo que no deja de sorprenderme cada vez que lo leo. Interesante la sociedad que refleja. Y, por supuesto, también me han regalado una rosa. Esta vez amarilla, mis favoritas cara sonriendo con ojos de corazón"
fear,1454,0,original,"No Bran, que es el arma secreta!! sin el están acabados esta vez de verdad"
joy,3537,0,original,"EUROPA SE RINDE ANTE EL 'REY' no jugó bien, sin embargo, dos pinceladas de Messi le dan la victoria de 3-0 ante y pie y medio en la final!"
anger,7741,1,original,"Mientras y las derechas golpistas de Latinoamérica mientras sobre la situación en , la relativa calma vuelve a la poblaciónLos golpistas fueron contenidos, huye como rata a y nuevamente queda como un"
joy,3390,0,original,La celebración histórica del Barcelona el mejor club del mundo
sadness,7429,0,original,"Como el más ateo anticulto que vais a ver en vuestra TL, me apena y enfurece el incendio de . Lamento las grandísimas pérdidas y celebro todo lo que se ha salvado. No hay que ser cristiano para reconocer la grandeza de lugares como este."
joy,3063,0,original,"Y después de todo resulta que en este día del libro no tengo nada de Shakespeare ni de Cervantes en mi biblioteca, así que aquí les dejo algunos de mis favoritos. •••• …"
others,6284,0,original,libros Los mexicanos leemos cada vez menosDa click aquí: dorso de mano con índice hacia abajo
sadness,3573,0,original,Qué triste la vida de aquel que no puede/quiere disfrutar de . 3 - 0
joy,2762,0,original,"El libro es fuerza, es valor, es poder, es alimento; antorcha del pensamiento y manantial del amor: Rubén DaríoInculquemos el amor por la lectura en nuestros niños libros"
joy,3081,0,original,Pues como hace poco me terminé 'Un lugar al que volver' de que mejor que hoy para recomendarlo
others,5484,0,original,"Apoyo a Greta Thunberg, luchemos contra las injusticias."
disgust,8173,0,original,"Los ideales de izquierdas, son como un cuento de hadas precioso, pero puestas en prácticas son nulas, la historia y los datos hablan por sí solos."
sadness,5944,0,original,"Muy chevere y todo pero ese no debía ser el final para el rey de la noche. merecía más, muchísimo más"
sadness,7456,0,original,"No ha habido daños personales... no hago más que leer esto. Solo un necio puede contemplar esta foto de Notre Dame en llamas y decir que no hay daños personales. PUES CLARO QUE HAY DAÑOS PERSONALES!! Cuantiosos y terribles daños personales. Hoy, todo el mundo llora. cara llorando"
sadness,7531,0,original,me duele España y en breve nos va a doler a todos.
anger,8112,1,original,"Aquellos quienes metieron toreros y cazadores en sus listas y los utilizaron para sus campañas, se han comido una mierda del tamaño de Texas."
sadness,58,0,original,"Estoy destrozada por el devastador incendio en la Catedral de Notre Dame, estaba planeado ir dentro de 4 o 5 décadas para conocerla, Dios la tenga en su Santa gloria. cara desanimada"
sadness,7334,0,original,Pdte. lamenta ‘irreparable daño’ a catedral de tras trágico incendio
anger,7581,0,original,"Todo lo referente a me parece un mierdal con todas sus letras. Pseudo golpes de estado, amenazas que no asustan a nadie y eternos ""intentos de intentos de..."" Demasiado escandalo e histeria, muy propia de la idiosincracia de su pueblo: Mucho ruido, pocas nueces."
others,6567,0,original,"Hoy hay Shempions y es feriado, así que hoy hay 2 Kg de papas fritas y cerveza para tal magno evento."
joy,2829,0,original,¡Felicidades a todos los lectores! dos corazones dos corazones dos corazones dos corazones dos corazones
disgust,635,0,translated_en,Los multimillonarios prometen toneladas de dinero para arreglar una iglesia mientras que pueden fácilmente donar fondos a “cosas” que realmente importan.
joy,2296,0,original,"Uno de los libros que he leído, releído y subrayado... sencillamente genial!"
others,6176,0,original,Cuál están leyendo? Yo este...
joy,2375,0,original,¿Hay algún libro que os encanta y al que volvéis de vez en cuando?
joy,2085,0,original,BRUTAL!!!! preparaos para el tercer capítulo
joy,1881,0,original,"Capitulazo, pasarán los años y no creo que volvamos a ver nada parecido a Juego de Tronos, sublime."
disgust,5476,0,translated_en,A los jugadores de Liverpool les encanta bucear. ¡Tramposos!
anger,7997,1,original,Solo ver el fichaje de Vidal es una Cagada sobrevalorada
disgust,4057,0,translated_en,"Los neo-cons como el levantamiento a gran escala de la gente o la deserción generalizada de los comandantes militares -ningún de los cuales ha ocurrido todavía- el costo social, político y militar de la invasión estadounidense son incognoscibles, pero tal vez gigantescos"
disgust,2083,1,translated_en,Sin zapatos!!. Demasiado arrogante o demasiado ignorante
disgust,5523,0,translated_en,"Sin embargo, la gente llorando por un HOMBRE MADE BRILDING sólo 800 años algunos sitios aborígenes son miles de años de edad y están siendo destruidos .... y en todo lo que se oye es parrilla parrilla parrilla parrilla Gobierno federal rechaza puja indígena vía cara con símbolos en la caja cara con símbolos en la caja"
surprise,3730,0,original,La atajada de Ter Stegen es BRUTAL
joy,3663,0,original,HOY JUEGA EL MEJOR EQUIPO DEL MUNDO!! palo de corazones corazón azul
others,2525,0,original,"Es urgente sembrar en nuestros niños y jóvenes la pasión por la lectura,por el conocimiento. Jamás tendremos un país desarrollado si está poblado de mentes subdesarrolladas. Mientras más libros le demos a nuestros hijos,más lejos les estaremos llevando de la pobreza"
sadness,7432,0,original,"Una lamentable pérdida para la hoy que perdimos , al menos las cúpulas dañadas tendrán que ser recuperadas con delicadez."
joy,2016,0,original,volviendo a ver el último capítulo otra vez ... expectacular en todo para mi la mejor serie de la TV gracias por tanto.
surprise,2573,0,original,Uff de los mejores libros libros
joy,4103,0,original,"¡Qué grande eres ! Con doblete de Leo y uno más de , derrota al y prácticamente sentencia la Semifinal de la"
surprise,2136,0,translated_en,Veo que os habéis puesto nerviosos esta noche.
disgust,1276,1,translated_en,"Así que la gente rica ha prometido $600 MILLONES para restaurar después de la . Y eso es AWESOME. Pero también significa que tenían eso a su disposición todo el tiempo - para financiar la investigación médica, para alimentar a los hambrientos, para salvar a las ballenas."
joy,4825,0,original,"Hoy puedo decir que sí que me siento orgullosa de España, aunque esos 24 escaños que ha sacado VOX me preocupan."
others,1204,0,original,Bolton: En Venezuela no hay un golpe de Estado
surprise,5605,0,translated_en,"Tensión irreal, todavía estoy en shock."
disgust,716,0,original,Alguien que me diga si ya apareció Maduro? Ya está en Cuba o sigue diciendo mentiras de la felicidad de ?
anger,56,0,original,Una cosa es ofenderse por todo y no ser capaz de aguantarse una broma. Otra muy distinta es burlarse y no entender la tragedia cultural y la gran pérdida para humanidad que ocurrió hoy
others,7090,0,original,", la adolescente que se puso en huelga por el clima via"
joy,2809,0,original,Premio Cervantes: Lección de humildad y erudición de Ida Vitale |
sadness,406,0,original,"Desolador ver cómo nos estamos cargando todo. Impotencia, rabia. Más de 800 años de historia en llamas. 800 años."
joy,5036,0,original,Cuándo he ido a votar han tenido que coger una regla porque de lo llenas que estaban las urnas los sobres no acababan de entrar. No sabéis lo feliz que me hace saber que hay gran movimiento. ⁠ ⁠
others,2437,0,original,libros La inspiración de los mejores jugadores de viene de estos libros alto voltaje
disgust,3227,0,translated_en,"0% de los medios de comunicación de élite se han opuesto a la operación de cambio de régimen en los últimos 3 meses. Como dijo Chomsky: ""Cualquier dictador admiraría la uniformidad y obediencia de los medios de comunicación estadounidenses""."
sadness,2011,0,original,"Yo veré el capitulo mañana, mi pareja quiere que lo espere para verlos juntos. Estoy sufriendo entre pensar que me comeré algún spoiler, en pensar quien morirá, y en pensar que ya solo quedara 3 cap para que acabe la serie cara llorando fuerte"
others,2194,0,original,Rebeldes de Susan E: Hinton
joy,3718,0,original,que buena época para ver fútbol!!!!
sadness,7343,0,original,Si sabemos que pasaron 2 siglos de construcción de la o nos mandaron a dibujar en tinta china el de Paris sabe que la pérdida es irreparable y que es lamentable no poderla conocer en Vida. Estoy llorando.
fear,4517,0,original,Me da miedo la falta de principios de PSOE y la veleta de Ciudadanos.
disgust,7808,1,original,El gobierno mexicano es un ASCO! vs y
others,5656,0,original,"Una vez que llegó el día, así está la nave central de"
surprise,2046,0,original,El tercer capítulo de la 8 temporada de es brutal
surprise,6881,0,original,5. A Podemos le fueron favorables los debates y el regreso de Pablo Iglesias. Terminó superando el número de diputados que le asignaban casi todas las encuestas.
sadness,6952,0,original,"exclamación doble Mientras 815 millones de personas padecen hambre crónica en el mundo, el 33% de los alimentos del planeta se desperdicia y el 56% de esos residuos se genera en los países industrializados.¿Hacemos algo ya?"
joy,4397,0,original,Creo que hoy va a ser una de esas noches que este país nos va a hacer sentir orgullosos
joy,4376,0,original,"El más grande, el único, el mejor!!! manos aplaudiendo manos aplaudiendo manos aplaudiendo manos aplaudiendo"
joy,3196,0,original,"Valverde, tras ganar el título con el Barcelona: ""Es un orgullo ver a esta afición disfrutar"""
anger,7754,0,original,Putin dictador no tiene porqué meterse en ! Está acostumbrado a hacer lo que se le da la gana! Acá no lo va a lograr!
joy,4549,0,original,Un verdadero honor y un verdadero privilegio poder haber vivido desde Torrespaña esta noche electoral trascendental para nuestro país.
sadness,177,0,original,Desde con y sobretodo con el pueblo francés... bandera españa corazón rojo bandera francia
anger,7569,0,original,"han ganado las elecciones aquellos que no respetan nuestra bandera y atentan contra los españoles como son los indepentistas catalanes y los etarras sucios. Es un periodo malo para el PP, pero de aquí a 2 AÑOS volveran y ESPAÑA bandera españa será la que era."
joy,2840,0,original,"La felicidad viene en palabras y por un escritor, . libros"
sadness,88,0,original,Pobre incendió en paris en la Catedral de Notre dame a un tiene esperanza
surprise,5477,0,translated_en,es quirúrgico con el juego de los pies.
anger,7770,1,original,"Hace dos días contaba orgulloso que estuvo 20 años empuñando las armas (solo por amor claro está) cara llorando de risa Sigue defendiendo al tirano, bajo cualquier argumento, y haciéndose el huevón. Esto sí ya no tiene nombre!!"
disgust,1571,0,translated_en,"Notre Dame será reparado en el gasto del contribuyente, pero como un “espacio cultural compartido”. Y así es como se convertirá en una mezquita."
joy,4184,0,original,"JODER!!!!! ERES EL PUTO REY DEL FÚTBOL!!! GOOOOL DE BARCELONA, GOL DEL MEJOR JUGADOR DEL MUNDO!!!!"
others,2611,0,original,"libros El libro, como el mar ola de mar , alberga en sus profundidades un tesoro que solo el navegante de sus letras podrá disfrutar ancla"
surprise,622,0,original,"Es sorprendente la cantidad de ""profetas"" que han aparecido en las últimas horas para explicarnos por qué ha ocurrido lo que ha ocurrido en"
others,6587,0,original,Ojalá que los de la estén viendo la (para que no nos aburran en la noche).
sadness,7210,0,original,"Nos solidarizamos con París, el pueblo francés y con todxs lxs defensorxs del del mundo que ayer nos estremecimos de tristeza y dolor por la irreparable pérdida en"
disgust,3518,0,original,¿Y aún lo extrañan al luso malcriado ese? príncipe
joy,3511,0,original,Se viene el combo clásico del Pollo Listo Vamos Barça!
joy,3055,0,original,"Este tweet me define. Feliz Sigo alimentándome de letras, ideas y mundos que no existen. Mi mente es libre."
surprise,3866,0,translated_en,"Me encantó cómo lo mataron fuera. Fue un momento tan fresco y se hizo de la manera correcta, pero es tan abrumador que se acabó tan pronto y sin historia posterior. La primera vez que me ha molestado que están acelerando a través de estos episodios."
anger,8294,1,original,Arengando en el calentamiento previo. Metiendo. Raspando. Puteando a sus jugadores. Haciendo el gol nro 600. en modo Supersayayin balón de fútbol
others,6423,0,original,1T 41' Athletic 1-0 Alavés
others,1849,0,original,"Pues qué fácil todo, ¿no? Si las cosas van a ser por obra y gracia..."
anger,5412,0,original,"En vd que esta cabra me está cambiando. “Dicen que aman a sus hijos, sin embargo les están robando el futuro frente a sus ojos” -"
joy,4508,0,original,"FELIZ. Gracias España! Los españoles hemos demostrado que somos mejores que nuestros políticos. No queremos odio, enfrentamiento ni ir hacía atrás. Lo que queremos es igualdad, avanzar y diálogo."
surprise,1892,0,original,El suicidio o sacrificio de la mujer roja aún no me queda claro cara pensativa
surprise,1430,0,translated_en,De vuelta en las redes sociales después de una pausa de 20 horas para evitar spoilers Juego de Tronos. Todo lo que tengo que decir es SANTO CRAP! No sabía que podía contener la respiración durante 82 minutos! cara sonrojada
anger,7792,1,original,"es el presidente legítimo de , fue elegido por el único Congreso venezolano legítimo. El usurpador es el genocida de"
joy,2682,0,original,Estoy feliz de haber retomado mi hábito de lectura este 2019!!! Llevo 10 libros!!!
others,2614,0,original,"""Es mejor callar si lo que vas a decir no es mas bello que el silencio"""
disgust,4383,1,translated_en,Estoy listo para morir ahora mismo la gente detiene a estos cerdos de robar trampas asesinas destrozando a nuestros líderes mundiales ahora la gente ... !!!!!!!!!!!!!!!!!!!!!!!!!!!!
sadness,20,0,original,Estos dos días me he dado cuenta que soy el único pobre que no conoció la Catedral de
sadness,1636,0,original,"No lo he pasado tan mal viendo una serie en mi vida, en plan me he tirado medio capítulo llorando y rezando para que no mueran..."
anger,1467,0,original,Respecto a esto. Me han comentado que lo de poner manchas en un fondo negro durante casi todo el capítulo ha sido para ahorrarse presupuesto en efectos especiales. LAMENTABLE.
others,2572,0,original,Regalito del corazón rojo cara sonriente . Nunca había escuchado sobre la programación neurocaligráfica pero tiene muy buena pinta. cara de empollón . Se trata de una serie de ejercicios para trabajar a través…
others,4544,0,original,España es claramente un país de izquierdas cuyos ciudadanos solo votan masivamente a la derecha cuando se quedan sin trabajo y dinero.
sadness,286,0,original,"Para sentir pena no es necesario ser creyente. Un monumento histórico,un himno, una bandera se respeta. La insensibilidad y el desprecio que vi hoy es de no creer, las creencias de otros no deben ser juzgadas y a la vez uno no tiene q imponerle a otros lo q uno cree."
sadness,7441,0,original,"Que todos estemos emocionados llorando la pérdida de “una infraestructura” dice mucho de esa infraestructura, no creen? significa muchas cosas y nunca pensamos que algo así nos angustiaría tanto. Así de magnífica es (nada de “era”)."
disgust,4670,1,original,los que estáis ahí gritando con rivera NO sois mis putas personas
others,6278,0,original,"En el las profesoras de representan ""San Jorge y el dragón"""
disgust,6299,0,translated_en,"es un globalista liberal débilmente cobardemente. No espere que nada significativo provenga de él. La búsqueda de multiculturalismo por parte de los liberales en Europa los está alcanzando rápidamente, y de una manera feroz."
anger,110,0,original,"Leo tantas tonterías en el hastag Os recomiendo el documental ""La vida sin nosotros"". Sin el ser humano, la Tierra tardaría sólo entre 200 y 300 años en borrar cualquier vestigio de nuestra civilización. Un poco de humildad como seres humanos, por favor."
disgust,1035,0,translated_en,"“Pero cuando suficientes personas hacen falsas promesas, las palabras dejan de significar nada. Entonces no hay más respuestas, sólo mejores y mejores mentiras, y las mentiras no nos ayudarán en esta lucha.”"
disgust,37,0,translated_en,"Note el blip estático después de que dice que los ciudadanos no tienen armas, los militares tienen el poder... ¿se preguntan si la soneona golpeó el botón estático tarde?"
joy,3769,0,original,Hasta trabaja en el y lo hace al ciento por ciento... ¡Gracias por tanto carajo! ¡Qué GOOOOOOL!
others,3983,0,original,Hoy triunfa el . Guarden este tuit.
disgust,6653,1,translated_en,"Si te llamas progresista y defiendes a Maduro hazme un favor y cierra la puta boca Si no eres venezolano y estás explotando esto para decir ""socialismo malo"" Hazme un favor y cierra la puta boca Esta es mi familia. Mi gente."
sadness,311,0,original,"Lamento tanto esta tragedia, qué triste de verdad!"
joy,6546,0,original,81' cronómetro | G balón de fútbol balón de fútbol balón de fútbol balón de fútbol LAZO exclamación doble de . La Pulga clavó el esférico en en ángulo de Allison tecla 3 - tecla 0 círculo azul círculo rojo círculo rojo círculo rojo
joy,50,0,original,Gracias a los bomberos de París y a los trabajadores de los que lucharon por salvar a . a tous. Sin duda el pueblo francés la reconstruirá.
disgust,3383,0,translated_en,¿Cómo podría tu propio guardacostas manejar a su gente ove esta es la mierda más loca que he visto en mi vida
others,2624,0,original,"Todo arquitecto, diseñador, ingeniero, etc debería tener este libro a la mano para realizar mejores proyectos pensando en todos."
others,4832,0,original,Dejad de poner el mapa con Valencia en color verde de Vox manos en oración tono de piel claro medio
joy,6439,0,original,Ya viene el gol con el que el se va a caer oeeee oeeeee
anger,8317,1,original,se quemó gracias al gobierno imbécil progre que deja entrar a cualquiera a su país.*Monito estúpido amarillo golpeando la mesa*
disgust,6863,0,translated_en,"Parece que ha lanzado un violento intento de cambio de régimen en . Esto no es un levantamiento popular, es un intento de golpe."
fear,1606,0,original,La noche es oscura y aberga horrores.
joy,4042,0,original,vamos chicos sois los mejores
others,3523,0,original,"Eriksen: ""Son un buen equipo, pero les facilitamos el camino"""
joy,305,0,original,Es algo de lo que estar contento
others,6911,0,original,"Inspiración globo terráqueo mostrando américa | Greta Thunberg mujer, joven, activista, generadora de conciencia hacia el calentamiento global"
others,6104,0,original,El rey de la noche vs Bran
joy,3439,0,original,trofeo número tecla 2 tecla 6 . tecla 8 títulos de liga de los últimos 11 torneos locales.¡Simplemente los mejores de bandera españa ! Felicidades
others,7116,0,original,Busquen más fotos viejas rápido rápido
others,1264,0,original,En estos momentos una tanqueta de la GNB se encuentra en la autopista Francisco Fajardo dirección sureste y está vía se encuentra sin tránsito vehicular …
joy,2966,0,original,"Hoy quiero felicitar a uno de mis escritores favoritos,un ejemplo de tenacidad y constancia de como seguir escribiendo aunque nadie te lea mi querido"
others,948,0,original,"Dice Bolton que lo de no fue un golpe de estado, tiene razón, fue otro intento fallido,"
others,2288,0,original,Hicimos una encuesta y 70 personas nos dijeron cuál es la palabra más fea del español.
others,2845,0,original,"Un viaje entre un sin fin de aventuras a través de diversos mundos, eso es un libro. Práctica la lectura y vive mas de una vida antes de morir."
anger,8367,1,original,"Están agrediendo que esperan, dulces y besos! no sean idiotas! O mejor le tiran las tanquetas encima como en , así no tendrían problema!"
others,2726,0,original,"Hoy, en el , se lanzó el Primer Concurso Nacional de Narrativa Gráfica, gracias al trabajo coordinado entre , , y . Más información en"
sadness,376,0,original,"Hace tiempo rodé una escena de ENTRE VIVIR Y SOÑAR delante de la majestuosa de con Carmen Maura, quien me iba a decir que años después vería como algo tan bello se quemaría. Todos nos sentimos desolados e impotentes ante esta catástrofe."
sadness,430,0,original,Un gran daño a la historia de la humanidad
joy,6513,0,original,El Barça es campeón de la liga!
others,3828,0,original,"Nunca insultes el templo de un Dios, lo haces enojar"
sadness,7227,0,original,Desde nos sumamos a la lamentación por lo ocurrido en . Una gran pena en todos los sentidos
others,3320,0,original,RESUMEN | Así fue el ATLÉTICO 1-0 VALLADOLID que se decidió entre un gol en propia meta y un penalti no pitado reproducir
others,7133,0,original,van a dar voto a esto??
surprise,1125,1,translated_en,Juego de Tronos me hace necesitar una bebida muy dura en una noche de lunes ... oh mi maldito dios ...
anger,534,1,original,Mezclar la catástrofe de con Cataluña es difícil. Pero parece fácil para cualquier psicótico obsesivo como vosotros.
others,2723,0,original,Para mí un buen libro siempre será la mejor compañía en cualquier lugar libro abierto
others,2914,0,original,"Aprovechando que todavía estamos en el , voy con una recomendación perfecta para amantes del . No sé si lo conocéis , pero merece la pena echarle un vistazo."
sadness,7215,0,original,Lamentamos profundamente los sucesos acontecidos en París. La cuna del vino mundial ha sufrido una pérdida irreparable. bandera méxico cara con el ceño fruncido bandera francia
joy,2903,0,original,"Feliz en Tomares, Andalucia, Spain"
joy,1249,0,original,"Ánimo Venezuela, los mexicanos contigo,"
others,3292,0,original,balón de fútbol El Barcelona busca el alirón definitivo ante un Levante desesperado
surprise,4487,0,translated_en,¿Alguna vez ha habido un equipo para jugar así de bien y todavía perder 3-0? Messi es el gawd
others,6598,0,original,No mmr!!! es un crack!!!
others,5132,0,original,"No entiendo el problema que tienen algunos con las fotos de la gente votando. La cuestión era movilizarse y votar,no? Os da rabia que la gente vote con alegría? A mí me parece estupendo que el postureo del día sea una foto votando y no una foto del postre."
others,3670,1,original,Bendito 1 de mayo que me dejara ver sin pedos el vs
joy,4426,0,original,"Todo español que quiera pirarse de España, lo acojo en mi país encantada."
anger,676,0,original,"No se requiere un análisis demasiado sesudo para saber de qué va lo de Dime quién te apoya y te diré quién eres. Viendo los ""apoyos"" es casi una obligación apoyar lo contrario. Aquí el apoyo de , y (Hilo) dorso de mano con índice hacia abajo"
sadness,7316,0,original,Es una lástima una pérdida de esta magnitud.. El mundo está de luto por
sadness,4625,0,original,"Pobre estepaís. Bueno, pobre pobre de verdad cuando salga el ególatra de la Moncloa"
others,3594,0,original,El deja muy de cara su pase a la final de la Champions League tras vencer por un contundente 3-0 al con goles de y dos de un magistral .
disgust,6540,1,translated_en,"estaba ensalzando la brillantez de cuando murió. Dado que tenía un hijo autista y era autista él mismo, estoy seguro de que habría sido rechazado por sus comentarios intolerantes y llenos de odio sobre ¡Qué vil trabajo es esta mujer!"
sadness,174,0,original,"... pobres ""cristianas"", deambulan como alma en pena. ¡No hayan en que palo ahorcarse pa llamar la atención!"
joy,3975,0,original,"Hubo un tiempo que intentaba poner excusas para no afirmar que Leo Messi era el mejor del mundo. Me arrepiento. Pericos, aunque joda, el cabrón es MUY BUENO, aunque joda. El mejor de la historia."
surprise,1720,0,original,Solo puedo decir... vaya capítulo. Aún estoy intentando recuperar el habla porque me he quedado en puro shock. No sé si llorar o reir o qué.
sadness,2253,0,original,Y otra: “Ulises” de James Joyce ha sido de las pocas obras que he sido incapaz de leer entera y lo he reintentado varias veces con tiempo de separación.
joy,4102,0,original,Menos mal que esta Vidal
anger,7705,1,original,"Las mentiras de , , y sus soldaditos terminan aquí, en las redes sociales."
others,6725,0,original,"acabo de leer que podemos tiene más votos pero menos escaños, ¿como puede ser eso? ayuda pls no tengo ni idea de cómo va el tema escaños"
others,1122,0,original,"No fue un golpe de estado en , simplemente fue para camuflar la salida de Leopoldo y Guaidó del país por la vía del asilo político!"
sadness,193,0,original,Qué mal en verdad quería conocer cara llorando fuerte
surprise,7837,1,original,Ahora sí que si. A ver quién coño duerme ahora
sadness,7417,0,original,"El día que conocí fue de los más felices de mi vida, recuerdo hasta cómo iba vestida. Hoy el fuego venció a las gárgolas, el calor extremo arrodilló a la cúpula , tanta obra perdida. Trágico día, el más triste de varios, primera foto de adentro de"
others,5350,0,original,El bosque de Costa Rica salvado gracias a las galletas de los niños suecos
joy,307,0,original,manos en oración un billonario donará 100 millones de € para restaurar . Qué maravilla que existan seres de luz entre tanta oscuridad!
others,1727,0,original,Las siete temporadas anteriores han dejado un nivel muy alto
others,4809,0,original,Vox tiene tantos seguidores como Dulceida
joy,1436,0,original,Nos unimos a la fiesta cara guiñando el ojo 10 escenarios de
others,1276,0,original,"Golpistas en huyendo, acaba de anunciar el gobierno de que Lepoldo López entro a embajada chilena en y pide asilo, desaparecido, militares buscan asilo en embajada de . ! Fracaso el golpe contra la Revolución!"
surprise,3468,0,translated_en,Es tan bueno que pueden ir a dormir durante la mitad del partido y luego simplemente encender el interruptor a plena potencia cuando quieren.
others,2824,0,original,"Mi regalo de y y ya dejé vistos unos cuantos, la ventaja: en europa consigues libros desde 1 Euro y en Alemania se acostumbra dejar libros en algún lugar de la calle para que lo tome quien quiera leer"
joy,3070,0,original,"Hacía tiempo que escuchaba los beneficios del mindfulness, de la atención plena. El estrés de cada día le asfixiaba. Necesitaba tranquilidad. Pausa. Abrió un libro. Puso puntos y comas en su vida. Al fin pudo respirar."
surprise,3695,0,original,¿Pero este Liverpool no jugaba bien?
joy,3932,1,original,"MESSI QUE BELLEZA DE GOL, JODER! LO AMOOOOO"
joy,1782,0,original,¿Listas las palomitas? palomitas ¿Tablet cargada al máximo? alto voltaje ¡Venga que se acerca el invierno! espadas cruzadas ¡Dale a LIKE si tú también eres FAN!
others,1213,0,original,El continuismo hace mucho daño
others,1629,0,original,Lo resumo en ARYA STARK ES MI HEROÍNA Y LO QUE HE SUFRIDO POR ELLA TODO EL EPISODIO NO ES NORMAL (las mayúsculas eran necesarias)
others,1052,0,original,Maduro ordena masacrar a su propio pueblo: una tanqueta militar arrolla a los manifestantes bandera venezuela
anger,7959,1,original,Creo que ha dejado en 1h y 30min a tropecientas temporadas de   es la pura y más absoluta mierda...
joy,3953,0,original,"El gol de Tiro libre de Messi me hizo gritar, y conste no soy fan del futbol. Sin duda fue genial."
anger,126,0,original,"¿Se supone que tenemos que admirar esto? Me parece estupendo que se vaya a restaurar, pero que sea un grupo de personas las que tengan el poder de hacerlo solo es otra muestra clara de la desigualdad, las injusticias y la crueldad de este sistema capitalista."
joy,3189,0,original,"Es momento de relajarse y ganar, aprovecha este súper sábado con el ."
disgust,8174,1,original,Los Subnormales mmm Abandonados perdiendo las elecciones..
surprise,1591,0,original,La gran ventaja de que mate a sus protagonistas desde su 1a temporada es que genera tensión en el espectador. Solo así se puede sorprender y crear episodios como el 8x03 : BRUTAL
surprise,5979,0,original,Apoteosico lo de esta serie
sadness,7513,0,original,Probablemente es verdad. Lo triste es el punto sigue siendo la cantidad de gente que va a morir hoy en los enfrentamientos:( Será que logran algo?
surprise,5234,0,translated_en,"madre día productos que vienen pronto son usted listo dar para su regalo de su mamá, he venido con hermosas camisetas, ir a mi sitio web haga clic aquí"
others,3787,0,original,Lionel Messi se ha pasado el juego de faltas.
anger,8327,1,original,"En serio gente tan pendeja que se ha burlado de lo que pasó en en que momento Twitter se invadió de tanto animal de gente tan idiota, estúpida si la catedral es algo material si, pero tenía un valor de años algo que difícil para tarados será de entender"
joy,3508,0,original,Disfruten y demos las gracias ante dios balón de fútbol corona bandera camboya
sadness,7310,0,original,Hoy lloro por No es necesario ser católico (que no lo soy) para llorar el daño al patrimonio de toda la humanidad que se pierde con este incendio. Ojalá finalmente sea lo menos.
others,7923,1,original,"Ni televisión 4k ni sonido 10.1 ni ostias, el mejor accesorio para ver el tercer episodio de :"
others,1826,0,original,Queremos saber tu opinión sobre
joy,4271,0,original,"GOLAZO DEL MEJOR DEL MUNDO, DE LA HISTORIA."
anger,7600,0,original,"Absolutamente repugnante lo hecho por hooligans del Liverpool en su visita a Barcelona, al tirar a un transeúnte DIRECTO A UNA FUENTE. ¿Qué está mal con esta gente?"
anger,4430,0,original,Ahora porque todavía están en shock pero verás mañana echarle la culpa a un pucherazo de Indra.
others,7120,0,original,marca de verificación Presisamente ayer comentaba con mi mamá que la cosa se había enfriado copo de nieve demasiado Honestamente sobre la mesa hay muchas opciones. Con lo de hoy en sabemos q sigue el trabajo político tras bambalinasMañana será un día interesante cara pensativa bandera venezuela
joy,5125,0,original,"Me alegra que no consiguiera lo que quería. Pero no nos demos por satisfechos, que la extrema derecha meta 24 diputados en el Congreso es realmente preocupante."
others,4212,0,original,Messi pidiéndole al público que más animar y menos pitar.
surprise,4649,0,original,"Me acosté sin gobierno y ha sido una sorpresa positiva que al menos haya ganado la supuesta izquierda ... me terminaré de convencer cuando no pacten con los vendeburras de . Solo veo un gobierno, el de ;"
disgust,7794,1,original,Don y tenemos un fascista en nuestra embajada en por favor envien veneno para matar a ese ratón.
joy,3767,0,original,"Oigan, ¡qué bonito es el fut! cara de empollón"
disgust,2071,1,translated_en,"Inreal. Esta administración le ha chupado el culo a Putin durante más de dos años, pero se enoja cuando actúa como Putin..."
others,5658,0,original,800 años de historia son consumidos por las llamas en y así se pierde un ícono de la arquitectura y del patrimonio cultural del mundo.
surprise,6131,0,translated_en,"En , estamos trayendo de vuelta una de nuestras imágenes favoritas de todos los tiempos: ""El poder de un libro."""
anger,7558,0,original,"Qué engañados nos tuvo Ciudadanos al principio, no solo por sus licencias de VTC, que rompen España de verdad"
disgust,73,0,translated_en,"En realidad, las sanciones estadounidenses han llevado a la bancarrota. ¡La corrupción y sus títeres destruyeron Venezuela!"
joy,4256,0,original,"Messi hijo de puta, te amo, ven te beso tu pie izquierdo"
others,2738,0,original,No hay nada mejor que comprarse un libro cuando estás de bajón. Y como hoy era el pues la excusa ha sido perfecta.
anger,206,0,original,Estoy molesto por que les molesta que les moleste que la gente se ponga triste por la tragedia de
surprise,5573,0,translated_en,Tanto pasó. Estoy en shock. Estoy conmocionado. Ya no sé lo que es la vida.
disgust,2122,0,translated_en,Leyendo las críticas más negativas para & realmente sacudir mi cabeza. Esto es como cada vez que me desagrada enormemente un episodio cojo del infierno de voy a ir en línea y todo el mundo lo declara lo mejor de la temporada. Desconexión total.
joy,1705,0,original,El capítulo de anoche de ha sido el mejor hasta ahora de todas las temporadas!!
anger,942,1,original,"... y el imbécil de ,.. PREOCUPADÍSIMO por !!!"
others,1123,0,original,"no tiene planes (por ahora) para intervenir militarmente en , pero todas las opciones están sobre la mesa, dijo el jefe del Consejo de Seguridad Nacional de la Casa Blanca vía revistaproceso"
others,5516,0,original,(que a sus 16 años se ha propuesto cambiar el mundo) candidata a Premio Nobel de La Paz. cara sonriendo con ojos de corazón ¡No hay que desistir en reconocer la capacidad de agencia de niñas y jóvenes! Really congrats! manos levantadas celebrando
disgust,1028,0,translated_en,Macron usando el fuego de Notre Dame para obtener beneficios políticos
anger,7534,0,original,"Siempre estará el típico listillo que lo comparará con los libros. A quien no les guste que no lo vea ,y sobre todo,que dejen de joder con sus comentarios típicos y de mal gusto, a los que realmente disfrutamos de esta maravillosa serie."
disgust,5519,0,translated_en,"""Bran no hizo nada"" - lo siento, pero ¿qué es lo que quieren del tipo? No es que pueda recoger la espada y unirse a la lucha. Él hizo su trabajo, él era el cebo"
others,3291,0,original,"EN DIRECTO | Barça 0-0 Levante. Los de Valverde dominan, pero no consiguen materializar sus ocasiones (39')"
others,2463,0,original,"Feliz , este 23 de abril. Así mismo, es el , según las Naciones Unidas. Y coincide, adicionalmente, con el fallecimiento de Cervantes y Shakespeare (ambos, el año 1616). libro abierto libros"
anger,8368,1,original,Argentinos que en la puta vida estuvieron en Venezuela agrediendo a venezolanos que tuvieron que irse de su país. Increíble.
others,5186,0,original,"Este viernes se estrena . Sin embargo, para mí la heroína del año ya tiene nombre y apellidos:"
others,8292,1,original,El referí medio pelotudo no?
disgust,3941,0,translated_en,"Los conservadores a cargo de esos trapos están mal pagados, y sólo se necesita un trapo de dejar de mentir. El esfuerzo de restauración será un creador de trabajo masivo, que Francia realmente necesita. Sólo se necesita una persona sobornando a un tutor."
disgust,2742,0,translated_en,"ha hecho gran error. Tengo que poseer eso. es sólo tomar ventaja, agravando el problema como de costumbre. Pero no va a dejar a Ben fuera del gancho en su comentario - su inadecuada discusión sobre el origen del edificio."
others,489,0,original,"Que barbaro ,todos los comunicadores que viven llorando miseria por la economía, visitaron la catedral de .. hasta en eso son iguales"
sadness,2122,0,original,"No me gustó como le quitaron protagonismo a los lobos por los dragones, que a la final ni sirvieron"
joy,4878,0,original,¡La izquierda arrasa y frena a la ultraderecha! manos levantadas celebrando tono de piel claro medio ¡Hoy he recuperado la fe en la humanidad y hoy sí me siento orgulloso de ser español! ¡VIVAAA ESPAÑAAA! bandera españa manos aplaudiendo
others,8239,0,original,"Quin gran resum: ""Ustedes no son lo suficientemente maduros como para contar las cosas como son. Incluso esa carga la dejan para sus hijos""."
joy,1776,0,original,"Sólo diré una cosa, qué 80 minutazos épicos llenos de tensión sin tregua cara gritando de miedo cara gritando de miedo cara gritando de miedo"
surprise,6576,0,original,Creo que vi 1 millón de veces el golazo de y sigo flipando..... cara con la boca abierta cara con la boca abierta cara con la boca abierta cara con la boca abierta Que sigan comparando..... cara llorando de risa cara revolviéndose de la risa
joy,2985,0,original,"Celebré el escribiendo y rodeado de este simple puñado de tantos libro abierto que me gustan y viven en casa. Como buen madrileño-aragonés celebro además , día grande de A los que me preguntáis estoy terminando de pulir mi nueva novela con mano escribiendo tono de piel claro libros corazón rojo"
sadness,620,0,original,Lamenta el gobierno de el incendio en la Catedral de
joy,3829,0,original,Te odio pero que golazo!
others,3117,0,original,Geniales libros para ser más creativos | iBooks
joy,4896,0,original,"Hoy sí me siento muy orgullosa de ser española. La gente ha hablado, y quiere seguir construyendo no destruyendo."
joy,2520,0,original,"Si pudiera, gastaría mi sueldo completo en libros. Feliz libro abierto"
others,5041,0,original,No se que hace celebrando vox como si hubieses ganado las elecciones por qué tiene “solo” 24 de los 60-70 que se esperaban.
others,2125,0,original,"Pues viendo como va el escrutinio, lo que me preocupa ahora es el nuevo capítulo de"
disgust,4171,0,translated_en,"Si podemos recaudar mil millones de dólares en unas pocas horas para reconstruir una parte importante del patrimonio cultural, ¿por qué no podemos recaudar la misma cantidad para sacar a la gente de la pobreza y realizar el ?"
joy,3476,0,original,Gracias por dejarme disfrutar este plato futbolístico: Vs. .
joy,1365,0,original,¡Allá voy! Dispuesta a ver Helado en mano... cara de dragón
joy,1371,0,original,"Esta noche: Resultados de las Y , MEJOR DOMINGO EVER."
others,7121,0,original,En vivo: Levantamiento contra Maduro en via
sadness,925,0,original,"Espero que los tiempos difíciles se han terminado pronto: ""es más difícil liberar a una nación de servidumbre que esclavizar a una nación libre. "" (Simón Bolívar)"
sadness,7503,0,original,Que pena da este ¿Periódico? cara sonriendo con superioridad
joy,1827,0,original,"El Eposodio 3 dura 1 hora y 22 minutos y no tiene ningún desperdicio,después de este se avecinan los mejores totalmente ."
others,5382,0,original,Miles de jóvenes marchan por las ciudades por la falta de compromiso político contra el vía
joy,593,0,original,"Llovía a mares, pero me miento y cuento que brillaba el sol...."
surprise,7725,1,original,Ajá ahora digo yo para que coño sueltan a Leopoldo para que vaya y se enconche en una embajada? Entiendo lo de su esposa e hijos. Pero el? Van a dejar solo a Guaidó con este peo. En la Unión está la fuerza! bandera venezuela
others,2989,0,original,"Hace poco descubrí una editorial independiente que me tiene fascinado: . He devorado , y . Historias arriesgadas y una edición impecable. Hoy, mi libros va para ellos"
joy,4709,0,original,Viva la lucha de las mujeres
others,5965,0,original,Me dispongo a ver el 8x03 de cara gritando de miedo
others,3639,0,original,Vaya dos equipos que se enfrentan en 3 minutos... Alineación flecha top flecha top A disfrutar durante 90 minutos del mejor espectáculo
sadness,178,0,original,"Sobrevivió la revolución francesa, dos guerras mundiales... cuánta tristeza!"
sadness,1622,0,original,"'Pseudospoiler'Bueno vaya decepción más grande, la gente que lleve desde 2011 viéndola lo siento por haber esperado 8 años para esto"
joy,1481,0,original,"Extremadamente brutal, episodio mítico, de leyenda, sin palabras, antológico, de locos, me quedo sin adjetivos para el mejor capitulo de una serie que haya visto en mi vida.... INSUPERABLE. que barbaridad"
joy,2805,0,original,Feliz al recordar a Rubén Darío hoy
others,3194,0,original,Descanso: Barcelona 0-0 LevanteCon este resultado aplaza el título de campeón del Barça. cámara de fotos EFE
disgust,4212,1,translated_en,"Antoine, un jugador sobrevalorado, un culo tan perezoso, caminando la mitad del tiempo, bastante chocante."
anger,8067,1,original,"Dembelé si es más malo que pegarle a la mamá, ya sabemos porque no juega"
sadness,7289,0,original,Desde Adopta Madrid queremos transmitir nuestra más sincera tristeza por la tragedia que sucedió anoche en ... El mundo nos avisa de que estamos haciendo mal nuestra lista de prioridades y que debemos cuidar nuestro entorno y nuestros tesoros. Nuestro corazón en París.
others,2043,0,original,La noche es oscura y alberga horrores... pero no para Arya.
sadness,3783,0,original,Es más fácil meterle gol a Ter Stegen que llegar a tu corazón. balón de fútbol balón de fútbol balón de fútbol
surprise,3527,0,translated_en,¡Sólo wow! Mira lo que está pasando en
joy,2268,0,original,Feliz y de la comunidad.. Lectora cara saboreando comida
surprise,6477,0,translated_en,"Juro por el Dios de la Luz que, por un momento, parecía que Sansa y Tyrion estaban a punto de besarse durante la escena de la cripta y yo estaba como"
others,4470,0,original,Atentos que se viene el drama electoral
disgust,3776,0,original,"Consuelo de tontos, mentalidad mediocre, idiocia superlativa, delirio agudo y miserable vida que se pondrá peor si el gana la y el balón de oro; esté orate está más que pronto para el ""gallinero""."
anger,8353,1,original,"DESEANDO VER A PERICO APARECER EN EL FALCON A AGRACEDER EL SUELDAZO DE LA BEGO POR DORMIR EN SU MISMO COLCHÓN (putas, se llamaban en mi época )"
others,6938,0,original,Finalmente un verdadero líder para seguir.
surprise,1822,1,original,Y así termina uno después de ver el capítulo de hoy... Menuda puta montaña rusa de emociones.
joy,1874,0,original,"El capítulo me ha dejado un buenísimo sabor de boca y al final lo he disfrutado muchísimo, pero eso no quita que haya habido pequeños detalles que me han decepcionado un poco"
joy,4853,0,original,micrófono de estudio “La ciudadanía nos ha dado el apoyo porque siempre hemos intentado dar voz a todos los problemas que las y los tinerfeños nos han transmitido.”
others,2220,0,original,mi novio que ama tanto leer GOT7
surprise,1512,0,original,"Oh dios mio, que tremendismo capítulo... aun no lo supero..."
sadness,7384,0,original,"El incendio de por donde se vea es una tragedia, a Dios gracias las pérdidas no son vidas. Hoy Francia y el mundo entero ha tenido una noche triste."
anger,4785,0,original,El discurso de Sánchez de no poner cordones sanitarios... no me gusta cara con ceja alzada cara con ceja alzada haz caso a la militancia y a tus votantes; Ciudadanos No
disgust,4810,1,translated_en,¡Creemos que esto es un golpe! ¡Eres un mentiroso! ¡Los supremacistas blancos no ganarán!
surprise,5686,0,original,Estaba por subir mi foto en y después me di cuenta que se notaba mucho el photoshop!
others,7815,0,original,"Guacara, estado Carabobo se une y se mantiene en las protestas"
disgust,251,0,original,"Será mera coincidencia que los únicos que están festejando la tragedia del incendio de son pañuelo verde? Tanto resentimiento, odio y mediocridad intelectual tiene esta gente? la pobreza espiritual la esperaba, la cultural habla de lo que son..."
joy,3422,0,original,exclamación doble BARÇA CAMPEÓN DE LIGA exclamación doble El consigue su 26ª !! Felicidades!! círculo rojo círculo azul
others,818,0,original,Secretario de la Comisión Militar del Congreso de Estados Unidos “El mensaje de TODOS los miembros del Congreso es Maduro sal del país y deja que el nuevo Lider restaure el orden en ”
disgust,732,0,original,Oposición trató de dar un golpe cobarde a
joy,2199,0,original,¡Feliz día internacional del libro booklanders! cañón de confeti cañón de confeti dos corazones Qué lean lo más que puedan y los llenen del libros
anger,7707,1,original,Se puede ser muy miserable. Y luego esta con
sadness,5701,0,original,"La verdad es muy penoso lo de pero más penoso es el 4,7 de inflación de la Argentina"
others,3126,0,original,"Para celebrar el día del libro los alumnos de 4° ESO B nos han contado un cuento: ""El amor es ciego y la locura son sus ojos""."
others,2769,0,original,"libros  Para celebrar el , recomendamos una lista de 10 obras que dan un pantallazo del peronismo desde distintas aristas: la historia, la política, y la literatura:"
others,6613,0,original,llegó a 600 goles y goleó a
others,6903,0,original,"Y nombrar a la presidenta del mundo mundial. Di si al sufragio infantil, activo y pasivo."
joy,1976,0,original,"Parece que va ya a cerrar tramas a piñón, y eso me gusta, que después se queda la cosa como con Perdidos y nos dejan cara de tontos."
joy,6416,0,original,Felicitar a los culés por el título d liga. ENHORABUENA
sadness,7288,0,original,Que triste me siento. La catedral d q resistió las mayores desgracias; q fue un modelo d belleza y cultura; q era el sueño d todo arquitecto e ingeniero civil. Solo espero q pronto la arquitectura e ingeniería moderna logren ponerla d pie. Invaluable riqueza histórica
surprise,1952,0,original,"Yo lo acabo de ver me ha parecido simplemente magistral, sin aliento he estado todo el capítulo y no he podido contener las lágrimas"
joy,905,0,original,Mis respetos por aquellos que están dando la batalla que algunos no podemos dar. La libre jamás los olvidará. Gracias!
anger,8329,1,original,"En Twitter uno encuentra cada imbécil, ya uno se queda tipo Plo con la evolución y osadía de estos tarados. Burlarse de un hecho como el de de verdad que eso solo de imbéciles"
others,6821,0,original,Las caras Juan las caras!!!
others,6347,0,original,Así se vive el ganar un Campeonato. se levó su trofeo 34 de bandera españa
joy,4434,0,original,Como estoy disfrutando hoy en
disgust,115,0,translated_en,Estoy esperando los primeros tuits odiosos que sugieren que fue lo que causó la o alguna fantasía similar
sadness,384,0,original,"Esta foto la saqué la última vez que estuve en Paris, estábamos parando a dos cuadras de ahí, justo en Semana Santa, Abril 2017. Muy triste, era una catedral hermosa"
others,1962,0,original,¿Era demasiado oscura la fotografía del último episodio de ?
anger,8079,1,original,"La que dejó ir Dembélé al final, no me jodas. hombre con la mano en la frente tono de piel claro Servidos Liverpool, el que sigue por favor..."
others,894,0,original,El que diga que está haciendo un golpe de estado en no se ha enterado que es el Presidente Encargado del País. Gracias!
joy,2665,0,original,Feliz Todo está en los libros
joy,1487,0,original,Impresionante!!! Brutal! Y... simplemente !!!! Que tensión continúa!!!
others,2364,0,original,"RT WContreras : En el hacemos un reconocimiento a quienes escriben, y sobre todo a los lectores. Es una fecha para festejar la lectura la creatividad, la cultura, la igualdad de acceso al conocimiento y la diversidad para todo nuestro pueblo. …"
joy,1932,1,original,Es la puta mejor serie cara de sueño
others,3838,0,original,Falta el gol de Vidal
joy,2544,0,original,Me encanta ver este tipo de murales cara feliz con ojos sonrientes libros
others,8310,1,original,"Ayyy si esa mano levantada es en área VALLISOLETANA eh, patéticos, eternos SEGUNDONES … nosotros a lo nuestro, sentenciar otra trofeo en vuestros morros boca , hoy ganais, pero con hace meses que tiene un solo COLOR el del círculo rojo círculo azul"
sadness,2442,0,original,"¡No puedo vivir sin mi vida!¡No puedo vivir sin mi alma! libro abierto rosa libro abierto rosa libro abierto rosa libro abierto rosa libro abierto rosa libro abierto Heathcliff, en su tormentoso amor por Catherine corazón rojo ""Cumbres Borrascosas"" rosa libro abierto"
joy,2207,0,original,Mucho amor este St. Jordi corazón rojo corazón amarillo
joy,6069,0,original,"No sabía si comentar o no. Pero es inevitable (sin spoilers, eso sí). Lo del último capítulo de ha sido muy grande. CAPITULAZO. Y no puede molar más…"
sadness,270,0,original,No tengo una foto en la catedral de pero tengo esta secuencia hermosa...
joy,3088,0,original,"Shakespeare y Cervantes deben estar orgullosos de nosotros. Feliz a todos, y que los libros nos sigan devorando."
anger,1058,0,original,"Curiosamente los turcos tuiteando a favor del dictador Maduro, no se les entiende ni caca con ojos pero ahí están en la etiqueta cuánto les pagarán?"
joy,4911,0,original,Hay que agradecer en esta noche a . Gracias de verdad por conseguir movilizar a la izquierda.
anger,4562,0,original,"Ofú quillo, qué disgusto tengo."
others,5674,0,original,Valóralo mientras lo tienes. No des nada por sentado.
sadness,684,0,original,Esto no va a terminar bien. Salva a Venezuela! corazón rojo bandera colombia
anger,8377,1,original,@ Venezolanos Déjense de joder!!!! Violentaron y rompieron todo el día en la Embajada de Venezuela y ahora que lo agredieron al violento de mierdaAndá a cagar TNDan asco cara vomitando
anger,7631,0,original,Hablemos de ignorancia: sabía Ud que se necesitan 21 hectáreas de roble fino para reconstruir el techo de ? Sabe cuanto es una hectárea? O solo se va a jactar con una selfie que estuvo ahí?
others,941,0,original,"El hijo de un empresario que estuvo ligado a la dictadura militar argentina, no podría haber hecho otra cosa que apoyar un intento de golpe de Estado en ."
surprise,2465,0,translated_en,Fitzpatrick de vuelta en forma devastadora en : profeta autista?
disgust,313,0,original,"Donald Trump sugiere haber acabado con usando aviones y tanques de agua, era de esperar, es un tipo muy proclive a sofocar incendios y conflictos internacionales a base de tanques y aviones, apuesto a que en casa mata moscas a cañonazos."
surprise,4667,0,original,Una de las mejores cuentas para seguir las es La lucha por cada escaño voto a voto
sadness,7266,0,original,"nos recuerda tragedias patrimoniales como el Museo Nacional de Brasil, daño al Gigante de Atacama, incendio de iglesias como la de Sn Francisco en Valparaíso o demoliciones diarias bajo la depredación inmobiliaria"
joy,4793,0,original,yo living viendo que la derecha está perdiendo
surprise,5934,0,original,Lo del último capítulo de es increíble.
sadness,1631,0,original,"Estoy en shock, lyanna murió de manera honorable:("
surprise,1855,0,original,Lo que estoy sufriendo viendo el capitulo de no es ni medio normal!!!
fear,6400,0,translated_en,La crisis está entrando en su 11a hora. El presidente ha reunido a millones de manifestantes pacíficos y ha llamado a los militares a estar de pie con el pueblo venezolano y dejar de apoyar a la dictadura socialista de . Leer: ...
others,5712,0,original,Así quedó el interior de tras el incendio
others,1313,0,original,Más Macrista que apoyar un golpe de Estado
anger,4110,0,original,El Culo que tiene el Barça mamita querida es desesperante
joy,2023,0,original,El 8x03 de Juego de Tronos es sencillamente espectacular espadas cruzadas copo de nieve niebla cara gritando de miedo
disgust,2692,0,translated_en,"Happy . Explora nuevos autores e intenta leer fuera de tus géneros favoritos. Tantas gemas ocultas por ahí, consigue explorar!"
others,6182,0,original,A porque es una gran lectora y se lo merece en éste
others,4545,0,original,"He quitado la sexta, el cuñao de Rufián me interesa entre 0 y nada"
sadness,7703,0,original,Que angustia desde aquí enviando toda la buena energía para que terminemos de salir de este régimen.
surprise,1578,0,original,La larga angustia diría yo cara gritando de miedo cabeza explotando calavera cara con frío fuego cara de dragón espadas cruzadas cara suplicante qué barbaridad de episodio!!
disgust,2800,0,translated_en,"Si no te tomas en serio el cambio climático, nada más importa."
disgust,1738,0,translated_en,Dejar en paz después de ... El mundo sabe el juego para robar (Droga de Oro Petróleo) de los países sin bomba atómica en todo el mundo. Millones han sido asesinados en estúpidas guerras por dinero.
sadness,7499,0,original,"En lo q puedo estar en acuerdo contigo, es q repiten demasiado las ideas y las imágenes. Hay comentarios para todos los gustos. Y lo más destacable, es q, lamentablemente, está en el centro de la noticia por el caos que está viviendo y del cual esperamos salgan pronto."
others,5805,0,original,Cuanta verdad hay en sus palabras.
joy,4749,0,original,"En esto se traduce el trabajo de todos los militantes del . Gracias no solo por vuestro voto, sino por otorgarnos vuestra confianza."
others,4473,0,original,"Vox debería celebrar doblemente hoy, gracias a la democracia de este país no sólo han conseguido diputados , también que los fascistas puedan llegar a un parlamento."
others,7724,1,original,Tanques pasando por encima de manifestantes. Hoy. La comunista:
others,1306,0,original,"expresa su pleno respaldo al proceso constitucional y popular emprendido por el pueblo venezolano, bajo el liderazgo del Presidente Encargado, Juan Guaidó, para recuperar la democracia en ; y rechazan que dicho proceso sea calificado como golpe de Estado."
surprise,2516,0,translated_en,"Sinceramente, tío, no eres el peor hombre que hay, es raro que haya villanos de la vida real y tú no seas uno de ellos, nunca diría esto, pero gracias por intentarlo más que la mayoría."
sadness,2919,0,original,"Obvio, también recomiendo libros sobre ColoColo. El mejor es Por empuje y coraje, pero no se encuentra en librerías:("
sadness,526,0,original,"Fue muy triste lo de y en plena Semana Santa, pero también muy esperanzador ver que qué eran varios jóvenes con Rosario en mano rezando el Ave María manos en oración"
others,3465,0,original,Lista de jugadores SANCIONADOS para la jornada 35 de
joy,3284,0,original,Felicitaciones campeón y el mejor jugador del mundo crack ídolo
surprise,1545,0,original,Creo q esta noche no dormire.. Muchas emociones en y ahora la nueva temporada de
surprise,3831,0,original,El árbitro la va a liar por perdonar tantas tarjetas.
sadness,96,0,original,Muy triste por cara desanimada cara estornudando y pensar que hace poco vi una imagen en Google cara llorando fuerte
joy,6407,0,original,balón de fútbol balón de fútbol ¡Comienza el Barcelona - Levante! puede quedar totalmente decidida hoy si el Barcelona consigue la victoria. Apuesta aquí dorso de mano con índice a la derecha
sadness,7407,0,original,"Una tristeza infinita, estamos en Ecuador consternados, maravilló a quienes la conocimos y al mundo entero, solidaridad con todos los franceses que sufren por este desastre"
fear,3314,1,translated_en,“Estoy monitoreando la situación muy de cerca” entre tweets! reglas. Imagine este idiota naranja monitoreando cualquier situación racionalmente? Eso es lo que da miedo. “Y voy a volver a monitorearlo después de un par de horas de .
fear,4931,0,translated_en,"Sé que todos seguimos en lo alto de la ola de Arya, pero no se supone que tengamos un final feliz y me preocupa que anoche haya sido el último momento triunfante que tendremos."
joy,5202,0,original,La historia de amor de George Harrison y su esposa mexicana que lo salvó del mundo de las drogas y de un atentado
disgust,7656,1,original,"Ja los comentarios de Facebook sobre lo de , que el papa Francisco la mando a quemar!! Dios mío! Porque existen esas personas? Ja"
surprise,464,0,original,"A propósito del incendio en : Es raro, se están quemando iglesias que antes no se incendiaban. Fin de mi análisis."
joy,5068,0,original,Viendo el triunfo de la izquierda del y en estas solo puedo decir una cosa: ¡Qué bien estoy en Polonia bandera polonia !
sadness,2128,0,original,"En esta temporada da la impresión de que el caché de los actores se ha comido todo el presupuesto para VFX. Cromas mal integrados, escusa de penumbra para disimular efectos… Una pena."
others,4234,0,original,Hoy la gente de bien le va al ¿O no?
others,5081,0,original,Falta d Educación s. XXI
others,7854,0,original,Mis amigos y yo viendo como una NIÑA termina con los malditos CAMINANTES BLANCOSEste capitulo debió pasar el 30 de abril
surprise,935,0,translated_en,¿Alguien más sorprendió que ya derrotaron al rey de la noche?!? Como SÍ pero también hmm
fear,1796,0,original,Viendo el capitulo 3 de y solo puedo decir una cosa: Tengo miedo ...
anger,8264,1,original,"Periodismo amarillista MODO ON.. Los periodistas debieran ocuparse de INFORMAR, sino saben no inventen"
joy,6541,0,original,"Messi 3, 0,sin palabras para no se puede describir lo genio que es."
sadness,5746,0,original,Fotos exclusivas (pero pendientes de comprobación de su veracidad) del interior de Notre Dame durante el incendio.
others,3918,0,original,Hermoso poder ver la en casa y con mi hermano corazón azul Como los viejos tiempos.
joy,2192,0,original,"Feliz y libros libro abierto Mientras celebras, mira la lista de de los 8 mejores para explorar el vasto universo y .¿Cuál es tu libro favorito de blockchain?"
joy,7938,1,original,ME CAGO EN LA PUTA MADRE JODER TE AMOOOOOO
anger,7536,0,original,"Soy yo o este parece más una serie de adolescentes a lo que nos tenía acostumbrados, por que este capítulo para mi, a sido uno de los peores que e visto de la serie. Y alguien me puede explicar donde coño esta los 90 millones de producción? ojos ojos"
anger,3535,0,original,"¡NUNCA CAMINARÁS SOLO! Para esta semifinal de , ayudó a sus hinchas pagando el 25% de la entrada para ingresar al Camp Nou, esto al considerar que los precios establecidos por eran muy elevados (119 euros)"
joy,3151,0,original,"Desde que tengo memoria de mis actos amo estos colores y siempre será un inmenso gusto presenciar sus campeonatos,"
joy,3684,0,original,jugo como campeón. Jurgen Klopp y el tendrá que dejar el alma en para demostrar que está listo para volver a la elite.
joy,2357,0,original,"Este recordé este material que trabajé bajo la guía de mi muy querida en 2015, es sobre la biblioteca histórica de la BUAP (no la arrobo porque me tiene bloqueado). Si se hace zoom, se alcanza a leer la maravillosa historia de esta biblioteca."
sadness,7341,0,original,"Lo de es muy triste, pero la pérdida de patrimonio cultural es tan insignificante comparado con el patrimonio natural que perdemos a diario sin inmutarnos, que no dejo de asombrarme."
joy,1360,0,original,Enhorabuena vi el capítulo totalmente a oscuras. Una maravilla de producción. A pesar de los vacíos argumentales en el guión. ¡Visualmente es épico!
anger,8276,1,original,Mira lo que te digo rey de la noche... ME CAGO EN TUS MUERTOS!!!
fear,2194,0,translated_en,"18 predicciones científicas espectacularmente equivocadas hechas en el momento del primer Día de la Tierra en 1970, estarán equivocadas de nuevo ahora."
joy,6470,0,original,Los niños sonríen y esperan felices con sus camisetas. Hoy es día Barça y hoy Celebraremos uno de los 3 posibles VAMOS!!!
anger,7557,0,original,Eras la mejor y la + indicada para gobernar España. El PP lo ha jodido todo y tiene la culpa por no saber elegir a la que más votos podía reunir y borrar del mapa la izquierda que llevará a España a la mierda otra vez
sadness,5043,0,original,Una pena que no haya salido cara triste pero aliviada bíceps flexionado tono de piel claro medio
anger,697,0,original,"Maduro es un dictador y estas son acciones para recuperar la vida y dignidad en . La izquierda más rancia lloriquea, empezando por ; que demuestra su talante autoritario y su inmoralidad violenta. Dan asco quienes se hacen tontos ante la crisis!"
disgust,5997,0,translated_en,"Sólo unas palabras de consejo a esos socialistas americanos... vean... eso es lo que pasa cuando se quitan las armas de los ciudadanos y se le da el control total al gobierno por ""cosas libres""... ¡usted se convierte en esclavo del gobierno!"
others,4098,0,original,Cuando va a patear un tiro libre y te ponés a filmar porque ya sabés que va a ser gol...
sadness,7326,0,original,"Ver a da tristeza, pero no más que la tristeza e impotencia que se siente ante la destrucción de Bagdad (por ejemplo) y tantos tesoros de la humanidad y VIDAS q se despachan sin una sola lágrima de est@s que destruyen y matan sin perder su hilarante perversidad"
joy,4650,0,original,"Envidia de mis Hermanos catalanes y vascos, como se nota que hay culturas e idiomas diferentes. Eso define una nación"
others,2487,0,original,En el el Gobernador invitó a regalar libros y practicar la lectura. A él su padre lo incentivó y hoy valora ese impulso que le permitió sumar conocimientos y sumergirse al inagotable mundo de la creatividad.
anger,789,0,original,"y que les salió mal en el sentido de que volvieron a dar impulso a un conflicto que tenían controlado por desgaste, Peor lo lleva la oposición puesto que se tragó la trampa completita. Esto lo diría si yo fuera malpensado y antimilitarista"
joy,469,0,original,"sinceramente, las personas que hayais podido ver delante de vosotros a entera y haber podido capturar ese momento, me dais envidia."
fear,5975,0,translated_en,"Estoy nervioso, el jefe debe traer suerte."
joy,5080,0,original,"¡Qué señora con honor y dignidad! Al fascismo, a los que crean odio, dicen mentiras e insultan a Catalunya, ni se les da la mano, ni se les saluda, ni nada"
disgust,5945,0,translated_en,"Los fans de Guaido, que piensan que se preocupan por ellos, acosan a activistas pacíficos negros en DC ahora. Tengan cuidado, pueden incendiar a alguien."
sadness,3709,0,original,No toca mas que ver la la chaaaaampions cara sacando la lengua y guiñando un ojo porque por su culpa no me pude ir al feriado cara gritando de miedo cara gritando de miedo
others,6690,0,original,fuego  Dará que hablar: Rakitic lesionó a Keita y no vio la amarilla
anger,8120,1,original,"Apoderados de V cara vomitando X coaccionando a Presidencias de Mesa durante el recuento. Están nerviosos, amenazantes y quieren provocarnos a nosotras. No lo conseguirán"
others,5261,0,original,"Salgamos mañana a hacer historia. Ya no tenemos tiempo que perder, el momento de actuar es AHORA. Todos los detalles en el evento:"
joy,3871,0,original,Barcelona - Liverpool 0-0: ¡máxima emoción!<
others,4848,0,original,"Pocos imaginaban que la fuga de votos a podría generar un destrozo como el que ha sufrido hoy el . Estoy seguro de que si se repitiesen las elecciones ya mismo, el PP recuperaría unos cientos de miles arrepentidos."
joy,3317,0,original,¡Grito de campeón! Las mejores postales del 1-0 y el festejo tras levantar ►
disgust,3711,0,translated_en,"EE.UU. debería ocuparse de sus propios asuntos especialmente con un mal genio como Presidente. *Canadá, también.*"
others,3043,0,original,"Esta antología de textos pedagógica es simplemente hermosa. Se trata de un libro-disco o un disco-libro. Mi texto ""Odio la Escuela"" habla de la paradoja que experimenta la sociedad al enviar a los chicos a la escuela deshaciéndose de la responsabilidad de educarlos."
surprise,4428,0,translated_en,Nadie se enoja con la gente rica hasta que hay un desastre y en realidad comienzan a preocuparse. Cálmate y tal vez saldrán y ayudarán más a menudo.
anger,7010,0,original,": ""Si usted piensa que deberíamos estar en la escuela, le sugerimos que tome nuestro lugar en las calles haciendo huelga en su trabajo. O únase a nosotros. No puede sentarse y dejar que la esperanza llegue sin hacer nada. Eso es actuar como niños irresponsables"""
disgust,20,1,translated_en,Dice un “hombre” que cyber-bullies y trolls una chica de 16 años con Aspergers y lo aprueba dándole tiempo de emisión.
anger,1359,1,original,"Me cago en la puta, una semana más"
others,3133,0,original,cronómetro ¡FINAL! círculo rojo círculo azul El Barça se proclama CAMPEÓN de de forma matemática tras VENCER al Levante (1-0) gracias al GOL de Messi.
joy,7838,1,original,Arya es la puta ama
sadness,7347,0,original,"Terrible pérdida cultural, histórica, arquitectónica y religiosa para la humanidad. Una lástima"
disgust,1795,0,translated_en,"Sólo tenemos que decir enfocados y no ceder a la rabia izquierdista, ya que sus sueños de convertirnos en un estilo de Chávez, se va a fumar."
sadness,600,0,original,Damos los buenos días con la pena aún en los ojos al ver arder Notre Dame.
joy,5129,0,original,Es bonito ver como se regenera nuestro País
joy,6460,0,original,CAMPEEONEESSS CAAAMPEEEONESS OLÉ OLÉ OLÉ!!!!
joy,4951,0,original,Hoy si que si ORGULLOSA DE ESPAÑA bandera españa
disgust,3954,0,translated_en,"Y todavía hay gente que piensa que Nicolás Maduro es un buen tipo que respeta los derechos humanos y la libertad, un total creyente demócrata en los métodos no violentos."
sadness,7481,0,original,"básicos... Si se manifiestan son atacados por gases, balas, atropellados... Es muy triste lo que están viviendo. Mi apoyo incondicionala por una Venezuela Libre. corazón amarillo corazón azul corazón rojo"
joy,2642,0,original,En escuché de mi bello Gracias y Saludos de uvas corazón morado
others,6348,0,original,GOLEADORES 34 Goles 20 Goles
joy,6230,0,original,¡Qué chévere! también celebra el poniendo a leer a sus ciudadanos. ¿Dónde más lo están haciendo? Repliquemos estas noticias tan lindas.
others,492,0,original,El lamentable saldo de pérdidas patrimoniales en debería ser un llamado urgente a detener el saqueo de los bienes históricos del mundo colonizado.
surprise,5802,0,translated_en,Espera .. puede ver en el aire a simple vista y y otros se sentaron alrededor de una mesa y decidieron sobre un ? Oh querido Señor!
anger,7635,1,original,No visitan la parroquia de su pueblo y se ponen a llorar por . No mamar.
sadness,169,0,original,Con las primeras luces del día empiezan a verse los efectos y la devastación de tras el incendio. Imagen de
others,2598,0,original,"""Tú has venido a saber de sueños. Y los sueños son el lenguaje de Dios. Cuando Él habla el lenguaje del mundo, yo puedo interpretarlo. Pero si habla el lenguaje de tu alma, sólo tú podrás interpretarlo. Tienes que ir a las pirámides, allá encontraras tu tesoro."" bolsa de dinero"
others,5405,0,original,"Los son el para la , su , es la nuestra, solo tenemos un ."
sadness,7436,0,original,"La foto es devastadora. Parece que al menos la estructura va a poder salvarse, pero la pérdida es terrible, irreparable, es una tragedia. Hoy es un día muy triste."
joy,4157,0,original,q loco lindo que sos Jordi Alba
anger,7777,0,original,"No tienen perdón. Donde vayan, donde estén pagarán por tanto dolor infligido a un pueblo noble. merece otra historia"
sadness,144,0,original,Soy la única que esta llorando por ??
anger,8390,1,original,Ya es hora de que los países del sur se pongan la camiseta de la vino tinto. No es justo lo que está pasando en . Chávez fue un cobarde que engaño a todo un pueblo. Hoy ese engaño ha costado varias vidas y muchas lágrimas.. ¡¡Ya basta carajo de tanto abuso!!
sadness,6755,0,original,"Hoy La tolerancia, el respeto, la igualdad, los derechos fundamentales y la comunidad LGTBI a gritado en silencio."
others,967,0,original,"La respuesta al intento de golpe de Estado contra nos hace recordar a Fidel: «... Vivimos en una época en la que hay y habrá cada vez armas más poderosas que cualquiera de las nacidas de la tecnología: las armas de la moral, la razón y las ideas»."
sadness,118,0,original,Ministerio del interior francés: dice que ' los bomberos no podrán salvar a Notre Dame '
disgust,4786,0,translated_en,: Diez escenas memorables del cine hindi donde los libros juegan un papel protagonista
joy,2693,0,original,El del año pasado me publicaron por primera vez. Ese es el motivo más grande por el que me emociona tanto. corazón rojo pluma negra
surprise,4472,0,original,Desde 1996 primeras que nos mantendrán en vilo hasta el último voto.
others,1339,0,original,les interesa informarse de
joy,2219,0,original,Feliz . A la espera del tercero.
joy,3184,0,original,"El goleador, el mejor jugador de , el Dios de que fue a darle la biblia al Camp Nou y quien para muchos es el mejor del mundo hoy por hoy le está dando la liga al , como tenía que ser."
others,1144,0,original,La ausencia repentina de a que se debe?.. Es vital que no se pierda .. necesita mantenerse inspirada y no darle aire al dictador !
anger,7572,0,original,Joder que puto drama. Joder joder joder. Tezanos en bata en su casa fumandose un puro. Joder que drama.
surprise,7840,1,original,Pero si es la bruja... me cago en.... bueno al menos parece que ayudará en algo...
fear,1265,0,original,"No logro contactar con un amigo en y me da miedo. Me dijeron que ya se terminó el ""golpe"" y ya sólo hay manifestaciones civiles... Pero no saber nada, me angustia. Es que desde España no se qué ocurre allí, ni cómo están los ciudadanos..."
joy,3021,0,original,"La lectura nos permite crear un mundo de aventuras a buscar el conocimiento, sumergirnos en un mar de sorpresas. Comentamos cuál es tu libro favorito y sí lo acompañarías con una taza de café."
sadness,7311,0,original,"Muy terrible lo de Notre-Dame, también fue triste lo de Palmira en Siria cuna de la civilización más de 6000 años de historia. No vi que nadie llorará. Doble estándar"
disgust,5743,0,translated_en,Los belicistas de la Casa Blanca batean sus tambores de guerra.
disgust,5597,0,translated_en,800 millones de euros en dos días para reconstruir una iglesia de mierda? Ahora dime cuántos niños en Francia no tienen suficiente para comer hoy?
fear,4232,0,translated_en,Me temo que los únicos que pueden permitirse el último arroz... son los mismos que se hicieron ricos al destruir los campos.
disgust,836,0,translated_en,"Una obra maestra de más de 850 años que ha sobrevivido a las guerras mundiales, se erige como un símbolo de paz, cristianismo y maravillas occidentales que arde en una ciudad que se vuelve más hostil todos los días, mientras que las iglesias de París son profanadas regularmente y debemos creer que es un accidente?"
disgust,7811,1,original,Caterva de hijueputas venezolanos que le hacen juego al pilche golpe. Háganse los valientes en y no jodan en Ecuador. Dan asco....
joy,672,0,original,el centrista apoya a con jijiji me pierdo chupito
disgust,5655,0,translated_en,¡El hecho de que intencionalmente es engañar a los estadounidenses para que crean que el nuevo demócrata es bueno para todos es BS! Aquí están sus manos en oración tono de piel claro
anger,6344,0,original,"La del votante de , sr , es presunta corrupción y prevaricacion llevada al máximo nivel. Que lo sepa todo el mundo para mañana y las elecciones, como quieren cargarse a un equipo como el"
disgust,2085,1,translated_en,"Algo no huele bien, duró 825 años, sobrevivió a dos guerras mundiales pero de alguna manera se quemó en 2019. No confío en nada de lo que Macron diga. Dudo que alguna vez sepamos lo que realmente pasó."
joy,4540,0,original,Pues esta es la mejor forma de seguir la noche electoral: equipazo crudo!
joy,7857,1,original,QUE PUTO CAPITULAZO. LO HE FLIPADO EN LA MIERDA MADRE DE DIOS.
others,6054,0,original,"Haber dormido cuatro horas y sin haber visto , esto sí que es"
anger,7675,1,original,Gracias a puto iCloud no tengo fotos de París y
disgust,3107,0,translated_en,"Te sugiero que te dirijas a la ciencia y no te concentres en ataques ad hominem contra activistas! La mala calidad de la opinión disfrazada de periodismo. Oh, pero estás financiado por los hermanos Koch negación climática más notorios! No es de extrañar."
disgust,1327,0,translated_en,"Los europeos no sintieron nada cuando destruyeron la cultura africana, enviaron artefactos y rompieron nuestro tejido social. No sé por qué debería estar inundado de noticias."
disgust,4170,1,translated_en,Los refugiados de su país creados para el petróleo cara con ceja alzada
others,6308,0,original,"No quiero ser tu historia... Quiero ser el libro, que jamás terminaras de leer...!! cara sonriendo con ojos de corazón"
sadness,4767,0,original,Vox demostrando una vez más un discurso vacío de propuestas. Qué triste
disgust,6740,0,translated_en,¿Cuánto pagó el comandante Sánchez y los otros pocos oficiales de peso medio que engañaron a sus soldados y arriesgaron sus vidas por el títere autoproclamado?
others,4094,0,original,"Mientras Messi juegue al fútbol, el Barcelona siempre será favorito."
joy,5291,0,original,"Congratulaciones a , 16, por haber sido nominada al de la paz por pelear contra el demostrando a la clase política lo urgente que es enfocarse en esta problemática. El mundo necesita más personas como manos aplaudiendo tono de piel claro flecha top"
anger,792,0,original,"se encuenta en medio de dos gigantes que quieren ver quién puede colapsar el país primero para luego así, apoderarse de él a modo de “rescate”. Una jugada política muy indolente pero a su vez bastante inteligente."
sadness,2144,0,original,"Sigo aferrándome al deseo de que Juego de Tronos recupere en los capítulos que quedan su esencia: lo inesperado, lo desagradable, lo temible, la desesperación, lo inhumano... de momento nos conformamos con el capítulo de ayer."
others,758,0,original,"Cuba rechaza la nueva amenaza de Trump y llama ""mentiroso patológico"" a Bolton."
sadness,7494,0,original,Lamentable la forma en la que quieren resolver la situación política en
joy,719,0,original,Mi corazón está con ánimo!!! Vamos con todo
surprise,1967,0,original,"Joder ha habido +tensión,+miedo,+caminantes en un cap de que en 9T , la hostia que agobio, brutal, épico, emocionante, cuanto se puede llegar a decir a oscuras, con 2 frases y el resto banda sonora en un cap, espectacular"
anger,666,0,original,En se están inmolando para ser una república libre del dictador Maduro y acá estamos pensando en que vuelva la aliada nro 1 de Maduro. . Desde qué lógica se puede entender? Qué pais!
joy,2301,0,original,"""De todos los instrumentos del hombre, el más asombroso es, sin duda, el libro. Los demás son extensiones del cuerpo, pero el libro es otra cosa: el libro es la extensión de la memoria y la imaginación"". Jorge Luis Borges. ¡Feliz !"
joy,1367,0,original,"Sin duda alguna el capítulo de ayer, ha superado al capítulo de la boda roja y a la batalla de los bastardos, que en mi opinión, eran los dos mejores...! Estoy que no puedo! Cuando acabe, quiero tenerla toda en 4K Gracias No quiero que acabe!"
anger,929,0,original,"apoyando a golpistas. Otra más de este señor con su ""doble discurso"". Le cuesta mucho decir que nuestro país apoya cualquier salida pacífica en ?. Chile dando la ""cachá"" en política exterior... otra vez."
joy,2221,0,original,"Agradecemos al público que asistió a la primera charla sobre literatura fantástica y la proyección de la película ""Las Crónicas de Narnia: el León, la Bruja y el Armario"" manos aplaudiendo y libros"
disgust,601,0,translated_en,Las donaciones benéficas se benefician de una deducción fiscal del 60 por ciento en Francia.
anger,858,0,original,"Ya es hora de que caiga, este infeliz cara cabreada ! !!!"
surprise,4093,0,original,"¡FALLA SALAAAAAAAAAH! Tras rebote, el egipcio termina con un tiro en el poste. Perdona el ‘Faraón’. trofeo"
anger,1355,0,original,Odio tener que esperar por el paquete paquete para poder ver cuando ya medio planeta vivió la emoción de su último capítulo. Odio tener que esperar meses para ver cara llorando cara llorando cara llorando
sadness,140,0,original,"Notre Dame, la catedral parisina símbolo de la arquitectura gótica se ha perdido entre las llamas, dejando atras ocho siglos de historia."
joy,3970,0,original,GOOOOOOOOOOOOOOOOOOOOOOOOL!!!!!!! Del mejor futbolista de todos los tiempos!!! 2-0! círculo rojo círculo azul círculo rojo círculo azul círculo rojo círculo azul círculo rojo círculo azul círculo rojo círculo azul círculo rojo círculo azul círculo rojo círculo azul círculo rojo círculo azul círculo rojo círculo azul círculo rojo
joy,4281,0,original,"Viendo la repe de vs . Que bien juegan los holandeses! Saben cuando tocar, posicionarse, atacar y hacer los relevos. EXCELENTES LOS DE CAMISETA NEGRA!!"
surprise,2684,0,translated_en,"Guau, sin palabras para ver la Cruz todavía en pie."
fear,7242,0,translated_en,"El calentamiento global puede estar ocurriendo más lentamente de lo que se pensaba, el estudio sugiere The Independent"
disgust,300,0,translated_en,"No es la verdad, esta es la verdad sobre la lucha en línea ayuda a luchar"
others,5623,0,original,se solidariza con por el incendio en
others,6239,0,original,"Lo único que puedo decir en el es que sin libros mi vida no tendría sentido. Suena exagerado, pero es así."
joy,3413,0,original,Estamos listos para empezar el fin de semana de la mejor manera. Te esperamos mañana para desayunar cara guiñando el ojo ..
others,2526,0,original,Mi . Tengo mucho hype por la serie y hay que aprovecharlo ya van 3 veces que lo leo. Lo raro esque no paso del tercer libro. Pero este me gusta…
joy,212,0,original,Vale la pena recordar esta maravilla
joy,5047,0,original,Hoy más que nunca me siento orgullosa de mi país y de su gente. Ante el odio y el miedo hemos peleado con uñas y dientes con una papeleta como única arma. ¡Claro que se puede! puño en alto
joy,687,0,original,Una disculpa mis estimados hermanos de . La ignorancia de algunos Mexicanos es grande! Quiero a Venezuela libre!
others,2381,0,original,aquí mi pequeño homenaje a la mejor obra literaria del mundo mundial.
others,2405,0,original,"""Para viajar lejos no hay mejor nave que un libro"" Emily Dickinson."
others,1522,0,original,Duro menos en la cama que los créditos finales de tras la escabechina del 8X3
sadness,4,0,original,"Muy afectada -como muchísima gente- por lo ocurrido a , lo llevo por dentro. Me gusta saber y estar informada pero no voy a recrearme viendo imágenes y escuchando ""información"" que solamente da vueltas a lo mismo una y otra vez"
others,2944,0,original,La escena de Rivera y Sánchez avergonzando el
joy,6360,0,original,¡Hoy vamos por el título de !
disgust,6074,0,translated_en,Estados Unidos necesita un golpe de estado para el petróleo y la conspiración de la guerra fría.
anger,6747,0,original,"no quiero un país fascista, pero tampoco lo quiero en la miseria."
others,3045,0,original,Existe una copia original en la Ciudad de en la
joy,571,0,original,"Ayer me aterrorizó el incendio en . Sin embargo, hoy se nos abre un bonito e interesante proceso de restauración en uno de los símbolos de nuestra cultura. Intentemos hacerlo tan bien como los maestros medievales."
sadness,7256,0,original,"Desde tu ventana en TV se puede ver tu esfuerzo por hacerlos brillar a pesar de la ""mugre indiferencia"" que el estado les tira, algún día valoraremos lo nuestro, no pierdo la fe. Lamentable para la historia lo de"
joy,2380,0,original,"Una maravilla de libro, que creo no me cansaré nunca de recomendar ni de disfrutar (a sorbitos). Feliz"
disgust,7672,1,original,"Los moros celebrando el incendio de la catedral de , riéndose de nuestra historia y cultura... quizás ya va siendo hora de mandar a esos follacabras a sus poblados de mierda a que se maten a machetazos como en antaño... que recuerden sus podridas raíces..."
anger,7991,1,original,Hay que ser muy basura para no comprarse cualquier libro de así que no seas un pedazo de desecho humano y ve a comprarlo.
disgust,2201,0,translated_en,"¡Olvídate de la abominación que es el nuevo Día del Peso Muerto Sonic, feliz!"
sadness,7198,0,original,"-Qué pena la pérdida de tanta historia, cultura y patrimonio en el incendio de -ñañañañaña"
others,4029,0,original,bandera unión europea | Semifinal: bandera españa y bandera inglaterra tienen sus formaciones confirmadas para el primer duelo en el Camp Nou.
others,5666,0,original,¿Ya se inventaron alguna profecía apocalíptica con respecto al incendio de ? fuego sinagoga
anger,7795,1,original,Pueblo en dónde? Con quién? A ver si ponen a trabajar más dignamente a los pendejos que les retuitean esas vainas...
surprise,7003,0,original,"A dia de hoy , coger un avión para ir de vacaciones ,debería de ser tan absurdo, como fumar en un quirófano. ."
joy,2686,0,original,"Y, a colación del , en nuestra pestaña de ""recomendaciones"" os proponemos algunos cara sacando la lengua Agracedemos que nos recomendéis vosotros también algunos que merezcan la pena, para añadirlos. Si os queréis extender, mucho mejor que sea ahí en la pestaña:"
anger,7643,1,original,La han destruido por completo. Han destrozado impunemente. Malditos psicópatas. Y la versión oficial ... ¿se decantará por la opción A o la B? Se admiten apuestas.
surprise,1370,0,original,Menudo sorpresón final. Eso sí que no me lo esperaba.
others,5512,0,original,"Y comencemos por algo sencillo.. como no usar bolsas de plástico en el super o no usar sorbete en restaurantes, o reciclar.. solo hay que dar el primer paso."
anger,7844,1,original,"¡ REINA DE LOS PUTOS SIETE REINOS! Cualquier otra cosa sería la mayor injusticia de la historia de la televisión. , , , ,"
joy,4428,0,original,GRACIAS A TOD@SHemos conseguido frenar al trifachito. Orgullo enorme!! bandera españa
sadness,1405,0,original,Hoy ha perdido el PP y el Real Madrid. Esta noche capítulo de hora y veinte de mañana lunes de aguas... Me voy a comprar un décimo de lotería
joy,5721,0,original,Nosotros fuimos a ver y después nos comimos una pizza con huevos frito y papas fritas arriba. Como lo relaciono con eso siempre la amaré.
disgust,2708,0,translated_en,"Ella es un apoyo para toda la agenda ""Verde"" Probablemente lee un guión cuando da un discurso."
others,2151,0,original,Cuando Tyrion le besa la mano a Sansa:
sadness,7451,0,original,"Me pone sad lo de , no me imagino a toda una población perder o ver sufrir el daño a alguno de sus más emblemáticos monumentos. bandera francia exclamación de corazón"
anger,7665,0,original,"Quiero ver yo qué piensan los de ""la única iglesia que me gusta es la que arde"" ante lo de Imagino que todos poniendo tweets diciendo que qué pena y demás. A ver si con este tipo de cosas reflexionan."
sadness,4581,0,original,"Que tristeza lo que pasó hoy en España, cada vez más países se dejan llevar por las peligrosas ideas del socialismo y el progresismo. Vienen tiempos duros para España y para occidente."
fear,4799,0,translated_en,"Un poco más nervioso con esta alineación, pero, ¡hasta los rojos!"
anger,8237,0,original,"Es imposible entender cómo no está Politizada nuestra forma de alimentarnos , siendo el sistema alimentario el responsable de mas del 50% del calentamiento global."
others,2830,0,original,Y en este hay unos protagonistas incipientes: los audiolibros
others,5360,0,original,Reino Unido declara el cambio climático como emergencia nacional vía
others,4516,0,original,"Nunca se va a arrepentir lo suficiente de haberle dicho NO, NO a Pedro Sánchez. En estos momentos, podrían tener hasta ministerios."
joy,1916,0,original,"El mejor episodio que he visto, muchísima emoción en cada minuto. Nada más que añadir."
others,5312,0,original,"por fin : ""las generaciones de adultos han fracasado.. tenemos que salir de nuestras zonas de confort"""
sadness,7338,0,original,Todos estamos consternados y tristes ante la noticia del trágico incendio de la catedral de de París. Nuestro más sincero apoyo a los parisinos y franceses. Estamos seguros de que todos veremos resurgir este gran monumento de más de 800 años de historia.
anger,1120,0,original,"No entiendo a los ""opositores demócratas"" que han inmolado (quemado vivos) a más de 80 simpatizantes chavistas desde que empezaron las protestas, apoyadas por EEUU.¿Te solidarizas igual con Palestina? Allá hasta detienen a niños las fuerzas de ocupación israelí..."
joy,1981,1,original,Aria Stark o lo q es lo mismo PUTA DIOSA cara sonriendo con ojos de corazón cara sonriendo con ojos de corazón cara sonriendo con ojos de corazón cara sonriendo con ojos de corazón
anger,8330,1,original,"leo algunos twits de imbéciles que se alegran por el incendio y destrucción de esta maravillosa obra, los pongo al mismo nivel de aquellos talibanes que destruyeron imágenes de Buda, en el fondo son tan hijos de puta como aquellos"
others,4641,0,original,| Los resultados del PSOE en es el mejor dato de los grandes municipios de
anger,937,0,original,Fuerza !!! Dios los libre de una vez de tanta tiranía!
joy,5842,0,original,Victoria para Venezuela!!!!!!!!!!! Maduro YA NO ESTÁ EN VENEZUELA!
joy,3218,0,original,"Tras el sufrimiento y la tensión, llegó la celebración: ENHORABUENA A TODOS Y TODAS LAS CULÉS DEL MUNDO por la 26ª LIGA DE NUESTRA HISTORIA"
sadness,248,0,original,La catedral de Notre Dame ha quedado devastada por las llamas. Desde DEKRA Industrial mostramos nuestra preocupación y tristeza por lo ocurrido.
disgust,6431,1,translated_en,Estoy convencido de que la gente molesta por el episodio de anoche son idiotas. Voy a elaborar más tarde.
joy,3326,0,original,¡El Barcelona puede proclamarse campeón hoy! Los culés quieren levantar el título ante su público y para ello deberán vencer al Levante. bandera españa botón vs EN DIRECTO antena de satélite
others,6377,0,original,levanta su título 34 en bandera españa
joy,2713,0,original,Leer es un placer indescriptible.
anger,5299,0,original,"""Ustedes no son lo suficientemente maduros como para contar las cosas como son. Incluso esa carga la dejan para sus hijos'Ustedes dicen que aman a sus hijos por encima de todo, pero les están robando su futuro ante sus propios ojos"""
disgust,439,0,original,Compara el número de minutos y tweets dedicados a con el que se dedicó al autobús escolar bombardeado en Yemen matando decenas de niños...... Asco!!!!!
joy,5111,0,original,"Voy a dormir feliz. Buenas noches España, ¡Viva tú!"
anger,4400,0,original,"Cinco horas de escrutinio, a lo mejor el cómputo de votos del senado nos lo podríamos replantear urna con papeleta"
others,6063,0,original,Noche de con mi rubia
joy,4875,0,original,"Y ahora que hemos conseguido muchas cosas Votando con Orgullo, nos toca nuestra identidad, nuestro gobierno, nuestras ideas, nuestro sexo, nuestro amor. Enhorabuena LGTBQ’s."
joy,5255,0,original,"Que una niña de 16 años logre mover a la infancia del mundo para combatir el cambio climático, inspira y da esperanza"
others,1261,0,original,Fracaso total el nuevo intento de golpe de Estado en . .. otra derrota más para Goliat
joy,2117,0,original,"Por si no tuvimos suficientes emociones con , llegó y nos ofreció otro episodio bestial!!! Que buen final de puente estamos disfrutando!!"
joy,5551,0,original,cara sonriente bíceps flexionado excelente!!!! ¿Te gustaría que eso pasara en nuestro país?
anger,8305,1,original,"Si digo lo que pienso de esta papanatas, que además es clavada a la niña de la familia monster, me cierran la cuenta, pero es que si digo lo que pienso de sus padres, o de las que la usan a saber para que, me detienen. Lo del Parlamento Europeo ya es de chiste."
disgust,3579,0,translated_en,Bran... el maldito Bran... ¿podemos simplemente? El mundo está colapsando a su alrededor y ¿qué hace? Mentalmente se jode por el pub
others,7865,0,original,"Ya lo he dicho en otras ocasiones, pero insisto, el gestor de redes del es el puto amo."
anger,4411,0,original,¿Ha captado ya el PP el mensaje o le hacen falta otras elecciones?
surprise,2108,0,original,"Vale, ahora es el momento de decir MENUDO FINALAZO. En shock emocional."
others,4638,0,original,Aquí falta el bailecito de Soraya para que todos seamos felices
sadness,7485,0,original,lamentable que políticos de la izquierda española defiendan el régimen totalitario de Maduro
others,6467,0,original,Vamos ganarle al levante vamos por el triplete ;
joy,243,0,original,... Menos mal! No todo está perdido
joy,5201,0,original,"¡Algo hay que hacer! ¡Orgullosos del nivel de concienciación, salimos a la calle!"
joy,2390,0,original,"En un día como este... de la sangre derramada de un dragón malherido brotaron rosas rojas, un escritor de cuyo nombre la humanidad no quiere olvidarse tuvo santa sepultura y se celebra el . Felicidades a aquellos que hallaron en los libros el mejor de los ejércitos cara sonriendo ligeramente"
others,5503,0,original,La UEFA abre una investigación disciplinaria a Neymar por sus críticas al arbitraje
joy,847,0,original,Mi energía positiva para que sea libre y reine la Paz.
disgust,2279,0,translated_en,Los Thunberg son el epítome de la familia moderna desastrosa. La amistad basada en los padres. Síndrome de Munchausen por Proxy. Simplemente abuso infantil.
disgust,1453,0,translated_en,"No deje que sólo importa cuando sucede en su zona de confort occidental. Si lo hace, usted es un impotente hacer nada - o peor aún un islamofobo."
surprise,853,0,translated_en,La velocidad de los wights me sorprendió desprevenido. Realmente no estaba listo para eso.
others,2006,0,original,Al lío. Y hasta que no termine no vuelvo a entrar aquí.
anger,2273,0,original,El feminismo inmerso en una vorágine intentando demostrar que feminismo=igualdad y llega y suelta que los hombre no podemos hablar de feminismo
others,2100,0,original,"Después de casi hora y media sin respirar, toca hacer la elección de cada capítulo... ¡Elige tu personaje favorito de este 8x03 de !"
joy,2123,0,original,Siemplemente el mejor capítulo de la historia
surprise,1798,0,original,Dios! Esos gritos de desesperacion. La piel de gallina
surprise,4015,0,translated_en,Messi... ¿qué puedes decir? El hombre es una leyenda. Esa patada libre... él está tomando el p*ss.... la mandíbula cayendo... cara con la boca abierta cabra
surprise,1357,0,original,Es que es imposible. Sigo con la misma cara de cuadros q cuando acabe de verlo. Simplemente IMPRESIONANTE
disgust,543,0,translated_en,Tal vez si crees que es demasiado oscuro tienes que comprobar la configuración en la televisión o tus ojos porque puedo ver lo que está pasando simplemente bien. A veces las cosas tienen lugar por la noche!
disgust,6978,0,translated_en,"Al menos bajo el socialismo democrático, después de que el gobierno te atropelle con un coche blindado, obtienes atención médica gratuita."
anger,3701,1,original,No entiendo cómo Valverde no saca a Dembele si lo que quiere es salir a la contra. Este hombre es cagón hasta la desesperación.
others,3449,0,original,y una emotiva celebración con su gente tras el título obtenido. Con en el bolsillo y de la mano de ¿van por la triple corona?
others,1669,0,original,Dos de las mejores batallas jamás vista en televisión:• La Batalla de los Bastardos.• La Batalla de Invernalia.
sadness,9,0,original,"Desde siempre he visto como una obra maravillosa de la arquitectura, no como algo relacionado con un dogma de fe. Mi pesar es por lo primero, nada más."
joy,5500,0,original,se ha convertido en un icono del activismo ecológico a nivel planetario. Da esperanza ver a jóvenes peleando de esta manera
surprise,25,0,translated_en,"Dos tipos alimentan a un gato raro, no creo que ella va a volver y traer una sorpresa a ellos"
joy,2688,0,original,No hay mejor forma de celebrar el que iniciar una nueva lectura
disgust,213,0,translated_en,"""Renovable"" es un culto tan deshonesto y divorciado de la realidad que ni siquiera sus predicadores la siguen. Utilizan toneladas de combustibles fósiles en lugar de su adorada energía Sunshine & Breeze unicornio."
sadness,7502,0,original,"Vi qué hay chilenos manifestandose democráticamente afuera de la embajada de en favor del dictador . Ellos se manifiestan democráticamente, mientras un pueblo manifiesta su dolor y angustia frente a la tiranía de un régimen que día a día mata a su gente."
surprise,3996,0,translated_en,¿Tal vez Battle of Winterfell fue un tributo de 82 minutos al final de The Sopranos?
others,1744,0,original,| Emilia Clarke enamora con su vestido rojo de tul
disgust,1787,0,translated_en,Espero que todos los equipos pierdan.
disgust,1001,0,translated_en,Totalmente increíble. Demócrata 2020 candidatos y así como humildes están arraigando en .
others,2756,0,original,"Hoy Finalizamos Positiva Jornada Laboral en el Registro Mercantil I procesando, firmando y entregando lo estimado para el día. Trabajamos por LA PAZ DE VENEZUELA"
others,3990,1,original,El puto amo de todos....
disgust,1151,0,translated_en,"ir más peor situación, lo que el alivio de la gente cara delivio por la economía corrupta"
joy,7154,0,original,Hasta ahorita me conecto... Y solo tengo que decir: Messi lo hace ver taaaaaan fácil cara gritando de miedo balón de fútbol
sadness,7262,0,original,"Pienso en esos bomberos, cómo debieron trabajar con impotencia por no terminar pronto con con esas llamas sabiendo además que eran la gran esperanza del mundo, quienes veíamos con gran dolor esta tragedia , increíble como se dice que la tristeza une más que la alegría"
sadness,4921,0,original,"Pues habrá mucha gente contenta con el resultado, me alegro por ellos. Pero yo siento tristeza profunda, soy catalana, vivo en las afueras de Barcelona y de nuevo 4 años en los que nadie me tendrá en cuenta en mi tierra."
others,2379,0,original,": Quién pierde paga de Stephen King cara sonriendo con gafas de sol cara sonriendo con gafas de sol , si tienen libros que me recomienden les agradezco"
joy,6017,0,original,"Se parece a un personaje de pero no quiero hacer spoiler... Eso si, ha superado a la ficción!"
disgust,613,0,translated_en,"Sería bueno que los corresponsales internacionales que están cubriendo comprobaran lo que significa un presidente interino antes de hablar de un golpe, que sucede fuera de la Constitución y por una persona o grupo que no son el gobierno reconocido por favor!"
others,8020,0,original,que groseria de gol. 3 - 0
disgust,8286,1,original,Puto el que NO lea.
others,5754,0,original,¿cuando le dan asilo a los democratas chinos?
surprise,3753,0,original,"Tremenda la mano en el ares del Liverpool.. Si así funciona el VAR, elige campeones!"
anger,1069,0,original,"SI TANTO GLORIFICAN AL SOCIALISMO DE LOS PRO , YA DEBERIAN IRSE PARA DISFRUTAR ESE ES-PEJISMO DE Y ."
joy,2577,0,original,"Hoy es el . Desde El Ateneo en Buenos Aires, un lugar que hace honor a miles de libros, pero que aún no tiene todos los que quiero. La Biblioteca de mis sueños tiene amplias…"
anger,7671,1,original,Siglos de historia de la humanidad y cultura europea a la basura. Realmente me duele ver en los hashtags que se rían del tema. Respeten o mejor cierren la puta boca.
joy,3814,0,original,Disfrutando de una (fría) noche de Champions.
anger,4363,0,original,"De qué sirve el VAR si no ven las jugadas finas, que son las difíciles para el árbitro? La mano saca ventaja y era penal para el Barça."
sadness,6261,0,original,y como siempre ni un digital recibiré cara desesperada
others,2847,0,original,La lectura lleva a mundos desconocidos inimaginables . Atrevete a Entrar.
disgust,3516,0,translated_en,", en algún momento. un bastardo sociópata le dijo a las universidades y universidades subpar que deberían aumentar la matrícula porque los padres asumirían que eran una mejor escuela. Lo que cobran debe ser una función de cuántos de sus estudiantes que colocan."
anger,7633,1,original,"Más aweonao creer que no... Van a pasar años pidiendo plata a los ""fieles"" para la reconstrucción DE mientras el se sigue forrando en plata... Insisto: TARADOS"
surprise,4147,0,translated_en,¿Alguien ha oído hablar de este tipo MESSI? ¡Es bastante bueno!
others,5465,0,original,", la joven activista sueca que llamó a combatir el →"
joy,2800,0,original,"Apurando el me gustaría recomendar todo el material de Duane Michals. En los pies de foto de sus fotografías se encuentran historias fantásticas muy humanas en las que podemos ""observar sus pensamientos"". Un genio."
joy,6306,0,original,En Devoim estamos celebrando el por todo lo alto... cara radiante con ojos sonrientes
disgust,3268,0,translated_en,Porque es el tipo que quiere cambiar de régimen con la ayuda de los EE.UU.
surprise,2074,0,original,¡Buenos días! Entrar en Twitter y ya me he comido dos spoilers de que peligro.
others,6954,0,original,"""Si las soluciones dentro del sistema son difíciles de encontrar quizá debemos cambiar de sistema."" Porque quizá también debamos romper con el sistema adultocentrista y abrirnos a la perspectiva de la"
others,5783,0,original,Me siguen llegando mar videos de la situación de . No puedo precisar cuando sucedió eso pero debe de hacer 2 o 3h horas.
joy,6235,0,original,¿Qué tal vuestro ? ¡Recomendadme alguno para cuando me termine este! manos en oración tono de piel claro medio cara feliz con ojos sonrientes
sadness,284,0,original,Resiste compañera!!!! Dolor al ver las imágenes de envuelta en llamas. Una pérdida mayúscula este símbolo de la arquitectura y la cultura gótica. cara llorando
sadness,6025,0,original,"No puedo con esto, no estaba preparada"
surprise,2048,0,original,"Brutal,Espectacular,Fantástico,Épico,Majestuoso,Alucinante... Impresionante he Inolvidable... Historia de la TV"
joy,2411,0,original,"El fue instaurado por la en el año de 1995, para rendir un homenaje universal a libros y autores, que nos motivan a descubrir el placer de la lectura y el valor de sus contribuciones, que impulsan el progreso social y cultural en el mundo."
joy,2771,0,original,Qué bueno que exiten los libros. Celebremos leyendo cara guiñando el ojo
sadness,14,0,original,París bien vale una misa... o dos. Que pena.
others,5317,0,original,"""Protestamos todos los viernes para demostrar que las cosas no pueden seguir así en el "", dice Franziska Wessel. Hoy se está demostrando más aún en todo el mundo globo terráqueo mostrando américa corazón verde"
joy,3895,0,original,Madre mía!!! Qué Golazo de De tiro libre él la coloca donde quiere y cuando quiere El mejor.
sadness,227,0,original,"Es trágico que el patrimonio cultural sea tan fácil de destruir y tan difícil de preservar. Deseaba con ansias conocerla algún día, al parecer ya no será posible. Es una pérdida irremplazable para la humanidad y sobre todo para la nación francesa."
others,1026,1,original,Lo dejó pagando solo en . Como el zorron de malasia a su “amigo”
joy,289,0,original,"Fuimos hace tres años y me pareció impresionante, su historia y todo su interior. Entramos varias veces pq siempre se…"
sadness,6335,0,original,calendario de espiral HACE UN AÑO: se despedía del Barcelona y de manos aplaudiendo manos levantadas celebrando repetir si echas de menos al mago de Fuentealbilla
joy,7859,0,original,"Me cago en mi puta vida, vaya CAPITULAZOOOO!! Sólo diré que es mejor verlo con la luz apagada y las persianas echadas, porque visualmente es muy oscuro y si no, no se ve na. Y que es el más brutal de la serie hasta ahora. Na más. A sufrirlo y a disfrutarlo cara gritando de miedo cara gritando de miedo cara gritando de miedo cara gritando de miedo"
sadness,7410,0,original,"Hace 2 semanas pude comprobar la belleza y la riqueza de hoy vivo con tristeza una de las mayores pérdidas de la humanidad, Hoy todos lloramos por esta gran pérdida."
joy,2977,0,original,"// FELIZ DÍA DEL LIBRO // festejó este día con intervenciones de narración oral, cuenta cuentos y lecturas en voz alta en el Colegio 10 de Agosto. ¡ Muchas gracias por la invitación y por esta linda experiencia!"
anger,5204,0,original,"Activista de 15 años: ""No hemos venido aquí a rogar a los líderes mundiales que se preocupen. Hemos venido aquí para hacerles saber que el cambio está llegando, les guste o no. El poder real pertenece al pueblo"" manos aplaudiendo tono de piel claro medio"
joy,2565,0,original,Feliz día del libro a todos mis lectores
anger,8343,1,original,"Lo bueno de estas elecciones es que ya sabemos que porcentaje del PP eran unos fachas de mierda, ahora en VOX y cuantos eran complices de ladrones y sinverguenza."
sadness,536,0,original,"Apenados ante la noticia del incendio ocurrido en la catedral de ,nos unimos al dolor que en estos momentos siente todo el pueblo francés y toda la Iglesia. Ponemos todas nuestras oraciones para que los efectivos que están actuando puedan minimizar los daños producidos"
disgust,496,0,translated_en,Barcelona puede salirse con la suya.
disgust,4416,1,original,"Aparentemente se aleja el fantasma de ser gobernados por fascistas, ignorantes y fanáticos religiosos. Para todos aquellos seguidores de la terna facha recordad, aún no habéis tocado fondo. Siempre podéis coger una pala y seguir cavando."
others,8149,0,original,"El secretario general de vox diciendo: noche triste para la izquierda. Ve esta foto, mira a la izquierda y no Le da ""pa más"""
sadness,40,0,original,"Fue su , ahora la catedral de . Por Jesucristo redentor, párenle al mame."
joy,2792,0,original,"Nos gusta leer y en el queremos conocer tus gustos literariosBúscanos en dorso de mano con índice hacia abajo tono de piel claro responde a la pregunta en nuestros , te leemos cara guiñando el ojo"
sadness,521,0,original,Difícil contener las lágrimas ante esta escena. Rezos ante y por
joy,2760,0,original,"¡Celebramos el en ! libro abierto Nos visita una de las escritoras más prominentes de nuestro país, Maribel Barreto¡Pero atentos lectores y escritores! Vamos a lanzar un concurso durante el programa para todos los autores y aspirantes. mano escribiendo tono de piel claro estilográfica"
joy,5381,0,original,Había oído hablar de y quiero compartirles este video sumamente inspirador y valiente de una niña que grita al mundo lo que muchos no se atreven a decir.
disgust,4055,0,translated_en,"La última palabra del rector re: es que “podría ser un fallo de la computadora.” que causó el fuego. En otras palabras, “no nos pregunte de nuevo {porque fue un incendio provocado, estúpido.}”"
joy,2271,0,original,La lectura salva! Feliz día del libro!
joy,2260,0,original,Feliz día del libro!!! Hoy lo celebramos con Chica Cafeína en el colegio Lima Villa College mano escribiendo libros libro abierto
joy,4441,0,original,"YO CREO QUE CON ESTA VICTORIA, LO SUYO ES QUE AHORA NOS REGALEMOS PULSERITAS DE ESPAÑA!! PORQUE NO PUEDO ESTAR MÁS ORGULLOSO bandera españa bandera españa bandera españa bandera españa rosa corazón morado bandera españa bandera del arcoíris"
joy,3532,0,original,Sin palabras. Lo que hizo es magnífico. De otro mundo. Solo él y él pueden hacer cosas como estas
disgust,2280,0,translated_en,Yo no lo tocaría con un palo de diez pies.
anger,5925,0,original,Dónde está la democracia cuándo hay que recurrir al ejército?
others,4315,0,original,Klopp es lo mejor que le haya podido suceder al Liverpool. Se tenía que decir...
others,5792,0,original,"Cuenta se dan de quién es el que manda en ,"
joy,4513,1,original,"Es que, que HOSTIÓN se ha pegado el PP estoy tan FELIZ. Ha perdido más escaños de los que tiene ahora mismo."
sadness,59,0,original,"Un terrible incidente el fuego devastó a la catedral de Notre Dame, símbolo de la capital francesa, Patrimonio Mundial de la Unesco y uno de los monumentos más visitados del mundo"
others,7164,0,original,"Decía que ""Quien no lee habrá vivido apenas una vida. Quien lee habrá vivido 5000 años"". Así que si aún no lo saben, en nuestra tenemos más de 2000 títulos italianos bandera italia flecha hacia abajo flecha hacia abajo flecha hacia abajo"
disgust,1013,0,translated_en,"Siento que estoy diciendo esto todas las semanas, pero ¿soy el único que pensó que era realmente pobre esta semana? Esta temporada se está perfilando peor que la última, una gran decepción."
joy,4996,0,original,Ahora si! Gracias por salir a votar!
others,1225,0,original,rechaza intento de golpe de estado en
anger,8354,1,original,"DIOS MÍO COMO HAY PUTA GENTE QUE VOTA AL VOX. ME DAIS ASCO. FOS, PERO FOS DE VERDAD."
disgust,691,0,translated_en,"luces de política TRES... Entiendo que es triste, pero, creo que es importante en estos momentos también tener alguna perspectiva: Han pasado 1817 días desde que ha tenido agua potable limpia"
joy,4991,0,original,La culpa es del que tenga la ostia x la derecha. Gracias porque sin vosotros este triunfo de la izquierda no sería posible. Gracias al barco de Feijoo por colaborar en el hundimiento por sustitución por Casado. Rivera! Debate siempre así!
others,6757,0,original,"Si tienes problemas de aparcamiento por Madrid, dicen que por la zona de Génova 13 hay hueco."
disgust,8269,1,original,Cualquiera que defienda el regimen de Maduro es tan estupido como el que mas
joy,3101,0,original,Cosa más buena que leer un lindo libro...
joy,4091,0,original,No vimos la pero cómo apoyamos jajaa
others,6935,0,original,Una profesora de inglés tuvo un hijo con su alumno de 13 años
disgust,3685,0,translated_en,"Nadie debe felicitar a Barca, por favor... ganar es sólo una rutina."
sadness,233,0,original,Hoy sólo podemos sentir una profunda tristeza...
anger,7780,0,original,Ya estoy con los cocos hinchados con Guaido y Maduro. Llamen a elecciones libres y el que caga caga. Tanto les cuesta? O los dos tienen miedo a perder? Y no me vengan con la estupidez que no hay garantías
joy,3188,0,original,¡Goooool! 1-0 el mejor de todos los tiempos esta dando el campeonato círculo azul círculo rojo
joy,4967,0,original,"Reflexión: al final triunfó el ""sólo sí es sí"". Y se hizo el silencio, ¿lo escuchan? La demostración aplastante de que la solución no está en gritar ""Arriba España"". Porque la bandera se lleva en los hechos, y no en la muñeca."
joy,3996,0,original,"83’ Gooooooool de Messi, que pedazo de gol, que manera de pegarle a ese tiro libre balón de fútbol 3-0"
sadness,2913,0,original,"En el : Ensayo sobre la ceguera, José Saramago. Los ciegos tendrán que enfrentarse con lo que existe de más primitivo en la naturaleza humana: la voluntad de sobrevivir a cualquier precio."
joy,6443,0,original,Otra liga más del Messi Fútbol Club!!!
anger,4892,0,original,"Seguís con el miedo,y seguís conformándoos No quiero escuchar luego a nadie quejarse eh!!!!!!"
others,6670,0,original,radio Se juega el segundo tiempo: 1-0 Semifinal ida En vivo:
anger,7888,1,original,¿Por qué cojones no está Sam en la puta cripta? Me está poniendo de los nervios
joy,6651,0,original,Messi no anda al 100%está al 200%
others,3946,0,original,El templo del fútbol y el templo del mejor del mundo y de la historia.
joy,7830,1,original,"Mi resumen de la serie, ARYA LA PUTA AMA."
disgust,301,0,translated_en,""".. eso es lo que quiere."". Es bueno ver que has renunciado a la pretensión de que se trata de la gente. Ahora sobre la composición de los manifestantes de oposición pro, tal vez no tan representativo de ..."
others,6666,0,original,: |Arranca el segundo tiempo|. bandera españa 1 (Suárez) - bandera inglaterra 0.
disgust,4552,0,translated_en,"Hey, gente de Twitter en todas partes: verán a la multitud decir que 's forma de ""socialismo"" (es realmente más como la mafia que un gobierno) es lo que los demócratas harán a los Estados Unidos. no es verdad. Traten de no ser tan estúpidos como para caer en eso, ¿de acuerdo?"
surprise,1910,0,original,"Buah!!!! Sin palabras,memorable, quien duerme ahora y que larga espera para el próximo capitulo,simplemente increíble"
surprise,1564,0,translated_en,"A riesgo de ser otro spoiler, sólo una pregunta: ¿cuál fue la motivación del Night King? Sé que quería borrar el mundo de su memoria, pero ¿por qué? ¿Alguien más no se siente satisfecho con el último episodio, a pesar de que fue épico af y me gustó?"
others,1566,0,original,¿Qué ocurrió en el episodio 8x02 de ? ¡Aquí os dejamos nuestra crítica!
joy,3967,0,original,QUE GOLAZO POR FAVOR!!!!! 3-0
joy,4143,0,original,"Hasta semis parece haber llegado el sueño de la . Grandes equipos, competencia, afición, técnicos, estadios, nóminas, pero poca ambición internacional. aún con vida, ha buscar un milagro en casa."
anger,4324,0,original,Esa maldita maña del fútbol de no recompensar al que juega mejor.
sadness,7510,0,original,"Todos podríamos opinar sobre lo que ocurre en pero hay un pequeño matiz, que no lo estamos viviendo. Lo siento mucho por todos aquellos que estáis sufriendo, el pueblo es el que está pagando el precio de las pugnas de poder de personas sin humanidad."
fear,339,0,translated_en,: Las fugas de juegos de alto riesgo de Guaido mientras Maduro mantiene el control militar
others,6224,0,original,"con terminar, en menos de mil noches, ""Las mil y una noches"". Cerró los ojos y soñó..."
others,3459,0,original,| Desde las 15:45 ( bandera argentina ) recibe a . Si el equipo blaugrana logra el triunfo se consagrara campeón de la liga.
sadness,2075,0,original,"Están siendo días super intensos y siento el abandono. ESO SÍ, no lo perdono. ."
joy,4525,0,original,consigue la asombrosa cifra de 0 escaños en . Orgulloso de mi tierra bandera canarias corazón morado puño en alto tono de piel claro medio
others,6974,0,original,"El mensaje de para el mundo, la crisis del medio ambiente es prioritaria, nuestra casa está en llamas... globo terráqueo mostrando américa globo terráqueo mostrando europa y áfrica globo terráqueo mostrando asia y australia"
sadness,7533,0,original,Qué triste que ya se perdieron las viejas costumbres de regalar libros en este día. cara llorando
sadness,252,0,original,Seguimos consternados tras las imágenes de cara llorando Desde París nos cuenta cómo los bomberos han conseguido controlar el incendio y el inicio de la investigación para determinar las causas
anger,8089,0,original,Esos de se quejan mucho meras niñas
sadness,7359,0,original,"Lamento mucho el incedio de la catedral de (monumento emblemático de ) pero lamento aún más que la gente se alarme tanto por una estructura y sea indiferente al dolor humano (pobreza, migración, femicidios, guerra, etc.)"
surprise,4116,1,original,"Huy nooo, solo hay una forma de describir esto.... que gol tan hijueputaaa!!"
others,4671,0,original,El PP ha conseguido que en sus fiestas haya menos gente que las que hace Amador Rivas
others,1318,0,original,"En términos estratégicos, porque seguro en eso andarán pensando, ¿qué le conviene más a la derecha mexicana: que Maduro caiga o que permanezca? Con lo primero ganan un referente de victoria; con lo segundo mantienen a su némesis."
joy,1672,0,original,Ya si se filtrara ahora el capítulo nuevo de Juego de Tronos sería la tía más feliz de España.
others,6782,0,original,Se cierran urnas... alea iacta est
sadness,367,0,original,mientras se reconstruye nuestra hermosa lo acogeremos en nuestros corazón . Estamos triste pero renacerá como el ave fénix corazón rojo corazón rojo cara lanzando un beso cara sonriendo con ojos de corazón
joy,4296,0,original,Que día más perfecto! Juegan mis dos equipos favoritos! corazón rojo corazón azul corazón rojo Laaaaaaaa pentagrama balón de fútbol notas musicales Chaaaaaaaaaaaaaaaammpioooonnnnsss pentagrama balón de fútbol notas musicales trofeo
disgust,7952,0,original,Llevo 5 minutos viendo el tercer episodio de la octava temporada de sin haber visto absolutamente nada de la serie anteriormente y me siento muy sucio.
anger,7585,0,original,"Cuánta clase, agredir con el pretexto del peso. Cual niño en jardín de niños, o primaria, igual de ridículo. Qué vergüenza, qué bajo nivel. Seguro estarías comiendo de la basura en lugar de colapsar los cines mirando Avengers, que es lo que ocurrió en . Crece."
others,979,0,original,"Un presidente, se le debe al pueblo, anda en la calle sin miedo y enfrenta los problemas del pueblo junto al pueblo ¿Alguien tiene duda de quien es el presidente de actualmente?"
joy,4788,1,original,Alegría porque el PSOE ha ganado las elecciones. Si eso no hace que veamos lo jodidos que estamos ya no se me ocurre nada.
joy,2497,0,original,"Porqué los libros siempre nos ayudarán a sacar lo mejor de nosotros, feliz"
sadness,3234,0,original,"Hoy mientras el segundo mejor jugador de la historia ganaba , en perdía la final de la copa contra el , un equipo con la mitad de presupuesto que el . Ay qué malo es el dinero"
joy,3240,0,original,"Felicitaciones a todos los seguidores del en Guatemala. Seguramente están celebrando ya. Hasta la próxima edición de , espero que el la compita hasta el final."
sadness,173,0,original,Con lo ocurrido en la catedral de no pude evitar recordar esta serie.
sadness,7177,0,original,Ayer sentí una pena tan grande y no tengo nada que ver con Francia. La pérdida de duele porque es un símbolo de la civilización cristiana occidental. Han tratado por siglos de usurpar su valor religioso y resulta que ayer rezaban de rodillas.
surprise,5266,0,translated_en,"Se obtiene la impresión de algunos medios sociales de que la gente no sabe que la Catedral todavía está en pie. ""el final de una era"" ""800 años de historia pasaron de la noche a la mañana"" Este Abandona que también se quemó en la Primera Guerra Mundial y la Revolución Francesa por lo menos."
sadness,97,0,original,Momentos que conmueven en la desgracia de
joy,8003,1,original,"Golazo se D10s. A llorar, merengues de mierda."
surprise,2801,1,translated_en,"¿Soy la única persona que notó cómo Jon ladró al Dragón Nocturno como ""Soy un puto targaryen pedazo de mierda"""
joy,1433,0,original,"Es q lo sabia desde el principio, Arya los salvo a todo cara llorando fuerte cara llorando fuerte cara llorando fuerte"
surprise,4211,0,original,Nada que hacer. Tremendo golazo de Messi
joy,3259,0,original,¡EL REY DE ! ¡10 títulos para Leo Messi en 15 campeonatos españoles disputados defendiendo la camiseta del Barcelona!
joy,4789,0,original,Envidia y respeto absoluto al País Vasco corazón amarillo corazón morado corazón rojo
joy,6197,0,original,¡Nuestros peques de 5 años también han querido celebrar el ! cara sonriendo con ojos de corazón libros
surprise,5862,0,translated_en,.... Creo que acabo de darme cuenta de que el rey de la noche solía tocar la guitarra para
joy,4652,0,original,Hoy me reconcilio un poco más con España. Gracias por rechazar el discurso del odio.
disgust,4853,0,translated_en,"Si tan sólo $340 millones pudieran ser recaudados rápidamente para el cáncer, ayudas, ayudar a los indigentes, enfermedades mentales, los encarcelados erróneamente... las cosas serían muy diferentes. Las prioridades de la gente en este mundo.."
joy,2791,0,original,¡No dejes para mañana lo que puedes leer hoy ojos ! ¡Feliz !
sadness,5571,0,original,Se me encoge el alma cara desanimada
disgust,654,0,translated_en,Algunos de los tuits que hablan de cosas negativas son enfermizos. Provienen de un lugar común de wahabismo y secularistas/comunistas que odian ser personas y tradiciones propias.
anger,5137,0,original,La ley electoral de este país es una vergüenza
joy,3627,0,original,"Como atacó la pelota, mérito absoluto del delantero"
joy,6835,0,original,Trifachito te vas a quedar con las ganas parece ups
sadness,1755,0,original,Lo estoy pasando muy mal
joy,5646,0,original,"Donará 100 millones de € para la reconstrucción de . Haber si toma nota el y ayuda , tienen mucho dinero y oro."
sadness,537,0,original,"Tristísimas imágenes de . Se queman siglos de la historia de la humanidad. Una catedral que pasó guerras, pero que el fuego hoy la consume. Macron dice que la reconstruirán y que las dos torres están a salvo. Enorme tarea de los bomberos por delante."
others,6659,0,original,Dembélé había apostado al 3-0 y no quería estropearlo
surprise,263,1,translated_en,La cinematografía de este episodio es una locura.
joy,1263,0,original,Exacto!!! Unidos se puede lograr manos en oración manos en oración manos en oración
surprise,4881,0,original,¿En serio hay más de 273.000 personas que no saben meter su voto de manera correcta? 273.000 votos NULOS??? WTF
others,7026,0,original,Usamos 100 millones de barriles de x día No hay política que lo cambie no hay reglas que mantengan el petróleo bajo tierra Entonces no podemos salvar al mundo acatando las reglas tenemos que cambiar las reglas todo tiene que cambiar
disgust,1129,1,translated_en,Recordatorio amistoso de que el Gobierno de los Estados Unidos está LLENO DE S**T.
anger,7709,1,original,Pongo el canal para ver q pasaba en .. pero le estaban dando pantalla al impresentable corrupto delincuente Como operan para q vuelva . Muchachos se les nota mucho.
sadness,1045,0,original,"bandera venezuela Por todos los fallecidos en protestas, por todos los fallecidos por hambre, por todos los fallecidos por falta de medicamentos, por todos los que tuvieron que abandonar su hogar y por todos los que nos hemos levantado aún con lágrimas en los ojos."
others,5365,0,original,: seis adolescentes en lucha contra el statu quo
disgust,2156,0,translated_en,"Aparentemente es , así que aquí hay un post desvergonzado sobre mi libro. No te dejes engañar por el “humor” o mi sonrisa; es muy, MUY serio. No creo en la risa."
others,5094,0,original,¿Cómo fue la noche electoral en ? flecha hacia la derecha De la fiesta del y a los semblantes serios en el pasando por la alegría comedida de ... conoce todas las reacciones en nuestra web:
joy,3900,0,original,Hoy toda persona de bien va con el Barça círculo azul círculo rojo
others,6432,0,original,Hoy Leo Messi puede levantar su primera Liga como capitán.
surprise,3347,0,original,LA PALABRA DEL DT círculo azul círculo rojo y su felicidad por el título de la trofeo ¡Mirá lo que dijo el entrenador! altavoz de mano
others,4032,0,original,Vieron como juegan los dos cuadros en 30 metros? Bien compactitos ambos equipos. Nada de estirarse y separar las líneas
others,5351,0,original,"| ""A los jóvenes europeos que se manifiestan y hacen huelgas, les diría que deberían continuar porque están haciendo un gran trabajo y ""deberían estar orgullosos de sí mismos""."
disgust,6019,1,translated_en,Vea nuestros librosSistemas de control para idiotas completos: Arduino para idiotas completos: DSP para idiotas completos:
anger,402,0,original,Que estén claras las reglas desde un principio y de acuerdo todos. Ni tendrían porque no aceptar el resultado final. Ahí no hay excusas de mano negra o malos entendidos.
others,1556,0,original,están listos para ver morir a tantos personajes favoritos?
disgust,7974,1,original,Al j loco que mataron fueron a mis ojos en este capítulo de no veo absolutamente nada los odio
sadness,5911,0,original,Orando por el pueblo venezolano y una
joy,4288,0,original,El mejor del mundo. No hay mas. El rey del fútbol
anger,7975,1,original,"A todos los Hijos de Puta que están poniendo la imagen del momento Cumbre de y haciendo el spoiler del siglo no he caído pero en nombre de los que se lo han comido o pueden, iros a tomar por culo escorias. Perdón por el vocabulario los demás."
anger,695,0,original,Nuestra triste oposición exigiendo el apoyo al intervencionismo y la guerra en ¿No les bastó la guerra que desataron en México?
surprise,1969,0,original,El Rey de la Noche sabía que asuntos internos le tendía una trampa? cara pensativa
disgust,545,0,translated_en,Teoría de la conspiración: NCT vio a Notre Dame quemándose y decidió que el mundo necesitaba más héroes para detener tales cosas así que se convirtieron en sí mismos
joy,4302,0,original,"A Ter Stegen habría que llamarlo para que sea ministro de seguridad o algo así, increíble la seguridad que transmite! cara llorando de risa"
joy,2777,0,original,¡Nosotros sí que somos fans tuyo! Disfruta del pero sobretodo agradecemos que sea nuestro lado cara sonriendo con ojos de corazón
anger,7720,1,original,La policia de hace esto..... En no en ..... Hijo de remil mierda
disgust,2902,0,translated_en,May van dijk ser tan inútil como los reyes de noche guardia el miércoles
surprise,467,0,original,"Lo que vino a sacarles , es TODA su amargura. A la madere, me tienen sorprendida."
others,7939,1,original,Es una sobrada de lo puta AMA que es.
disgust,267,0,translated_en,Golpe respaldado por Estados Unidos y Europa. Vergüenza!!!
sadness,4241,0,original,"Me estás rompiendo el corazón Messi corazón roto ... Ya se me pasó, te amo, sos un genio!!!"
joy,4746,0,original,Lo mejor de volver a los colegios es que te das cuenta cómo ha cambiado todo cara llorando de risa
joy,3691,0,original,GOLAZO del ! Lionel bandera argentina la clavó al ángulo luego de un tiro libre fantástico. 3 - 0
joy,2915,0,original,"Como Enriqueta de , al leer se viaja, se crece, se aprende, se amplía la perspectiva, se viven grandes aventuras... Feliz"
others,2843,0,original,"En el queremos reivindicar la literatura como un arma poderosa contra el fascismo, q hoy por hoy está aflorando desde lo más profundo de nuestra sociedad."
joy,4743,0,original,"Por todos los dioses, como sea así al final, voy a disfrutar de lo lindo la hostia del PP botella descorchada botella descorchada"
joy,4663,0,original,"Con permiso de Mañana ahorrarse darme los buenos días,porque mi respuesta será: BUENOS DÍAS,TÚ."
disgust,6788,1,translated_en,Sería una gloriosa justicia poética si fuera oficialmente derrocada mañana en la fecha en que las cucarachas comunistas celebran lo que sea que celebren cada 1 de mayo.
others,5799,0,original,"AHORA: Pdte EEUU amenaza a Cuba con ""sanciones al más alto nivel"" si no detienen operaciones militares en"
fear,7607,0,original,Lo que me preocupa y mucho son los 24 escaños de
anger,7666,0,original,"No dan limosna a la capilla de su pueblo pero andan sufriendo por la Catedral de Notre Dame. No sean doble cara, amigos."
joy,2289,0,original,"Hoy, 23 de abril, es el día internacional del libro. ¿Cual es tu libro favorito? ¿Por qué? Te leemos dos corazones"
sadness,7352,0,original,"Ayer mucho lloré. Unos me dirán ""loca, llorar por un edificio antiguo"" y otros, ""normal, llorar por un edificio antiguo""."
surprise,665,0,original,Es para reflexionar porque siempre fracasa la revuelta. O no Es Tal o los medios exageran
others,4036,0,original,Ahora solo falta un golcito de Vidal
anger,7636,1,original,"Ya vieron, por burlarse de D10S se les quemó su iglesia..."
disgust,3553,0,translated_en,Despreciar constantemente como *niño* es tan condescendiente. Ella tiene 16 años y una joven muy inteligente. Ella merece más respeto.
sadness,160,0,original,Siento pena y empatía por . Lamentablemente gasté la pena y ahora no me queda empatía por la destrucción de bosques y otras tragedias mundiales cara con ojos en blanco
others,8194,0,original,Es que es guapo de cojones. Es normal que le voten
disgust,7733,1,original,Ya hay que tener poca vergüenza para defender a un genocida como Maduro pero cuando alguien ha estado forrándose y cobrando del régimen asesino todo se entiende mejor.
others,3855,0,original,Es un 3 a 0 gracias al que erro todas las ocasiones que tuvo...
others,2587,0,original,"Hoy se celebra el , algo que los comunistas narcos no les interesa ..."
anger,7762,1,original,"eres una bolsa,desgracia para el uniforme, que te tienen que escribir lo que vas a decir, tus amos desde el Imperio Cubano. Traidor a la patria, te sale paredón al mejor estilo Cubano"
joy,6634,0,original,Llega la hora de la verdad vamos.!!!
sadness,2153,0,original,"Mira, qué estrés. Esto no puede ser sano."
joy,3034,0,original,"Feliz . Por todos los libros, por toda la inspiración."
joy,4193,0,original,"Gracias Lio Messi por existir en esta época, gracias por todo el fútbol, nunca duden quién es el puto amo de esto."
surprise,3688,0,translated_en,Me sorprendió que tomaran casi 24 horas para que algunas noticias anti-islámicas aparecieran en mi feed con respecto a
joy,2563,0,original,"Oh, sí! Por supuesto! El uso hace la regla. Ya he perdido la cuenta de cuantos libros buenos yo he prestado y nunca me regresaron o viceversa! mono con los ojos tapados Los buenos libros son como los buenos esposos... No se prestan! cara llorando de risa ¡Feliz ! corazón rojo libro abierto libros"
sadness,310,0,original,Desgarradoras imágenes las que nos llegan desde . Hoy los mas 900 años de historia de la catedral de han ardido. Mi máxima apoyo al pueblo Frances por esta perdida irreparable.
sadness,272,0,original,"Es incalculable lo que se pierde con el incendio de : historia y relevancia arquitectónica, simbolismo, trascendencia y patrimonio. Para quienes pudimos conocerla, sólo esperamos que la reconstrucción sea magnífica, pero difícil% recuperará su valor y majestuosidad."
anger,1184,0,original,¡NI EN CUBA LO QUIEREN! Resistencia cubana apoya a
sadness,544,0,original,", Es una gran pérdida la destrucción de Notre Dame y la alcaldesa de Paris propone una conferencia internacional de donantes para su reconstrucción. ¿Donde están esos donantes para erradicar guerras y hambre en el mundo.?"
others,5861,0,original,El precio del dólar paralelo en este momento 2019-04-30 17:00 PM: 6124.24 Bs
others,7033,0,original,nos vemos el 24 de mayo para protestar por la inacción para frenar el calentamiento global
sadness,4293,0,original,"Empieza el 2do tiempo, el árbitro no trajo las tarjetas. cuidado con Liverpool y la velocidad que tienen! cara gritando de miedo cara estupefacta"
surprise,4731,0,original,No esperaba para nada ver esta noche el resultado de las cuando hoy he ido más ilusionada que nunca a votar para ver como el pais no es para nada lo que esperaba. Solo me queda decir bandera españa
others,552,0,original,"Una vez mas es imperativo recordar que EN EMERGENCIAS, LAS NOTICIAS DE HACE 30 MINUTOS SON HISTORIA, Y SOLO FUENTES OFICIALES."
sadness,7370,0,original,"Si es triste perder un monumento Histórico, pero creo que es más triste perder hectáreas de bosques que nos ayudan a vivir."
disgust,7739,0,original,"Mientras algunos exponen sus vidas en las calles, otros se asilan en embajadas. Qué desastre. Un fracaso Guaidó"
others,3719,0,original,Ajax no a perdido ningún duelo de visita en fase eliminatoria de
anger,7805,1,original,"Pronto va a caer el hijo de mil putas, de Maduro."
sadness,128,0,original,"Qué triste ver al lugar que más me impresionó de París ser consumido por el fuego, nunca he creído en la religión pero estar ahí dentro era una sensación indescriptible"
joy,2814,0,original,"Amados y apreciados libros son un tesoro inigualable. corazón rojo cara sonriendo con ojos de corazón .«Para viajar lejos, no hay mejor nave que un libro» Emily Dickinson."
joy,2312,0,original,Entre mis amigos de leyendo mis últimos poemas. ¡Feliz día del libro! …
sadness,6,0,original,"¡Lamentable! cara triste pero aliviada Las llamas no solamente devoraron la madera de , sino también más de ocho siglos de historia francesa y europea dorso de mano con índice a la derecha"
disgust,2229,0,translated_en,Comportamiento repugnante. Esto ha dejado el fútbol y la necesidad de investigar este
others,4239,0,original,"jugó bien incluso mejor que pero ya aseguró su pase a la final, a ver la final por Tv"
surprise,3833,0,translated_en,"Esto es impresionante, la gente está harta de incompetencia en Venezuela."
others,6699,0,original,Todo el Madridista hoy usa el segundo uniforme (Rojo)
disgust,3549,0,translated_en,"¿Ayudarán los anti Trumpistas AHORA? No, realmente no les importa la gente."
sadness,317,0,original,"Hace un año estabamos allí (4 de abril de 2018), que tristeza..."
others,3797,0,original,"Y cuando juega mejor, gol del cosas del fútbol"
joy,2346,0,original,Pero qué buen día ha llegado! cara feliz con ojos sonrientes
surprise,7941,1,original,"Estoy temblando, que puta bestialidad de capítulo, pensaba que no quedaría nadie en pie, les ha sudado toda la polla jajajaja"
disgust,5213,0,translated_en,¿Qué tal si los millones de personas que se mueren de hambre bajo la actual dictadura no les importan?
joy,2651,0,original,Qué honor bandera del arcoíris Chaltu lamgen. Feliz
joy,2725,0,original,"Feliz a todos, y recuerden..."
sadness,7489,0,original,Triste genocidio.. e incomprensiblemente bancado por algunas lacras militantes/políticas..
joy,4538,0,original,¡Que Pablo Casado no quiere dar declaraciones tras el pésimo resultado en las elecciones del PP!
disgust,6407,0,translated_en,No vi porque los dragones montados por niñas incestuosas no duraban dos minutos en una pelea con .
joy,3778,0,original,q bien juega el Liverpool manos aplaudiendo manos aplaudiendo manos aplaudiendo manos aplaudiendo
joy,2502,0,original,¡ Feliz día del libro! Uno día muy emocionante con la visita de los abuelos por la mañana y el cuentacuentos de los alumnos de Segundo de primaria. Mil gracias a todos
anger,5327,0,original,"El jueves, en la por . Dejan el como un vertedero nuclear. El viernes, a manifestarse contra el con . Y los medios, condescendientes, contemporizadores y jocosos con el alcoholismo joven"
sadness,7405,0,original,"Hoy se ha perdido en horas, lo que la humanidad conservó durante siglos... No solo sufre... : me siento triste"
disgust,2286,1,translated_en,Notre Dame es una gran pieza de la historia pero 300 millones criados en un día? Personas necesitadas en todo el mundo y nadie batea una tapa de los ojos? Los mundos follan hombre en serio.
joy,2445,0,original,"Descubrir un libro es descubrir un tesoro, un mundo diferente cada día, con cada historia, jugar a ser otra persona, es sentir cosas que no podemos explicar, para viajar lejos no hay mejor nave que un libro. Así que no lo olvides, al mal tiempo, un buen libro! libros corazón rojo"
joy,3989,0,original,Mejor el Liverpool pero en el fútbol no se gana por mérito sino por goles. Barcelona apunta a campeón.
surprise,4293,0,translated_en,"Wow, increíble! En total, el edificio es estructuralmente sonido, la mayoría de los artefactos se guardaron y se puede reconstruir. Puntos de bonificación para las abejas inteligentes que escaparon de la muerte. El mejor escenario posible para este trágico evento."
anger,7728,1,original,"Los discursos en nombre del pueblo! MISERABLES... Siempre diciendo el pueblo esto, el pueblo aquello... Cuando se refieren al Pueblo, son ellos y sus riquezas y su poder y sus narconegocios... y todas esas cosas"
others,6382,0,original,Los memes saludaron al campeón Barcelona y se acordaron de un equipo blanco. cara revolviéndose de la risa
disgust,125,1,translated_en,¿Qué es esa cosa fea en la oscuridad del episodio? Oh espera falsa alarma es sólo mi fea reflejo culo
others,5889,0,original,Dios bendiga hoy y siempre a Venezuela y a toda su gente luchadora
disgust,7128,0,original,Y aun asi hay gente que dice “no pasa nada en Venezuela” “no me consta” ojala nunca tengamos que pasar por una situación así
joy,1777,0,original,"Una de las mejores cosas de (y tiene infinitas) es la banda sonora de quien, una vez más, se ha vuelto a superar con una pieza que eleva la tensión al máximo durante los últimos minutos de . ¡BRAVO!"
joy,3749,0,original,El frenesí sonríe al Barça
disgust,5648,0,translated_en,"¿Estás bromeando? Si tu periódico refleja los valores de la gente, estamos en problemas terribles. ¿Qué tal o para la persona más importante del mundo?"
disgust,7041,0,translated_en,Me encanta cuando tienes genuinas amistades femeninas como y pero luego los periodistas tratan de arruinarlo haciendo preguntas tóxicas como “por qué están celosos el uno del otro”. Stop manos aplaudiendo tono de piel claro intentando manos aplaudiendo tono de piel claro a manos aplaudiendo tono de piel claro crea manos aplaudiendo tono de piel claro drama manos aplaudiendo tono de piel claro y manos aplaudiendo tono de piel claro concurso
others,7125,0,original,"Dice mi tia (la sandi) que en no esta pasando nada, que todos son ""fake news"", que maburro esta mas apoyado que nunca por wl pueblo. O sea, ella ve CNN y dice que es falso. mujer con la mano en la frente tono de piel medio"
disgust,160,0,translated_en,¿Por qué tiene una erección para la guerra?
joy,2435,0,original,Crear conciencia y tomar acción! Gracias por la enseñanza para hacer la diferencia. Nos vemos pronto! libros
surprise,1447,0,original,"ESTOY ESTUPEFACTA, JODER ""GOT"" LA MEJOR SERIE DE TODOS LOS TIEMPOS!!!!"
joy,3137,0,original,A disfrutar el fin de semana! cámara de fotos vía
joy,2868,0,original,Mis padres me inculcaron el amor por la lectura.¿Cuál fue el primer libro que leíste? libro abierto
sadness,7358,0,original,"La y el amanecen tristes, incrédulos, devastados. Nuestra consternación llora hoy al ritmo del 'Vals Triste' de Sibelius."
joy,3697,0,original,Soy contemporáneo al mejor jugador de la historia del futbol mundial. Hace que lo imposible se haga costumbre. ¡Sos de otro planeta Lionel! trofeo cabra
joy,4851,0,original,"Los de derechas tienen que estar muy contentos, querían una españa unida y nos hemos unido pero bien ¿Ahora mejor?"
joy,4558,0,original,Esto SI es historia de España. GRACIAS! dedos cruzados tono de piel claro corazón rojo
sadness,341,0,original,"La fachada de la catedral de Notre Dame fue “salvada” y se podrá restaurar, pero el techo y algunas obras como vitrales sufrieron grandes afectaciones mezquita Checa toda la info dedo índice hacia arriba tono de piel claro"
others,6451,0,original,| Alineación del Levante ante el Barcelona:
joy,4413,0,original,"Hemos demostrado que frente a aquellos que quieren destruir la democracia somos más quienes queremos defenderla. Hay camino, hay esperanza, hoy ganamos, en mayo seguiremos avanzando"
joy,3270,0,original,Está claro que sin Messi no hubiera sido lo mismo pero aun así 8 de 11 es impresionante. Enhorabuena a todos los culés!!! trofeo círculo rojo círculo azul círculo rojo círculo azul
anger,394,0,original,¿Cómo es que hay gente que se burla de lo que está pasando en ? A ustedes les hace falta demasiada cultura.
sadness,89,0,original,Las pérdidas en el ámbito cultural también duelen...
anger,1975,0,original,"A ver a los Señores de hagan el favor de ponernos el episodio de de una puñetera vez, que no me puedo ir a la cama con este regustillo amargo. Ahora que según va la noche la batalla la ganan los Vigilantes blancos fijo cara pensativa cara con sudor frío ."
disgust,625,0,translated_en,"MESS es lo que aprobó. Se negó incluso a denunciar el DESPOT CORRUPT de . ’ idea de América es exactamente como la condición actual en : ciudadanos hambrientos, políticos corruptos."
others,3332,0,original,| El Barcelona se proclama campeón por 26ª vez tras ganar sufriendo al Levante (1-0)
others,4087,0,original,"Ocho minutos y demostrando, una vez más, ser uno de los mejores jugadores del mundo. Veremos cuanto tarda el en echarle el ojo...."
others,2160,0,original,": Si alguien me pidiera que definiera a en una sola palabra, la única que se me ocurre es: . Sí, es el caos y por eso creo firmemente que hay que volver a ordenar la"
others,6428,0,original,Con gol de el termina 1-0 y el es de
others,5581,0,original,"tienes a y a , ellas te reconstruiran."
others,6365,0,original,balón de fútbol El Atlético sigue empeñado en hacer sudar al Barcelona para ser campeón de
others,6931,0,original,No podemos esperarJóvenes de todo el mundo no vamos hoy a clase para exigir a los adultos para parar el
disgust,580,1,translated_en,"Definitivamente, los ex presidentes hicieron mucho mejor respaldo a los golpes de estado sudamericanos que la administración Trump está haciendo hoy en . Trump ni siquiera es bueno para ser malo."
others,7171,0,original,"Si quieren leer más o de otra manera, los audiolibros son una muy buena opción. Recomiendo ampliamente ."
sadness,102,0,original,La catedral de en llamas Noche triste la de hoy... No hace falta ser ni católico ni francés para sentir este desastre... 800 años de historia... cara llorando corazón negro
surprise,732,0,translated_en,¿Qué tan bueno es Messi?
joy,2812,0,original,Un pueblo que regala amor y cultura es un gran pueblo. Toda la solidaridad y cariño con el Pueblo Catalán . Feliç
others,2232,0,original,Los libros son la herramienta más poderosa para abrir los horizontes y caminar por el mundo. Son la forma más sencilla de aprendizaje continuo y de enriquecimiento cultural. Solo la lectura tiene la capacidad de hacernos volar sin movernos de nuestro lugar.
joy,3061,0,original,Hoy es el y os traemos nuevos títulos infantiles y juveniles a nuestra para seguir disfrutando. ¡Feliz día del Libro!
surprise,8081,1,original,"Juega mejor Liverpool, pero ya valió mierda"
others,1145,0,original,"luces de policía ÚLTIMA HORA: El secretario de Estado dijo, en entrevista con , que Nicolás Maduro ""tenía un avión en la pista de despegue, estaba listo para irse esta mañana"" de y ""los rusos dijeron que debía quedarse"". Detalles aquí dorso de mano con índice a la derecha"
anger,4422,0,original,"Espero no oír a nadie quejarse cuando deroguen la prisión permanente revisable, les suban impuestos, se destruyan millones de empleos, cuando el Gobierno se pliegue a los deseos de Torra, cuando okupen sus casas... Toca apechugar con lo que tenemos"
others,6606,0,original,radio Termina el primer tiempo: 1-0 Semifinal ida En vivo:
surprise,4585,0,original,"Se nos ha pasado el susto y empezamos con las risas, pero lo que viene no es ninguna broma. La cuadratura del círculo o el cinturón sanitario de Schrödinger."
others,2374,0,original,Sea el o sería bueno recordar los buenos hábitos con ambos...
joy,3416,0,original,"El esfuerzo, la constancia y el buen fútbol triunfan nuevamente. ¡SON GRANDES BARCELONA! círculo azul círculo rojo fuego trofeo"
others,4260,0,original,"Esta goleada no significa que jugó mal. Es más, ahora un palo de Salah que merecía entrar."
others,5369,0,original,"Con solo 16 años, se ha convertido en una voz prominente en la lucha contra el cambio climático tras intervenir en la cumbre del clima de la ONU y en el foro de Davos y cantarles las cuarenta a los líderes mundiales."
disgust,1877,0,translated_en,Ese debe ser el peor oye... un ex jugador de tu equipo causando el malestar...
others,6652,0,original,a dar todo si se puede... Contra un grande.
disgust,7668,1,original,"La comunidad internacional se pronuncia y se conmueve por el incendio de , pero de los ataques a los niños Palestinos nunca dice nada. Hipócritas."
surprise,5899,0,original,El llamado es a toda Llegó la hora ¡CALLE SIN RETORNO! fuego puño cerrado tono de piel claro
surprise,1222,0,translated_en,"Vaya, Sean Penn está tranquilo hoy."
disgust,72,1,translated_en,"W/crisis en rápido empeoramiento, dice que es 1 de 3 áreas potenciales donde el Consejo de Seguridad podría recuperar algo de credibilidad si EE.UU. y Rusia vuelven a la mesa de manera más constructiva."
joy,4490,0,original,Emocionante el aplauso en Ferraz a corazón brillante
others,5591,0,original,La Fiscalía de París apunta a un incendio accidental en
joy,1808,0,original,"Hoy es lunes, pero no es un lunes malo. Buenos resultados de elecciones y capítulo de . ¿Qué más se puede pedir? manos levantadas celebrando tono de piel claro medio cara sonriente"
disgust,1249,0,translated_en,"Los empleados de , una organización financiada por el vestíbulo del petróleo, tiene una OBSESIÓN CREPY CON UNA NIÑA DEL TEENAJE. Si alguien puede explicar por qué más escribirían una diatriba tan implacable, soy todo oídos."
others,933,0,original,Al menos 69 heridos por enfrentamientos en
surprise,1468,0,translated_en,El Secretario de Estado acaba de decirle a Wolf Blitzer que tenía un avión en la pista listo para pulir hoy temprano... pero lo convencieron de salir de allí.
disgust,4827,0,translated_en,Barca no controla el medio campo
sadness,588,0,original,Incendio en Notre Dame … tragedia histórica y simbólica ..
sadness,130,0,original,"Como arquitecta, es una visita obligada. Y aunque hoy no dispongo de recursos para viajar, lamento que esté inmersa en tal situación, porque me recuerda -otra vez- que aún con los años de historia desde su creación, la obra del hombre es siempre la más fugaz. cara desanimada"
others,7127,0,original,Y vuelve a dejar en la calle a la basura de el aun cree q esto es un juego y q Guaido es un gafo. Por segunda vez lo deja loco.
others,6441,0,original,Grande Campeón de la liga 2018/2019
others,4805,0,original,"Bueno gente, ya hemos vencido a la derecha, ahora tocan los caminantes blancos."
anger,4828,0,original,Reflexionemos también sobre el asco que da y lo injusta que es nuestra Ley Electoral cara con sudor frío
surprise,5844,0,translated_en,JUEGO DE THRONES ME TIENE BUENO
sadness,129,0,original,"Qué triste lo de . Ah no, es el TEMPLO DE BEL. Monumento histórico en destruido por fuerzas de ocupación. Nadie dijo nada"
others,3968,0,original,"Dos grandes ataques, frente a frente flecha top ¿Con cuál te quedas? cara pensativa corazón rojo El del Barça repetir El de los reds"
anger,7640,1,original,"Por favor! Apaguen eso! Que no colapse! Donde está ese Dios ahora??? Es un castigo contra la hipocresía, lujuria, perversidad, lascivia y avaricia del clero???"
joy,4163,0,original,Señoras y Señores con ustedes manos aplaudiendo tono de piel claro manos aplaudiendo tono de piel claro manos aplaudiendo tono de piel claro el mejor jugador del mundo!!! Que cosa tan hermosa!!! Que golazo!!!
fear,928,0,original,"Lo que más miedo me da de lo de es que aquí en México, tienen hoy el poder total el grupo que justifica la Dictadura por el simple hecho de estar en contra de lo que ellos llaman Neoliberalismo. El ""será lo que sea"" es un escándalo"
joy,2936,0,original,¡Nos alegramos mucho de que te haya gustado! ¡Feliz
others,5643,0,original,"- Oiga Arqui, y a todo esto, Cómo fue que empezó el incendio? - Pues..."
anger,8346,1,original,"Vox con 24 escaños. Vaya puto asco de país. Si nos pasan cosas malas, desde luego nos las merecemos."
sadness,150,0,original,Si es muy triste lo que pasa en una pérdida lamentable para el mundo.
anger,7801,1,original,Leopoldo no puede ser tan cobarde de no estar al frente de su gente. Vergonzoso y bochornoso que esté en la embajada chilena. Qué mierda de honor es ese? Qué líder tan bochornoso es ese?
anger,8388,1,original,"O se pasa de cínico hdp o es un pelotudo a pedal para hablar así delante de un venezolano. Les chupa un huevo los hechos, abrazan un relato cual dogma y repiten como loros. Ver en mi país estos personajes, resentidos, ignorante, que atrasan 100 años me angustia."
joy,5603,0,original,Hay que decirle que también es católica... que tal vez no lo tiene claro! mujer con la mano en la frente tono de piel claro
others,1644,0,original,"Resumen del capítulo de Juegos de Tronos por favor, subidle el brillo"
sadness,139,0,original,"Qué triste, aunque la reconstruyan no volverá a ser igual."
disgust,516,0,translated_en,"Bueno, es sólo que Messi no es así."
surprise,7022,0,translated_en,Atropellado por camiones blindados.
anger,7583,0,original,Y usted cree que Leopoldo López y todo Venezolano que luche por recuperar la democracia en puede andar libremente en el País? Entonces usted o es comunista o no tiene idea que es vivir en un régimen cobarde y asesino.
others,5908,0,original,Siempre del lado evomorales de la vida
others,455,0,original,"La luz inquieta de las llamas les hizo parecer moverse. Había serpientes, que parecían estar riendo, gárgolas aullando, salamandras tocando el fuego, dragones que estornudaban en medio del humo'. Nuestra Señora de París, Víctor Hugo"
joy,2697,0,original,"Si hay algo que muero por hacer con la beba es leerle cuentos antes de dormir. Soy una ñoñis, seguramente sí pero le haré un bien."
others,744,0,original,"dice que tiene ""nervios de acero"" ... bueno, ¡los necesitará! Su fin político está ahora muy cerca. Debería aceptar el acuerdo de y dejar pacíficamente."
fear,1056,0,original,. VENEZUELA Live Jornada de tensión y enfrentamientos en …
others,6693,0,original,a los quince minutos me he dado cuenta de que esta jugando Coutinho.
joy,4880,0,original,"Me encantará cuando Sánchez se monte en el falcón hacia el extranjero, e Iglesias sea el presidente en ese momento."
surprise,7966,0,original,Lo mas brutal que he podido ver en la tele en mi vida 8x03 viva!!! cara con mano sobre la boca cara con mano sobre la boca cara con mano sobre la boca
others,4367,0,original,"Este - , por cómo se ha cerrado, se pelea cada balón, el choque entre jugadores y el nervio-tensión que con los minutos va creciendo, me recuerda esos tiros durísimos (DURÍSIMOS EN SERIO) entre Barcelona y de hace unos años en balón de fútbol trofeo"
others,3175,0,original,Barcelona es campeón de . Venció 1-0 a Levante y se corona por vez número 26.
joy,54,0,original,Esta imagen me resultó fantástica
anger,7594,0,original,"Mucho cinismo Pdte , la violencia brutal contra inocentes la ejerce su aliado Maduro!!"
joy,1347,0,original,"| Leopoldo lópez nunca estuvo liderando la manifestación hacia , ¡Una vez más! ¡Lo hizo! ¡El llamado irresponsable de estos golpistas! A esta hora, sabemos que desde tempranas horas, huyó a la embajada de en"
others,6266,0,original,No se pierdan nuestro taller de animación a la lectura por el
anger,706,0,original,"Hay sangre cubana derramada en , luchando por la independencia del hermano país. no te abandonará en esta nueva contienda."
disgust,1876,0,translated_en,Gracias al petróleo y la mala economía crecimiento del PIB casi un mal como con el capitalista en los años 80.
anger,8116,0,original,Me estáis dando una envidia los de País Vasco... ojalá aquí en Andalucía no hubieran habido votos para el trifachito
others,7823,0,original,PT de condena intento de golpe en
others,594,0,original,Todos lloran por pero nadie se preocupó por Cuasimodo
surprise,6044,0,translated_en,"¿Alguien ha dicho a los niños, Co2 es bueno para el Y ayuda a las plantas a crecer! Que el calentamiento global causa un efecto invernadero, que también son buenos. Parece que están tratando de ordeñar esta vaca por todo lo que vale la pena!"
others,5362,0,original,". Tenemos lista la tapa de mañana. Inspirados por la joven sueca nominada al Premio Nobel de la Paz, un grupo de jóvenes peruanos reclama que el esté en la agenda nacional. ."
others,6136,0,original,¿Eres de los que va de moderno culturilla y presume de haberse leído los mayores clásicos de la literatura?
surprise,1480,0,original,"Sigo en Shock ahora mismo, no he procesado todavía este capítulo y me ponéis el avance del siguiente, dejadme respirar!"
disgust,698,0,translated_en,"""La agenda es vender la necesidad de una cuarta revolución industrial...""Importante nuevo artículo sobre , y sus grandes empresas de apoyo por Brian Davey de The Foundation of the Economics of Sustainability."
fear,8161,1,original,Lo peor y más peligroso de estos resultados es que hay una gran mayoría de españoles que está premiando a quien no tiene el menor reparo en pactar con golpistas y filoetarras
anger,655,1,original,"""Aquí seguimos, en esta mierda, pero con ganas de limpiarnos el culo"". Anónimus Maracuchus."
joy,4177,0,original,"Messi, eres el amo y señor del fútbol mundial. Ya no hay más adjetivos para ese jugador"
joy,4736,0,original,"Estoy feliz y orgullosa, en serio"
others,1495,0,original,5 cosas que entendimos después de ver el episodio más reciente de . • El mejor de toda la serie. Épico.
joy,3865,0,original,Leo Messi el rey de los tiros libres corona balón de fútbol 3-0
joy,2719,0,original,"Siempre es un buen día para celebrar el amor por los libros. Feliz libro abierto 'Día Mundial del Libro' libro abierto para usted que comprende lo que es vivir otras vidas y recorrer otros mundos, para usted que goza esa relación mágica entre los libros y el saber."
joy,2356,0,original,"En este de casualidad alguien tendrá que me preste el libro de la , dicen que está bueno."
sadness,249,0,original,"Es triste saber que sobrevivió cosas peores, incluyendo a la revolución francesa y dos guerras mundiales pero no pudo sobrevivir a nuestra época. A esta época horrible que lo único que hace es destruir las cosas más hermosas que nos dejaron las generaciones pasadas."
others,3822,0,original,"Klopp y el se sienten cómodos en estas situaciones. No lo veo definido. Muy cargado, desde luego pero si hay un equipo en el mundo que lo puede hacer, son los que nunca caminarán solos."
joy,2953,0,original,"Feliz a todos. A pesar de la mañana lluviosa que hemos tenido en había gente visitando los puestos de la Plaza Mayor. Por la tarde, con mejor tiempo, ha habido más animación. Felicidades a por otro sacando los libros a la calle."
disgust,4426,0,translated_en,"Ahora que ha pasado un día Imma despotrica sobre eso y cómo lo arruinaron: la batalla más grande emotiva de la historia, construida a partir de la temporada 1 y literalmente casi nadie muere, cada personaje tiene armadura de trama, potencial desperdiciado en todas partes, tan decepcionante"
others,5848,0,original,Pompeo : Maduro se preparaba para salir de y Rusia lo detuvo v
anger,8010,1,original,El nivel arbitral español es MUY MALO! Penalti clarísimo por mano de Arias que no señala vete a saber tú por qué... El Valladolid jugándose la vida en el Wanda para que venga el árbitro para joderles 1 puntos posible a su favor
joy,2906,0,original,Feliz Feliz a mi!!! Gracias eres el mejor cara lanzando un beso
anger,7588,0,original,"Pero sera mentiroso es pompeo .@SecPompeo porque tanto odio de ese señor, hacia y"
joy,2415,0,original,"¡Feliz libros ! ”El libro es fuerza, es valor, es poder, es alimento; antorcha del pensamiento y manantial del amor”. Rubén Darío…"
joy,5028,0,original,"Un lujazo trabajar con gente como tú, Pecino. Ha merecido la pena el esfuerzo y las ganas. Así da gusto. ... micrófono de estudio"
anger,7654,0,original,"Qué dolor de gónadas tan bravo! Me duele como ser humano pero sobre todo como historiador. Que se salven su estructura, sus reliquias pero qué jamás se pierdan sus recuerdos y su historia."
joy,3850,0,original,Golazooo de demostrando porque es el mejor balón de fútbol Apague y vamonos.
joy,3113,0,original,Celebrando conmemorando los 30 años de nuestras bibliotecas. Gracias por darnos tanto a los lectores cara guiñando el ojo
anger,539,0,original,"Mucho lamento y fotito en , poco lamento por la escuela que explotó en TU provincia, o en TU país. Así estamos..."
joy,3354,0,original,"Resultado 25/4 balón de baloncesto : Triunfo de Comunicaciones, en casa, sobre Olímpico. botón de marca de verificación 86-70 marca de cruz"
others,1118,0,original,Una militar arrolla a manifestantes contra ⁦@jguaido⁩
joy,6476,0,original,¡Arranca! En el Wanda Metropolitano balón de fútbol vs
anger,1553,0,original,"Y recomendación: en época de emisión de una serie, dejad de seguir al elenco y demás involucrados en redes sociales, porque os vais a comer los spoilers"
others,6301,0,original,Enganchado desde la primera letra
joy,4623,0,original,"La llamada de mi padre desde sevilla, emocionado y dándome la enhorabuena, el que luchó por sus derechos (y los míos) es el regalo de esta noche. Por él, por ellas, por tantas personas: no estoy llorando ni na cara llorando"
others,5176,0,original,"¡Ha llegado el momento de actuar! Los esperamos cada viernes a las 16:00 PM, en el parque central. Entre más personas decidan unirse; El impacto será aún mejor. ¡Por nuestro hogar, Por nuestro futuro! bandera méxico"
surprise,8234,0,original,"Una niña de 16 años inspira movimiento global para cuidar la tierra y urgir a los Estados (adultos) a responder a la crisis como ""si la casa se estuviera incendiando, y lo està"", ha dicho. Hitos tremendos, huelga feminista y hoy 15,"
anger,3705,0,original,"Las injusticias del fútbol, el sin hacer nada, pero nada, lo gana 2x0. Asi es esto."
anger,3906,0,original,2 equivocaciones graves en 17 minutos? Que clase de arbitraje es este?
disgust,1449,0,translated_en,"Querido, Dado el abuso que se ha enfrentado por defender lo que ella cree, habría pensado que la respuesta al segundo artículo es bastante obvio."
fear,1022,0,original,"Es impresionante ver cómo entre Venezolanos se quitan la vida, Dios mío ampáralos."
others,7064,0,original,reúne a miles de jóvenes en para denunciar la “crisis existencial” del
joy,3454,0,original,El único Rey corona !! Orgullo Argentino bandera argentina . Felicitaciones por el título de
surprise,6496,0,original,fuego No podía ser otro fuego trofeo Messi deja a Barcelona a minutos de consagrarse campeón de
disgust,26,0,translated_en,La caza de brujas en Rusia era una broma.Hay una mejor posibilidad de que OJ sea inocente que el presidente Trump es culpable de colusión.
others,5279,0,original,"Carta abierta en el de los impulsores del movimiento , con la activista medioambiental, a la cabeza: ""No queremos vuestra esperanza, queremos que os unáis a nosotros“ vía"
surprise,5959,0,original,"Este capítulo de y han podido conmigo, creo que tengo que ir al hospital"
disgust,6518,0,original,"Campeones de , los AGONIAS y los ni se os ocurra celebrar nada, un pis y a la cama!!!"
fear,6212,0,translated_en,"Cuando un partido fascista gana 24 escaños (+24 de 0), es parcialmente responsable del cojeo del partido neoliberal conservador tradicional, y el día de las elecciones ves a los vecinos que solías saludar con etiquetas VOX, es mucho más aterrador que una especie de hilarante."
joy,707,0,original,Tantos años pidiendo el mismo deseo de cumpleaños y no se porqué pero creo que este año el regalito al fin llegará y adelantado.
joy,4223,0,original,Muchas gracias señor Dios. Muchas gracias señor Diez.
sadness,2041,0,original,“Hay momentos en los que estás tan destrozado como ser humano que solo quieres llorar”
anger,8396,1,original,Real fracaso el supuesto golpe d estado a Como arrancaban esos maricones cobardes a las distintas embajadas xD unos putos!! No se si desear el golpe para que se devuelvan cagando todos estos venezolanos q estan en mi pais o seguir apoyando el regimen de
others,1697,0,original,Cómo se queda Edwina a las 4 de la mañana tras ver el tremendo capitulazo de ?
disgust,7623,0,original,"A ESTE PARECE QUE LE COMIÓ LA LENGUA EL GATO, COMO CON VENEZUELA O CUANDO LAS IZQUIERDAS ARGENTINAS SE CAGARON EN LA CATEDRAL METROPOLITANA. ES UN CASO PERDIDO."
joy,5249,0,original,El activismo sueco no es cosa de ahora con Los dulces que escolares de un colegio rural cercano a Estocolmo hornearon y vendieron en 1988 sirvieron para crear la reserva privada más grande y más protegida del país centroamericano
joy,2935,0,original,"rosa En el Día Internacional del Libro, les muestro el rincón de mis libros mineros indispensables que me han acompañado en mi profesión académica y técnica consultora. rosa Feliz Día del Libro."
fear,149,0,translated_en,Recuerden que los ciudadanos no tienen defensa propia armada contra su propio gobierno.
disgust,4789,0,translated_en,"Querer poner fin a la destrucción del planeta por parte de la humanidad es aparentemente una noción ingenua de liberales privilegiados de izquierda que no entienden la importancia del dinero y el deseo racional de obtener tanto como puedas, cueste lo que cueste."
anger,3230,0,original,Lo del Atleti es muy lamentable y lo de Griezzman ya ni os cuento.
others,3473,0,original,Sigue preocupando Suárez y justo en el tramo decisivo
sadness,7996,1,original,Hoy ha sido un día de contener constantemente las ganas de mandar a la mierda a muchas personas en muy diversas situaciones. Y para colmo nadie me ha regalado ningún por el .
disgust,4522,0,translated_en,¿Es esta la firma más inútil de la temporada? hombre encogido de hombres tono de piel oscuro medio ojos ¿Ganará el Arsenal el Europa Leage ? cara pensativa ojos • •
others,2031,0,original,"Buenos días. Difícil mañana para estar por aquí, queriendo enterarme de cosas de las pero sin querer spoilers de !!"
others,551,0,original,"¿Sabías qué el techo de estaba lleno de abejas? En 2013 se formó una colmena en el techo. Desde entonces, se asoció con la preservación de la biodiversidad, la belleza de la Creación y la responsabilidad del hombre sobre la naturaleza. abeja"
anger,8314,1,original,Última vez que veo comiendo porque estoy A PUNTO DE VOMITAR DE LA PUTA ANGUSTIA Odio esta puta serie con el alma
disgust,921,1,translated_en,Suárez siempre ha sido una puta.
sadness,4695,0,original,Leo y releo el programa electoral del y no doy crédito a los resultados que ha obtenido... Riámonos de la crisis económica de ZP... copo de nieve
joy,5880,0,original,Esto representa a en este momento
sadness,4886,0,original,Noticias tristes; El fascismo ha resurgido en España y ha entrado en el congreso. Seguiremos luchando corazón morado
surprise,7121,0,translated_en,¡Asombroso 1a Mitad! ¡Suárez no le importa una mierda a su antiguo club!
others,3923,0,original,Como puede un equipo jugar tan bien y comerse un 3-0 ésto es la
joy,2092,0,original,"Mrd alucinante capítulo de hoy, de principio a fin!! Espectacular y triste!!! !! 9-10 puntos!!"
others,3436,0,original,trofeo | círculo azul círculo rojo camiseta Consigue con SPORT la camiseta de los campeones de Liga advertencia La promoción solo será válida en Catalunya reproducir
joy,4423,0,original,"No hay nada más que añadir. España se ha movilizado y ha dicho NO al trifarchito. Porque somos un país progresista, libre y democrático."
others,2508,0,original,La de ha celebrado el de la mejor de las maneras: amenizando la tarde con un cuentacuentos a cargo de Miriam Palacios con su espectáculo “Entre Moscas y Mosquitos”. para descubrir y sentir.
sadness,7279,0,original,"24 horas desconectado y qué mal volverse a conectar. Que noticias mas tristes. eterna, una pena enorme."
anger,8374,1,original,"Yo recomiendo bloquear a cada imbécil comunista desestabilizador para q no puedan hablar y nadie les presté atención: A BLOQUEAR LOS PAGADOS X G2 Y CHAVISTAS DE MIERDA, NO LOS DEJEMOS HABLAR!!"
others,4861,0,original,Está hablando Abascal del Frente Popular. No me entero... ¿Frente Popular de Judea?
joy,6201,0,original,En la oficina siempre me acompañan algunos de mis libros. Son una “montaña” de recuerdos y vivencias.
joy,3287,0,original,8 de los últimos 11 años Enorme satisfacción! !!!!! Vamos!!!!!
others,6161,0,original,Yo se a quien le fascina el dia de hoy a la gran escritora Betina. mano haciendo el gesto de llamar pulgar hacia arriba
joy,1858,0,original,Por favor para guionistas y productores.... las batallas mejor de día... GRACIAS!!!
sadness,7313,0,original,"Estoy conmocionado. Qué pérdida tan terrible, Dios mío!!! Qué tristeza!"
sadness,591,0,original,expresa su conmoción y tristeza por incendio en de .
sadness,2561,0,original,Y que triste que cada vez se lee menos. Leamas ( ) ni siquiera tendría que esforzarse.
sadness,7364,0,original,"Apenas hace 3 meses rezaba en la Capilla de la Virgen de Guadalupe en de . Hay pérdidas irreparables y esta es una de las más grandes que he visto. Encomendémonos a Ella para que nos cuide, guíe y proteja a pesar de las tristezas y penas. Instagram cámara con flash aregil"
anger,677,0,original,Es más que evidente que operó a nivel internacional para que hoy hicieran el golpe en . Para tapar nuestro enorme con los medios adictos.
joy,675,0,original,y son dos pueblos hermanos que nadie hará romper su amistad y el que piense hacerlo está muy equivocado bandera cuba corazón rojo bandera venezuela
joy,1612,0,original,"Yo ya he hecho los deberes, visto, vía libre para ver el intermedio, se te acumula el trabajo, jeje"
surprise,2680,0,original,Primer premiado de hoy!!! hay sorpresas todo el día!!
anger,914,0,original,"bandera venezuela tiene un DICTADOR y es un mal para la Humanidad! Argentinos, cuando VOTEMOS, NO NOS OLVIDEMOS que LA JEFA DE UNA ASOCIACIÓN ILÍCITA, (junto a todos sus ""secuaces), fue capaz de “CONDECORAR” al “GENOCIDA de MADURO, con la ÓRDEN del LIBERTADOR SAN MARTÍN! bandera argentina bandera argentina"
others,775,0,original,El principal opositor del chavismo pidió asilo en la Embajada de Chile en Caracas
others,1020,0,original,Cidh llamó a proteger la libre manifestación y condenó actos de violencia en
joy,4151,0,original,"balón de fútbol | De la mano de Lionel , quien llegó a 600 goles como profesional, vence 3-0 a en la ida de las semifinales.||"
joy,2223,0,original,"Espero que disfruten mucho este día leyendo un libro que les haga volar la mente cabeza explotando cara llorando de risa ¡Feliz día del libro! P. S No es que como que siempre quiera usar la misma imagen, pero en este momento no tengo otra. cara llorando de risa chispas"
others,3503,0,original,Por favor silencio se juega la
others,5076,0,original,"Buenos días, por lo visto pronto empezaremos con las protestas de los chalecos amarillos como en Francia, pero aquí deberían ser verdes para no confundirse con los independentistas."
surprise,6086,0,original,El sábado El domingo lo del Y hoy el 8x03 de Un finde que pasará a la historia.
others,2612,0,original,Aprovechando la hora de almuerzo en la ofi
sadness,7420,0,original,"Hoy París es menos París, el mundo entero lamenta los daños que sufrió la Catedral de Notre Dame. Espero que la reconstrucción deje la Catedral tal y como estaba."
others,6264,0,original,Deben saber que muchas veces los depredadores se hacen pasar por niños o adolescentes para atraerlos por internet.
others,7042,0,original,"Conoce a la adolescente, , quien alza su voz contra los cambios"
fear,7608,0,original,Encima he visto esta foto en el instagram de y me ha dado un miedo que flipas el futuro de España
disgust,7056,0,translated_en,La cuestión es si la banda venezuela se convierte en una próxima Cuba o Nicaragua. Parece un nuevo campo de batalla de guerra por poderes entre la banda estados unidos y la banda rusa
surprise,813,0,original,Tremenda foto. Cómo lo que pasa en
joy,6692,0,original,Lo de Messi ha sido increíble!
joy,4172,0,original,"¡¡¡¡¡VAMOOOOOOOOOS!!!!!!!! Injusto, pero así es el fútbol."
disgust,4568,0,translated_en,Estoy leyendo las quejas de DUMBEST sobre el último ep. Algunas personas realmente no pueden disfrutar de nada.
fear,1392,0,original,"No estoy preparada para ver morir a mis súper héroes en ,ni a mis personajes en , pero lo que más miedo me da es saber el resultado de las , que puede ser lo más catastrófico de todo"
others,4712,0,original,Impaciente por ver las historias de sobre las
disgust,2619,0,original,"Publican y lo último que han leído fue las Sombras de Grey, eso es pecado y denota necesidad"
sadness,7519,0,original,Increíblemente triste lo que está pasando en Espero que encuentren la paz que tanto merecen. El pueblo unido hace la fuerza para el renacer de su país. Animo desde México. corazón rojo bandera venezuela
sadness,7249,0,original,"Desde el manifestamos nuestra profunda tristeza por los daños ocasionados por el incendio de la Catedral de , de la humanidad declarada por la Unesco. Construida entre 1163 y 1245, es una de las catedrales góticas más antiguas del mundo."
disgust,1200,1,translated_en,¡¡Qué repugnancia siento por esta persona!!!
others,4346,0,original,"Sin lugar a dudas, Messi es el mejor del mundo."
joy,8053,1,original,Pinche Messi... El mejor del mundo sin duda...
sadness,545,0,original,"Consternado por lo ocurrido en la catedral de . La investigación del incendio será larga y compleja, aunque todo apunta a un incendio accidental, ya que se estaban realizando obras de rehabilitación."
disgust,6061,0,translated_en,"Realmente espero que el incendio en Norte Dame haya sido un accidente, sin embargo, no estoy seguro de que lo fuera. Con todas las iglesias que han sido atacadas en Francia últimamente."
surprise,2759,0,original,Recibir este ejemplar de justo hoy es... como muy genial. Tenía que ser cara sonriendo con ojos de corazón cara sonriendo con ojos de corazón cara sonriendo con ojos de corazón manos levantadas celebrando manos levantadas celebrando
joy,4380,0,original,Habeis dejado sin sueldo a Maroto. Os quiero.
joy,6550,0,original,Qué golazo! Otra más de Messi
sadness,70,0,original,"Cuando se afecta al Patrimonio Mundial, nos duele a todos. ☟"
fear,3388,0,translated_en,Al igual que en - son las mujeres que son feroces y aterradoras.
others,3646,0,original,paciente el . Muy buen equipo!. Hasta aca la vuelta será imperdible.
disgust,3796,0,translated_en,Independientemente del gobierno que sega a sus ciudadanos en las calles como en debe retirarse inmediatamente. Ellos han perdido su autoridad y voluntad de la gente cuando esto sucede. deben salir hoy
anger,8104,1,original,Le dieron tremenda patada a este expoliador y a su satánico colaborador Montoro en el culo de
anger,7750,1,original,Así se burlan de la gente del Este de Caracas. Y le roban el dinero a los contribuyentes gringos. No les da pena. El blanco cachorrito lo que se está es llenando! Y pagando cara sonriendo con gafas de sol
anger,4840,0,original,Porque le habéis puesto a podemos 35 cuando ha tenido 42???? Seguís engañando a la audiencia???@telecincoes
anger,910,1,original,Pinches Golpes de Estado ya no los ejecutan como antes! cara con ojos en blanco
anger,1071,1,original,Hay q ser bien CTM para mandar a morir al pueblo a la calle para después refugiarse en la embajada de Chile... Ratas malditas
others,5447,0,original,"activista sueca de 16 años, se ha convertido en el símbolo d las protestas por el climaCon 8 años le diagnosticaron Síndrome de y en cada una de sus acciones ayuda a visibilizar y normalizar el"
fear,2747,0,translated_en,El DEVIL está siempre en los detalles.. MadnessSacerdote sin reparos camina a su oficina para guardar su disco duro externo con videos de pizza? En medio de un infierno pasando en el
others,887,0,original,"Desde este pequeño foro que tengo mando mucha luz, mucha fuerza y todo mi apoyo a Venezuela."
surprise,2462,0,translated_en,¿Fletcher se quedará sin hechos?
joy,7143,0,original,"bandera españa balón de fútbol ¡Barça grita campeón! Tras superar 1-0 a con gol de Messi, consigue su título número 8 en las últimas 11 ligas."
surprise,408,1,translated_en,"Lady Mormont, una de verdad."
joy,6604,0,original,Café y Fútbol: vs Leg 1
sadness,7367,0,original,"Muy lamentable que las personas hacen comparaciones de la tragedia de con otras tragedias en el mundo, somos conscientes que suceden y también duelen; hoy se perdieron varios siglos de historia Parisina y un patrimonio de la Humanidad y es válido mostrar tristeza."
anger,7545,0,original,me esperaba un combate entre Jon y el Rey de la noche pero este ultimo es muy ruín y mezquino
joy,2991,0,original,"Al leer un libro nos da la entrada a otros mundos, a una nueva aventura, a otros tiempos, nuevas historias las cuales imaginamos, nos hacen llorar, reflexionar, transformar, y hasta enamorarnos de los personajes cara sonriendo con ojos sonrientes Abrir un libro es abrir magia libros símbolo de mareo"
others,1350,0,original,Todo hoy no son malas noticias. Es posible que venezuela sea libre al fin
joy,1429,0,original,"Uno de los mejores días de mi vida, y Se puede ser más feliz? Vivo en un continuo orgasmo todo el día"
others,8032,1,original,"Todos se cagan porque hizo en semifinales lo mismo que hizo un puto cojo en una de el año pasado... Ja, puta gente con cualquier pendejada se asombra..."
others,7972,1,original,"Eh, rey de la noche. Eso es trampa hijo de puta"
fear,6090,0,translated_en,Llegará un momento en el que no habrá noches en las que sólo estamos aturdidos por la calidad de . Estoy temiendo que el día que viene.
joy,1399,0,original,"Lo que más me gusta del capítulo nuevo de juego de tronos es que no deja a nadie indiferente... O te encanta o lo odias, por lo que estoy viendo."
sadness,3602,0,original,muchísimo tiempo que no veía al Barça tan ahogado cara gritando de miedo cara gritando de miedo cara gritando de miedo
others,3931,0,original,"Si difícil de analizar después del 3-0. Pero analizando los primeros 20 minutos del segundo tiempo, estaba en excelente posición el Liverpool y parecía cuestión de tiempo para el empate."
others,2855,0,original,En el un libro sobre las emociones que es una propuesta lúdica y educativa.
joy,232,0,original,Un poco de humor entre tanta pérdida...
others,6510,0,original,"Mareado de tantas vueltas: Desde que debutó, ha sido el campeón de 10 veces en 15 temporadas (67%)"
disgust,2380,0,translated_en,"¿""Assault Rifle""? Una milicia bien regulada, siendo necesaria para la seguridad de un Estado libre."
joy,4274,0,original,Este momento de mi vida le llamo felicidad... No hay trabajo y lo más hermoso hay y mejor aún juega el círculo azul círculo rojo
joy,1418,0,original,NO QUIERO HACER SPOILERS PERO ES QUE PERO ES QUE PERO ES QUE JODER QUÉ MUJER
anger,5919,0,original,Que sea el pueblo de quien se encargue de los golpistas. Así los lacayos de aprenderán la lección de una vez por todas.
others,5168,0,original,Hoy en Madrid reclaman medidas urgentes de lucha contra el siguiendo los pasos de exclamación e interrogación Para qué estudiar por un futuro en el que puede que no estemos? Fotografía
joy,4535,0,original,"Creo que este es el mejor análisis de la noche ... y es de , claro!"
joy,4205,0,original,Gol de falta de mejor jugador de la actualidad y de todos los tiempos .
joy,3782,0,original,MADRE MÍA MESSI! cara gritando de miedo Qué bonito tiro libre
disgust,3420,0,translated_en,Lo que más me molesta es que el rey de la noche siempre tiene un plan. él sabe lo que está haciendo. los vivos están corriendo por ahí con la mitad de la historia y sin plan.
joy,3478,0,original,"Gooooooolaaaazoooo de el MEJOR DEL MUNDO, EL ÚNICO"
disgust,7095,0,translated_en,"Estoy tan cansado de todas esas estúpidas teorías de conspiración sobre el . Todo el problema con el fuego era la altura de la catedral, los edificios a su alrededor y la construcción del techo. Pregunte a cualquier bombero o albañil, carpintero y se explicarán completamente"
anger,798,0,original,"Y la tensión en no la muestran? Enfrentó a la policia ese militante, menos mal está todo reflejado en un video"
joy,1475,0,original,"lo mejor de no tener spoilers de los capítulos es no haber visto ni uno solo de toooda la serie, así ya ni se de que hablan, cara sonriendo con gafas de sol cara sonriendo con gafas de sol ya cuando acabe pues empiezo a verla"
others,2521,0,original,"Muchas gracias por la entrevista de hace un momento, está muy chido saber que también lees pathbooks, y que mejor que en el"
anger,1292,1,original,"Conclusión del día 2019 en : Aquí el problema es SOCIAL, aquí el ciudadano es una MIERDA! y en las calles, salieron a dar la cara, la vida y no hubo pueblo respaldando, es triste y lamentable -y aclaro yo salí- Ya"
disgust,6732,0,translated_en,Lo que pienso cuando veo las promesas de donación para ya bien dentro de los billones.
joy,8056,1,original,La pulga Lionel el amor de mi puta vida. Te amo
sadness,24,0,original,Me da tristeza saber que fue incendiado y todavía no le he ido a conocer cara suplicante
surprise,3049,0,translated_en,Gran gol de Suárez tbf. Sus tácticas de terminar a pesar de cara sonriendo con sudor frío
anger,5578,0,original,Luego pasan catástrofes de verdad y no donamos ni un puto euro.
disgust,5295,1,translated_en,"Dembele Dickhead, ¿cómo pudo perderse eso?"
joy,2579,0,original,"“La fiesta del chivo” del mejor escritor de Latinoamérica, Mario Vargas Llosa"
joy,2862,0,original,¡Feliz Día Mundial del Libro a todos los fotógrafos instagrameros de selfies extremos! ¡Con mis mejores deseos! reproducir
surprise,1378,0,original,"Como puede haber semejante capítulo de JUEGO DE TRONOS? BRUTAL, INCREÍBLE. palo de corazones palo de corazones palo de corazones palo de corazones palo de corazones"
others,5257,0,original,hace esto pero el mensaje confuso lo tiene
others,2493,1,original,"LEER ES ENTENDER. LECTURA, LECTURAY MAS LECTURA. MENOS LOS CHAVISTAS,ELLOS NO LEEN NADASOLO REPITEN COMO LOROS."
anger,8335,1,original,La ultraderecha ha sido el tonto útil para hundir a las derechas. Es que me descojono
disgust,6490,0,translated_en,"para donar a reconstruir & no puedo conseguir más sin ser criticado por & niños en cant incluso tienen gimnasio, música, español o cualquier clase de segundo idioma, triste!!! cara al revés"
joy,1109,0,original,El Bravo pueblo de en las calles este
surprise,3459,0,translated_en,Suárez celebrando como si nunca jugara para Liverpool.
sadness,226,0,original,"De veras tengo pena por lo de notre dame, mas que su valor religioso es su historia su arquitectura y representa una epoca que todo giraba en torno a la iglesia nos guste o no"
disgust,6989,0,translated_en,¿Tal vez deberían tratar de vivir bajo las ruedas de un vehículo de asalto socialista durante 6 segundos?
others,938,0,original,"En , se registran enfrentamientos entre militares leales al presidente venezolano, Nicolás , y opositores al gobierno de ese país. flecha hacia la derecha"
others,4740,0,original,Aquí viene mi pregunta para el verdadero protagonista:¿Estáis satisfechos de vuestro voto?
others,5389,0,original,"Años hablando de la falta de líderes en el mundo. Nadie esperaba que el liderazgo sobre tendría rostro de No podemos avanzar sin contar con ellos, con los . Son el futuro y también el presente"
joy,1456,0,original,única excepcional quede en Shock cuando la Vi aparecer para acabar con el rey de la noche Épico sencillamente épico este 3 episodio de GOT
others,4191,0,original,¿Hay alguien que le pegue al arco en el Liverpool por favor?
disgust,153,0,translated_en,No quiero que ninguno de estos equipos a través de. Barca sólo están jugando y rodando como una bala les ha golpeado. Ajax vs Spurs habría sido una final ideal
sadness,258,0,original,Una imagen dice más q mil palabras cuanta tristeza
joy,4419,0,original,"Orgullosa muy orgullosa, LA TUMBA DE FASCISMO!!!!"
others,6427,0,original,"Con este gol de Lionel , el se proclama campeón de ."
disgust,4791,0,translated_en,"Me gustaría apilar en la sección ""Fuego"" de este maravilloso hilo, añadiendo que tenía que ser más oscuro que oscuro, porque incluso en las escalas de ""Televisión oscura"" era tan oscuro como para ser casi invisible."
disgust,3546,0,translated_en,"Mientras que era espeluznante ver el literalmente snuff en la pantalla, esa carga tiene que ser el movimiento táctico más idiota que hemos visto en ."
disgust,1696,0,translated_en,"¿No es un poco sospechoso cuando el terrorismo se descarta tan rápidamente antes de que se haya completado una investigación? . Especialmente, ya que varias iglesias católicas han sido profanadas a través de Francia en las últimas semanas."
anger,550,0,original,"Leer lo que algunos infraseres ponen sobre el incendio de cabrea bastante. Pero es triste a la vez, no entender porque los franceses la llaman ""nuestra señora"" solo de muestra incultura y desconocimiento. Notredame no es solo un ""icono"" religioso es un ente vivo."
anger,651,1,original,"Trump amenaza con bloqueo total a en el supuesto apoyo militar a . Es una farsa, otra más ante la impotencia. No conoce a nuestros pueblos: Solidaridad y amistad eterna. PATRIA O MUERTE, SEGUIREMOS VENCIENDO. PALO QUE SEA y ordenen."
others,5032,0,original,"A la derecha no le da para gobernar, el R. Madrid pierde contra el Rayo... menos mal que la misa estuvo bonita, bonita..."
joy,2603,0,original,La lectura lo es todo y hoy lo celebramos. ¡Feliz día del libro!
joy,2337,0,original,Feliz ¿Qué sería de nosotros sin ellos? libros corazón rojo
anger,1101,1,original,Y toda vida dice el Pendejo de Maduro que no hay repuestos en su gobierno
surprise,3488,0,original,"Liverpool está paseando al barcelona, hace tiempo no lo veía tan presionado al barca ..!!"
joy,4165,0,original,Qué dicha poder ver a los mejores futbolistas del mundo haciendo lo que más les gusta.
joy,4583,0,original,"Que orgullosa estoy de vosotr@s, compañer@s. Sobran las palabras. / corazón rojo rosa"
anger,8337,1,original,Los que EN FERRAZ estais gritando “sí se puede”.... os podeis ir a la puta mierda. Vuestro futuro presidente va a hacer lo imposible por pactar con C’s. Y el tonto no es él. Los tontos soys VOSOTROS!
disgust,2237,0,translated_en,Esto es cerca de 3 millones de ciudadanos que salen del país desde 2012. Saliendo debido a un gobierno fallido y corrupto. La gente se levanta para una vida mejor porque y falló!!!
others,5526,0,original,dedo índice hacia arriba exige a los políticos de su país que actúen para mitigar el cambio climático dedo índice hacia arriba
sadness,7205,0,original,"Triste lo de , simplemente triste..."
others,4101,0,original,"Gran propuesta del que ya merece premio, pero sino concretan lo van a sufrir"
sadness,7230,0,original,"No lo puedo creer tantos recuerdos tengo de ese viaje, que parece imposible qe haya sucedido. Me estaba comiendo unos vuala gamesa y no pude contener el llanto al saber lo que pasa en París. Que grande tristeza..."
sadness,280,0,original,"Los milagros son las confirmaciones cotidianas de que nuestras plegarias no caen en saco roto. Como creyente, después de las lágrimas de hoy por termino con una sonrisa al ver como a pesar de que todo se derrumbó alrededor del altar, la cruz de Cristo quedó intacta."
joy,4894,0,original,"Ya finalizada la jornada electoral, lo primero es agradecer a los interventores y apoderados de su esfuerzo y compromisoGracias"
anger,27,0,original,"Sobrevivir a DOS GUERRAS MUNDIALES, para caer frente a un Absurdo Incendio por Negligencia -"
others,6577,0,original,Semifinal de y final de ... Yo dorso de mano con índice hacia abajo
fear,5147,0,original,Yo creo que Abascal con sus declaraciones se define el solito pero van a tener mucha voz y da mucho miedo su discurso... me pongo muy mala de escucharlo...
others,2196,0,original,Feliz día a todos los Jorges y Jorginas
others,5213,0,original,"La adolescente sueca , de 16 años de edad, fue nominada al premio por su contribución a la lucha contra el calentamiento global."
joy,1352,0,original,Acabo de ver el ultimo episodio de y ha sido EPICOOOOO!!!! MARAVILLOSO! Que grande es esta serie
others,1959,0,original,Nadie será capaz de expresar en palabras lo que estás sitiendo al acabar el 8x03 de Da igual cuando leas esto.
disgust,1802,0,translated_en,Rebelión apresura el manual de los activistas Esto no es un taladro en la impresión
others,6414,0,original,bandera españa ¡Inicia el primer tiempo! reloj despertador botón vs @RCCelta es titular bandera méxico EN VIVO:
others,6169,0,original,Érase una vez... Las Palabras Mágicas.
joy,2923,0,original,¡¡Maravillosa noticia en este !!4ª EDICIÓN de la versión teatral de de dentro de la colección de manos aplaudiendo manos aplaudiendo manos aplaudiendo
sadness,472,0,original,Incendio en la Catedral de se enfrenta a una nueva catástrofe nacional en uno de sus peores momentos políticos.
joy,2751,0,original,Feliz En este momento me encuentro sumido en esta fructífera lectura de Historia Política Cuál es la tuya?
joy,2684,0,original,La mejor frase que he leído hoy. Otra vez enganchada a almudena. grandes . Otra vez con ganas de Dolores Ibárruri. Feliz día del libro.
others,6989,0,original,", activista climática de 16 años, tiene un mensaje para ti."
disgust,1640,0,translated_en,¿Por qué estas empresas no pueden ser molestadas para ayudar a los ciudadanos en su lugar? La iglesia tiene dinero. Lo han estado recolectando durante miles de años.
others,6649,0,original,"Medio tiempo, 1 vs. 0."
joy,3445,0,original,Muchas gracias a tod@s por vuestros . 1300 y sumando!
surprise,3740,0,translated_en,resignado!!! Juro que la rotación de personal es mayor que .
surprise,3673,0,translated_en,"Realmente sorprendido de ver tanta negatividad hacia Tenía un par de defectos como lo oscuro que es y probablemente fue un poco demasiado largo, pero todo en todo lo que estaba en el borde de mi asiento."
joy,5218,0,original,"Debido a sus esfuerzos para combatir el y salvar al , así como por inspirar a los jóvenes de todo el mundo a luchar por lo mismo, la sueca Thunberg fue nominada, a sus 16 años, como candidata al ."
joy,2820,0,original,"En un día como hoy , dedicamos a todos los enamorados cara sonriendo con ojos de corazón cara sonriendo con ojos de corazón Feliz Sant Jordi¡Empezamos reloj de arena con tiempo !"
others,4168,1,original,Algo que quisiera conocer antes de que el puto amo se retire.
joy,2086,0,original,"Lo he visto dos veces y no sólo por la oscuridad. La batalla más esperada en la noche más larga. Grandísimo capítulo, espectacular cada minuto. Muchas preguntas"
others,3908,0,original,Se extrañan las narraciones de panda en la
joy,6689,0,original,"Goooool Messi y el segundo, de rebote vale igual"
others,3486,0,original,Dormir o ver cara pensativa Difícil decisión en este día de asueto.
others,3352,0,original,¡Ni el campeón se salva! Los mejores memes del triunfo y coronación del por ►
anger,8373,1,original,"Resulta que ahora es culpa de la incompetencia de , es inescrupuloso y patetico, su estupidez y cinismo no tiene límites."
others,5858,0,original,La se reune de urgencia para analizar situación de vía EFE
others,3183,0,original,Apa. Victoria y alerón del contra el . Un triunfo que le da alas al .
sadness,1445,0,original,me he visto unas fotos del epi 3 filtrado (en malísima calidad) pero JODER éste capi sí que quiero verlo de principio a fin sin saber nada. Me ha dolido mucho ver una en especial porque ¿estaba llorando? no sé pero era un situación muy mala
disgust,8102,1,original,"Solamente os puedo dar las gracias, las gracias y miles de gracias fachas de mierda. Aquí mi pequeño homenaje"
others,4801,0,original,Hay una palabra para lo que va a tener que hacerle Rivera a Sánchez estos días. Fe...
disgust,6898,0,translated_en,"Feliz o como a Donald Trump le gusta llamarlo: ""¿Cómo es un libro?"""
others,2175,0,original,Lean para sobrevivir a la realidad.
disgust,4248,0,translated_en,"Hay una gran cantidad de vidas humanas que necesitan ayuda, pero aparentemente 700 millones de libras de donantes se preocupan más por un maldito edificio..."
sadness,5126,0,original,La noche más amarga del . Por ⁦@CrOlivares24⁩ |
disgust,578,0,translated_en,No he visto el humor en su frío abierto w / el francés Smokey el oso y
joy,2883,0,original,"Tiene buena pinta! Yo voy a recomendar a una ucronía, que me encantan: ""El hombre en el Castillo"""
fear,2857,0,translated_en,"Lo que sabemos hasta ahora sobre el 1. La gente inteligente dijo que los musulmanes lo hicieron b/c han estado destruyendo iglesias en todo el mundo2. Looney Left les etiqueta a TODOS monstruos Alt-Right3. Considerado ""accidente"" sin investigación por lo que las Cruzadas no comienzan"
surprise,5019,0,translated_en,Actualmente leyendo Sherry Turkle's Reclaiming the Conversation. Bastante inspirador... ¿cuán a menudo usted tiene una conversación cara a cara? ¿Lo evita en su mayoría? ¡Ponga su teléfono! Lea un libro y discuta...
disgust,2236,0,translated_en,El ejército de la basura derrotará a tu mejor ejército.
joy,3925,0,original,Que tengas un hermoso día y un feliz dia del trabajo!! hoy ganamos bíceps flexionado balón de fútbol cara sacando la lengua y guiñando un ojo cara sacando la lengua y guiñando un ojo
others,2674,0,original,"En el dejamos momentáneamente aparcados los juegos para recomendar la lectura. Para los amántes de la fantasía y ""La sombra carmesí"", dos volúmenes de fácil lectura, muy amenos y para vivir grandes aventuras."
fear,283,0,translated_en,El cambio climático puede causar inseguridad alimentaria a millones de personas. Necesitamos mejores enfoques de adaptación y mitigación.
joy,2377,0,original,Feliz día mundial del libro libros libro abierto
anger,903,0,original,"La desesperada , aplica mecanismo de para , ya bastante desgastada y sin resultados. Un juego muy irresponsable el de la"
joy,4634,0,original,Feliz con los resultados de la izquierda en Año de elecciones decisivas. Vamos ahora en mayo por ... y luego !
disgust,7127,0,translated_en,Es increíble lo rápido que un evento muy trágico de alguna manera se convirtió en todo el mundo alardeando y compartiendo fotos de sus viajes a París en las redes sociales. cara con ojos en blanco
joy,8135,1,original,Por primera vez tengo que decir: “¡Qué putas ganas de escuchar a !“..
joy,6929,0,original,En la ha creado sus pancartas con las reivindicaciones. Un gran trabajo! mano con señal de victoria tono de piel claro medio
sadness,7371,0,original,"resistió a lo largo de los siglos cientos de guerras, pero no la indiferencia actual. La incendió la frialdad de los corazones franceses de la actualidad. El centro de Francia y el corazón de Europa lloran su pérdida. Y el mundo también."
anger,8322,1,original,Aún recuerdo cuando los gilipollas de la superioridad moral decían que preocuparse por estaba mal porque había que preocuparse de las personas y no de las piedras. Hoy esos mismos gilipollas dicen que hay que preocuparse de Palmira y no de
sadness,414,0,original,Tristeza inmensa ver como esta ardiendo la catedral de . Una tragedia la pérdida de esta joya de la cultura y patrimonio de la humanidad. Toda mi solidaridad con el bombero mal herido y mi admiración por sus compañer@s que luchan contra el fuego.
sadness,7203,0,original,Que perdida terrible
disgust,2511,0,translated_en,Los partidos de derecha quieren restringir el aborto y prohibir las organizaciones feministas.
disgust,5401,0,translated_en,"No saber nada sobre el clima, sus dinámicas, patrones, variables es sólo un niño perdedor con discapacidad, un PUPPET fácil de manipular a la ciencia falsa de instituciones y políticos corrompidos por lobbies ""verdes"" hambrientos de poder y dinero."
joy,2796,0,original,"Se trata de leer y hacer tuyos los libros. Ellos cuentan tu historia de vida y te acompañan. Gracias a ellos y con ellos, te descubres, descubres al otro; sus páginas abren tu mundo y te permiten comprender con cercanía la experiencia humana. Los libros nos humanizan"
joy,2157,0,original,"A menos de 24 para el 8x03 de solo puedo decir una cosa: AHORA SÍ QUE SI,"
joy,4252,0,original,"Amo al Real Madrid y amo a Cristiano, pero debo decir lo siguiente: MESSI ES UN MONSTRUO. balón de fútbol"
joy,3160,0,original,EL REY DE ! ¡10 títulos para Leo Messi en 15 campeonatos españoles disputados defendiendo la camiseta del Barcelona!
others,3071,0,original,"“Cuanto menos se lee, más daño hace lo que se lee”. Miguel de Unamuno. libros libro abierto"
others,6062,0,original,Yo despues de ver el capitulo de
disgust,3872,0,translated_en,¡¡¡¡¡¡¡¡¡¡¡¡¡¡¡¡¡¡¡¡¡¡¡¡¡¡¡¡¡¡¡¡¡¡¡¡¡¡¡¡¡¡¡¡¡¡¡¡¡¡¡¡¡¡¡¡¡¡¡¡¡¡¡¡¡¡¡¡¡¡¡¡¡¡¡¡¡¡¡¡¡¡¡¡¡¡¡¡¡¡¡¡¡¡¡¡¡¡¡¡¡¡¡¡¡¡¡¡¡¡¡!¡¡¡¡¡¡¡¡¡¡¡¡¡¡¡¡¡¡¡¡¡¡¡¡¡¡¡¡¡¡¡¡¡¡¡¡¡¡¡¡¡¡¡¡¡¡¡¡!¡¡¡¡¡¡¡¡¡¡¡¡¡¡¡¡¡¡¡¡¡¡¡¡¡¡¡¡¡¡¡¡¡¡!¡¡¡¡¡¡¡¡¡¡¡¡¡¡¡¡¡¡¡¡¡¡¡¡¡¡¡¡¡¡¡¡¡¡¡¡¡¡¡¡¡¡¡¡¡¡¡¡¡!!!!!!!!!!!!!!!!!!!!¡¡¡¡¡¡¡¡¡¡¡¡¡¡¡¡¡¡¡¡¡¡¡¡¡¡¡¡¡¡¡¡¡¡¡¡!!!!!!!!!!!!!!!!!!!!!!!!!!!!!!!!!!!!!!!!!!!!!!!¡¡¡¡¡¡¡¡¡¡¡¡¡¡¡¡¡¡¡¡¡¡¡¡¡¡¡¡¡¡¡¡¡!!!!!!!!!!!!!!!!!!!!!!!!¡¡¡¡¡¡¡¡¡¡¡¡¡¡¡¡¡¡¡¡¡¡¡¡¡¡¡¡¡¡¡¡¡¡¡¡¡¡¡¡¡¡¡¡¡¡¡¡¡¡¡¡¡¡¡¡¡¡¡¡¡¡¡¡¡¡¡¡¡¡¡¡¡¡¡¡¡¡¡¡¡¡¡¡¡¡¡¡¡¡¡!!!!!!!!!!!!!!
anger,7590,0,original,"Escuche que Trump llamaba a Maduro ""usurpador"" y me dio ataque de furia Los problemas de debe arregarlos"
surprise,5373,0,translated_en,Greta dice: ¡Quiero que vayas al Pánico! ¡Ahora!
others,5994,0,original,Cómo puedo hablar yo de lo que acaba de pasar en
joy,4806,0,original,"Este equipo, y algunas que faltan, se ha echado una campaña muy dura a las espaldas. Enhorabuena campeonas"
joy,4753,0,original,Enhorabuena al PSOE por sus resultados. Ahora toca trabajar por el conjunto de españoles. Seguiremos confiando en por el bien de
joy,1159,0,original,nació para SER LIBRE! En toda Venezuela hoy la gente en la calle resteada con el Presidente :
others,3655,0,original,De no ser por el mal arbitraje estuvieramos ganando por dos goles o más.
joy,2170,0,original,"¡Feliz día del libro! cañón de confeti libros Nos vinimos al otro lado de la cordillera a celebrar con nuestros colegas . Y ustedes, ¿cómo lo están celebrando?"
surprise,6079,0,original,"Todo sobre el capítulo MÁS SANGRIENTO de esta octava temporada ¡Ojo, spoilers! colisión colisión"
sadness,5624,0,original,Esta imagen me deja sin palabras. Espero que consigan apagarlo cuanto antes sin que quede destruida
joy,3711,0,original,"Este es un poema en el fútbol... manos aplaudiendo   balón de fútbol  pura magia y muchas emociones en un gol bíceps flexionado Gracias a Messi,el mejor jugador del mundo  pulgar hacia arriba trofeo cara feliz con ojos sonrientes ...."
sadness,607,0,original,Que triste que una de las cosas más sagradas ya es polvo y escombros.
others,4105,0,original,Sin duda un buen juego por dos grandes planteles
disgust,2681,1,translated_en,"Su marido, las burlas de nos dieron idiota en jefe en la Casa Blanca. ¡Es el miembro más vilipendiado de nuestra sociedad hoy!"
disgust,3092,1,translated_en,"Asilo nazi Gran Bretaña, país impactante en el que vivir."
joy,2580,0,original,"Feliz a todos en especial a Neto Muyshondt que lee más de 100 libros al año, incluso cuando va conduciendo."
joy,4107,0,original,Lo de Messi sigue siendo escandaloso. Trasciende a cualquier premio individual y se ve que este año quiere comerse el mundo del fútbol y ponerlo a sus pies. Otra vez.
joy,4012,0,original,"Pensar que decian no les gustaba Vidal porque pasaba expulsado. La clase, talento, categoría y espíritu de combate que tiene, lo hacen un fuera de serie."
disgust,6620,1,translated_en,"Estados Unidos es una República, alcalde es un idiota"
joy,4099,0,original,Gracias creador por hacerme contemporáneo a Messi
disgust,1406,1,translated_en,Los socialistas de España necesitan cambiar su nombre.
others,2372,0,original,El mayor y mejor libro será siempre La Biblia además tiene todos los temas estilos q alguien puede querer
others,6099,0,original,Sigue a este pavo q regala pavos
others,2784,0,original,"bandera cuba Curiosidades en el y Día del Idioma Español en : : El primer libro editado por la Imprenta Nacional en 1960, fue precisamente «El ingenioso Hidalgo don Quijote de la Mancha», con una tirada de 100 mil ejemplares."
anger,8325,1,original,Es inútil hacer cualquier cosa a prueba de tontos porque los tontos son muy ingeniosos. Y además abundan. El Destino es gilipollas.
sadness,411,0,original,"Sepan disculpar, pero además de sufrir por nuestra , sufro al ver las llamas en ."
surprise,533,0,translated_en,"Sí, mi tweet preguntándose qué diría sobre el fue destinado a ser sarcástico. Creo que ella lo tomó demasiado literal."
anger,1105,0,original,AHORA DONDE SE VA A ESCONDERTODO EL QUE SE DEJO VEREN EL GOLPE DE ESTADOLA OPOSICIÓN SE QUEDO SIN LIDERAZGOPORQUE HASTA LOS QUE DESATARON SU ODIOPOR LAS REDES DEBEN PAGAR CON CÁRCELEL LLAMADO IRRESPONSABLE QUE HICIERON A LA CONFRONTACIÓN
anger,7806,1,original,Una vergüenza que este lamebotas sea complice de un intento de golpe fascista y cobarde. vuelve a demostrar que es un ser nefasto que sólo merece cárcel y olvido...
joy,2600,0,original,"Hoy es el y tengo a alguien que consume libros libros de una forma muy bonita, que le dan felicidad, mucha felicidad y cuando termina uno, se llena de cosas increíbles y quiere más y más conocimiento, nuevas formas de ver y vivir lo aprendido."
joy,4770,0,original,Gracias a todos los interventores y apoderados del PP de Camas Hoy para
others,5018,0,original,"Las vtc de los menos malos pierden. Naranjito ya sabemos de qué vas, ya sabemos quién eres qué engañados tenías ala gente"
surprise,1613,0,translated_en,El Parlamento declara - ¿Ha habido alguna vez un mejor momento para quedarse atrás?! Fantástico fregadero de carbono con miles de aplicaciones ecológicas! planta joven
others,2038,0,original,Mi crítica del 8x03 de ya está disponible en Popcoken
others,995,0,original,Guarda Nacional atacando guarda nacional na
others,4551,0,original,Escuchando a Abascal y estoy alucinando con que hayan sacado 24 escaños. Es que no lo puedo entender como se puede votar a alguien que quiere volver más de 40 años atrás. Solo diré una cosa: ¡Viva la democracia! urna con papeleta
surprise,3607,0,original,Puede ser que haga todo bien???
anger,7566,0,original,Este país se va a la mierda cara llorando fuerte
sadness,7527,0,original,"Me da pena que 2.000.000 de españoles estén a favor del racismo, la homofobia, el machismo..."
others,4039,0,original,"Día del trabajador como se debe: en la cama, mirando la y tratando de no sufrir tanto por corazón con flecha"
others,3346,0,original,EN DIRECTO | ¡Rueda el balón! : los rojiblancos buscan una nueva victoria para afianzar la segunda posición en la tabla clasificatoria y obligar al Barcelona a vencer en su compromiso ante el Levante Síguelo con
joy,5277,0,original,En iniciamos una serie de donde contaremos sobre el Hablamos de la activista más joven del planeta y que está dando mucho que hablar:
anger,8016,1,original,Por q coño no usaron el VAR? Era mano!!
joy,4913,0,original,Orgullosa del día de hoy
sadness,1609,0,original,Que mal lo estoy pasando
joy,6626,0,original,Mi Barcelona ganará la en cara sonriendo
disgust,6200,0,translated_en,menores de edad por favor note que el lenguaje del orinal se utiliza para puncuation!
disgust,1,0,translated_en,Algo a tener en cuenta... Cuando situaciones como las que ocurren algunos malvivientes establecen cuentas de donaciones falsas y embolsan el dinero así que si vas a donar... ¡Haz algo de investigación PROPER primero!
others,5976,0,original,Creo que jamás he visto un capítulo así de una serie en televisión. Sin palabras
sadness,4814,0,original,"Con todo el respeto hacia todo el mundo, aunque quizás no se me entienda, solo tengo dos palabras: Pobre España."
others,2569,0,original,“Ver a alguien leyendo un libro que te gusta es ver a un libro recomendándote a una persona”.
others,5871,0,original,No hay cifras a esta hora 4:49pm de cuantos militares se habrían sublevado contra Nicolás Maduro ni tampoco del número de heridos o si ha habido algún fallecido.
fear,7601,0,original,Vivo entre las ganas de leer sobre las y el miedo de encontrarme con un spoiler de y la
anger,4784,0,original,"Independientemente de quién gane, que 200.000 votos más tengan 20 escaños menos no puede ser normal!"
anger,7662,1,original,"Expresar alegría por la tragedia en denota falta de atención, frustraciones y una edad mental de 3 años (aunque sabemos perfectamente que un niño a esa edad si que es más empático)"
others,5881,0,original,Los militares siguen pidiendo asilo a países vecinos.
others,5644,0,original,Así quedó la Catedral de Notre Dame después del incendio
others,5189,0,original,La presidenta de nuestra Fundación ha escrito un artículo sobre Greta Thunberg activista contra el cambio climático. Compartimos enlace al mismo:
anger,8232,1,original,ese lagartija infrahumana del no le interesan los humanos!.. lávate bien las manos
sadness,3754,0,original,El fútbol es tan injusto con el liverpool
others,1394,0,original,"Si alguien sabe donde se consigue que me lo diga por favor, me llevo 200"
disgust,93,0,translated_en,Sería una vergüenza no dar una voz a la narrativa alternativa . Esto es descaradamente fomentado por Estados Unidos de un cambio de régimen violento en .
anger,8404,1,original,Dembelé.... Entierrate con esta pala.... Tonto wn malo
joy,3132,0,original,"! es el Campeón de su vigésima sexta! De la mano de el se corona. Enhorabuena a su afición, me incluyo! Grande carajo!"
joy,5494,0,original,"Así nos movilizamos en árbol de hoja caduca en nuestro compromiso desde la . Gracias desde infantil, primaria y secundaria. corazón verde corazón azul gotas de sudor"
joy,4917,0,original,pues parece que se ha quedado al final buena noche.
joy,3142,0,original,"¡FINAL! círculo azul círculo rojo vence al , con gol de Leo Messi y se proclama campeón de por segundo año consecutivo. trofeo trofeo balón de fútbol"
others,6402,0,original,Som-Hi ! esta en casa! CAMPEONES trofeo círculo rojo círculo azul
sadness,7206,0,original,"El ha recibido con una gran tristeza la noticia del incendio que ha devastado la Catedral de de este lunes 15 de abril, “símbolo de la cristiandad en y en el mundo”."
joy,3121,0,original,Una de las librerías más bonitas de . Y la más bonita de nuestro . Feliz !
joy,4454,0,original,Me encanta ver los telediarios hoy porque no paran de discutir todo el rato
others,772,0,original,ATENCIÓN CONTENIDO VIOLENTO-Un vehículo de la Guardia Nacional arrolla a manifestantes que le tiraban piedras en
others,5243,0,original,"En Viernes 15 de Marzo hay llamamientos en diversas ciudades del estado a actos y movilizaciones estudiantiles contra ""cambio climático"" siguiendo llamamiento de estudiante que llevó protesta a Foro de Davos Hay llamamiento en 89"
sadness,2332,0,original,Extrañando mi rinconcito lleno de libros de diseño (y otras menudencias).
joy,8035,1,original,D1OS El PUTOO amo del fútbol
joy,3578,0,original,"El más grande de los grandes, te amo Messi corazón brillante"
joy,3820,0,original,Qué golazo del mejor jugador del mundo
sadness,7348,0,original,"Aunque es un alivio que no haya que lamentar daños humanos, en este caso los materiales son irremplazables. Muuuy triste cara llorando fuerte"
surprise,4010,1,translated_en,"Mierda, no vas a creer esto, los periódicos de negocios como Bloomberg han decidido no llamarlo un golpe de estado."
fear,3222,0,translated_en,"Oh, espera, mierda, creo que accidentalmente retuiteé un spoiler? No lo veo, así que no tengo idea, sólo me gustó el movimiento chulo fresco. Lo siento, lo borré. Por favor, no me mates."
sadness,7308,0,original,Todos le lloran a un puto monumento de mierda... pero nadie llora por las vidas inocentes que se han perdido por la guerra santa. El hombre le ha dado más valor a lo material que a lo existencial. ¡Vaya mierda de sociedad!
sadness,1927,0,original,"Esperar años para sufrir hoy! Pero el miedo hiere más que las espadas, le dijeron a Arya."
joy,3015,0,original,"el de esta semana, hay mucho por descubrir, feliz semana para todos"
sadness,7470,0,original,"Rusia mueve su títere y Estados Unidos el suyo viendo desde sus países a ver quien gana, mientras tanto la gente de lo sufre."
joy,4299,0,original,Qué hermoso tiempo para estar viva y ver a jugar de forma tan hermosa fútbol.
surprise,1729,0,translated_en,Juego de Tronos y Fin del Juego en poco más de 24 horas... Mis emociones no pueden soportar mucho más jaja
others,7130,0,original,El senador dice que lo visto hoy en en “inspirador”!!!
surprise,6523,0,translated_en,CNN ha sido sacado del aire en . Esto debe ser implementado en todas partes.
surprise,6982,0,translated_en,Bobby en el banco me pregunto dónde jugará wijnaldum? Ala o en un 4-4-2
disgust,5871,0,translated_en,"Creo que ahora es un buen momento para discutir este punto increíblemente importante y HUMANO. Ama a los inmigrantes, son impresionantes. Sin embargo, (masa) inmigración/fronteras abiertas es una ideología desastrosa."
others,1113,0,original,"Fracasa intento golpista en . Derrotada la acción intervencionista de vía sus alfiles , y sus lacayos y"
sadness,512,0,original,"Lamento profundamente el incendio de la Catedral De Nuestra Sra de Paris, gran pérdida Religiosa y arquitectónica para todos los Católicos."
joy,5403,0,original,Reino Unido declara el cambio climático como emergencia nacional via
sadness,141,0,original,"Ocho siglos de historia fueron calcinados ayer en el incendio de la catedral de iglesia , donde miles de personas alrededor del mundo lloraron la tragedia. nos cuenta cómo ocurrió esto. dorso de mano con índice hacia abajo tono de piel claro medio con"
joy,6797,0,original,Estoy muy proud de lo que se ha conseguido hoy manos aplaudiendo tono de piel claro medio
joy,4245,0,original,Excelentes Piqué. Lenglet muy nervioso. Exquisito Busquets.
joy,6243,0,original,Seguimos con el día del libro
disgust,5417,0,translated_en,"Increíble - Las empresas que se benefician de la tragedia, ¿Dónde estaban cuando Catedral estaba pidiendo dinero para la restauración? Oh, espera, no había atención de los medios mundiales en ese momento. Sí, lo entiendo."
others,4187,0,original,Esas vueltas de Messi jajaja por eso por muy bueno que sea nunca será de mis favoritos
anger,373,0,original,"lamentar el incendio de no es una cuestión de religión, es de cultura... me asombra ver bromas con respecto a esto!"
disgust,4471,0,translated_en,"Mientras la buena gente de Venezuela sale a las calles para recuperar su país, recuerden por qué tenemos la 2a Enmienda en los Estados Unidos."
joy,4046,0,original,Y llegó el 600 te amo
anger,7760,1,original,"Leo a en esta absurda afirmación y solo me pregunto ¿como puede llegar una persona a un servilismo así? ¿Cuanto o a cambio de qué, se deja de lado la dignidad para lamerbotas de esa manera? ¿Es aún ‘humano’ quien defiende atrocidades como suceden en ?"
joy,4095,0,original,"Que mejor feriado, voy a poder ver tranquilo la cara sonriendo con gafas de sol"
others,2114,0,original,Yo intentando comentar las y y evitando los spoilers del capítulo de que se ha filtrado.
joy,3328,0,original,Campeonesss!!!!!! La tecla 2 tecla 6 Liga ya es del !!! tecla 8 ligas de tecla 1 tecla 1 de un equipo de leyenda! La hegemonía de este equipo en la Liga es BRUTAL. de . Su tecla 1 tecla 0 ª!!! cámara de cine vía
sadness,192,0,original,"Después, las llamas lo perdieron; después gritó y fue como si un incendio gritara."
disgust,2166,0,translated_en,Los estadounidenses deben notar que los comunistas ratas y no han expresado su solidaridad con el pueblo de ni su condena contra el régimen comunista brutal de
joy,3765,0,original,Muy orgulloso de mis colores Blaugranas corazón rojo corazón azul balón de fútbol Muy orgulloso de todo el equipo!¡ !
anger,515,1,original,imaginad el desarrollo de la gente que se alegra x el incendio de esta joya! Debe ser muy moderno eso de ser gilipollas!
anger,7645,1,original,"Yo no donaba para reconstruir la catedral de NO MAMEN, mejor donen para re construir bosques y hacer reservas naturales."
joy,6614,0,original,"Ver salir al desde el fondo y llegar al arco rival en 8"" , es orgasmico."
joy,1765,0,original,Cuando digo que Arya Stark es mi favorita es por algo....
surprise,1568,0,translated_en,Barcelona es el mejor equipo.
anger,7104,0,original,La gente indignada con los spoilers de que silencie las palabras r/c la serie y deje de dar por saco. Cada uno expresa lo que quiere y como quiere por sus redes sociales. Faltaría más no poder comentar algo si te apetece y más sabiendo la repercusión de la serie...
sadness,759,0,original,Este es el nivel de los que apoyan el golpe en cara vomitando cara vomitando cara vomitando cara vomitando cara vomitando
joy,2461,0,original,"¡Feliz ! ¡Quién hubiera sido ése, para estar entre sus manos y con su mirada clavada!"
joy,5458,0,original,En estos momentos es la persona a la que más admiro. Demuestra de lo que es capaz de hacer una sola persona con voluntad y confianza
joy,8188,0,original,"Gracias, fachas, por venir a esta etiqueta a lloriquear. Me estoy riendo mucho."
joy,2328,0,original,"Y para terminar el no puedo dejarme uno que para mí supuso un antes y un después en mi vida. Alguien me abrió los ojos de una manera bestial y siempre estaré eternamente agradecida.""Educación, hándicap e inclusión"" de Nacho Calderón"
anger,163,0,original,"No se puede creer gente tan básica, cerebros planos que de alegran por la destrucción de un patrimonio cultural e histórico universal. Cuando la ideología te nubla la razón."
others,7140,0,original,Germán García | El Barça consigue su 26° título de liga |
sadness,7284,0,original,"Ayer nos sobrecogió la terrible noticia del incendio de , toda una gran tragedia para el patrimonio mundial que ha destrozado uno de los grandes símbolos del Gótico y, por tanto, de la Edad Media"
disgust,4643,0,original,Con Psoe y Podemos gobernando lo llevamos claro... miedo me da cara asustada
anger,8387,1,original,Eres agotador aún no entiendo como Maduro no te manda unos balazos por el trasero y eso que él es malo malo malo soy chilena anti golpista no queremos traidores en mi patria
surprise,5061,0,original,Podría estar más satisfecha pero lo auguraba peor manos aplaudiendo tono de piel claro
others,6228,0,original,En el díganle a que acá le tengo un muy libro que le servirá para afrontar los retos de la vida cara sonriendo con sudor frío cara llorando de risa cara revolviéndose de la risa
others,5198,0,original,Esta niña nos da una lección vital y nos avergüenza con su sentido común
sadness,33,0,original,"Que diferente sería nuestra sociedad si la misma emoción que nos hace llorar, devastar el alma y dejarnos petrificados en el sofá ante la aplicaramos ante las injusticias, las guerras y los millones de fallecidos por hambre que a diario mueren en el olvido"
joy,5427,0,original,"«Huelga climática» ( columna de hoy en Ojalá el planeta se colme de miles de ; seguro que será más limpio, más sano y menos corrupto."
others,8229,0,original,; en las elecciones de 2017 en Cataluña os votaron 1.109.732 y en las han sido 477.096. Habéis perdido + de 600.000 votos en menos de 2 años. Tal vez es hora de
sadness,2116,0,original,Y pensar que tan solo quedan 3 episodios...
surprise,2003,0,original,Jooooooder que cosa más tensa Juego de Tronos. 2 horas sin respirar! cara con la boca abierta
others,3771,0,original,Cierren todo!!! El amo absoluto!!
others,5461,0,original,: propuesta para el de la Paz Se lo merece?
others,3570,0,original,"qué oso con el tiro de Dembélé, le pego mejor yo y eso que le pego horrible hahahaha"
joy,3057,0,original,A mi me regalas un libro y ya me tienes ganao’ Feliz día del libro.
others,6268,0,original,En el busco uno de balón de fútbol balón de fútbol balón de fútbol que pueda salvar a cara suplicante cara suplicante cara suplicante ;El drama de cabra cabra cabra dorso de mano con índice hacia abajo proyector de cine dorso de mano con índice a la derecha
joy,4661,0,original,Que bonito ver cómo gritan: ¡Con Rivera no! ¡Con Rivera no!
sadness,577,0,original,"Lamento de corazón mucho lo de pero pienso que quizás Dios trata de darnos una lección, ya será hora de entender que Dios no está en una iglesia de piedra..."
surprise,631,0,original,"Esto es el chavismo. Impresionante documental. Aviso, hay imágenes muy duras.Ánimo,"
surprise,1756,0,original,"Maldito juego de tronos, vas acabar con mi vida .... No podéis hacer episodios tan buenos, que después queremos más y más... El tercer capítulo de la octava temporada es el mejor capítulo de todos ... Una obra maestra.... Gracias por existir en mi generación."
others,1079,0,original,Urgente cese la violencia en
anger,981,0,original,El Sr Trump cree las mentiras que sus subordinados involucrados en le cuentan para justificar sus fracasos: Entienda de una vez que no tiene tropas en territorio venezolano pero no cree en amenazas.
others,5901,0,original,¿Ya les va quedando claro que la Venezuela de Maduro es un satélite de Rusia y Cuba?
fear,3621,0,translated_en,es el país más violento de América Latina. Masivo alcanzó niveles insoportables. La situación es verdaderamente desesperada y podría empeorar. Pero... cualquier ejército extranjero en esta etapa es lanzar el país en completo
anger,7674,0,original,"Siempre, siempre, siempre hay algún tonto"
sadness,7530,0,original,no tuvimos bastante con el psoe hace años que ahora repetimos errores. que pena
sadness,278,0,original,"Claro, también son tragedia y es muy triste, pero no deben mirarse desde el mismo ángulo. Se lamenta las ruinas en Irak, en Siria, la caía de la Torres Gemelas, el museo en Río y se hizo en un momento, y siempre se hará. Que duela no significa que todo lo demás no cara con ojos en blanco"
others,2367,0,original,Yo para hoy y para siempre les recomiendo El orden del día. Para entender que las cosas no suceden solas y -ojalá- para entender por qué no podemos dejar que sucedan de nuevo.
others,6283,0,original,Este año han sido dos cara sonriente mano con señal de victoria tono de piel claro medio
disgust,2889,0,translated_en,La gente rica acaba de romper la colección de fin de semana de Endgame
sadness,22,0,original,Hace ocho meses se veía hermosa...
others,5404,0,original,"El futuro nos lo robáis cada vez que decís que el cielo es el límite, y que sólo se vive una vez. Greta Thunberg Esta mañana estamos escuchando a esta joven activista sueca en la"
joy,2133,0,original,No tengo palabras. Impresionante. Te quiero
surprise,5094,0,translated_en,"Solo observo y honestamente, me sorprende haber pasado 82 minutos de STRESS rectas sonriendo con sudor frío"
others,1421,0,original,"Pablo Iglesias compara el con : ""Veremos si triunfan los caminantes blancos"". El líder de Podemos hahecho esta analogía con la serie en la : ""El mundo está velando armas"". (VÍDEO cámara de cine )"
others,3256,0,original,"El Levante es el 2°equipo más goleado de la Liga, solo el Rayo, ha recibido un gol más que ellos... Imagino que Valverde opte por jugar como contra el Alavés, con algunos menos habituales, para terminar con ""TODOS"" en el campo, para celebrarlo trofeo"
joy,26,0,original,"ÉSTA es la Francia que adoro. La gente saliendo a aplaudir a bomberos y a ambulancias. Cantando juntos, luchando como un solo pueblo."
others,5108,0,original,¿Será más fácil para el formar gobierno en 2019 de lo que fue (imposible) para en 2016? La entrada de al Congreso no suena atractiva.
disgust,8129,1,original,Paradoja: Votan por primera vez 100.000 personas con diversidad funcional. Ya era hora. Los subnormales ya votaban. Esta vez han ido identificados con camisas de la legión.
anger,7538,0,original,"Lucha, que es la de Cercei contra Daenerys y John. Se nos plantea esta lucha desde el principio de la serie y me decepcionaria bastante un final como el que se rumorea (un consejo entre los lanniste, stark...). Me parecería muy patetico un final asi para"
surprise,4668,0,translated_en,Es muy raro que su semana santa y la Notre Dame se incendiaran...
joy,513,0,original,"manos en oración vela Quién dijo que todo está perdido? Yo vengo a ofrecer mi corazónTanta sangre que se llevó el rí­o, Yo vengo a ofrecer mi corazónNo será tan fácil, ya sé qué pasa,No será tan simple como pensaba,Como abrir el pecho y sacar el alma,Una cuchillada del amor manos en oración vela"
disgust,3117,0,translated_en,"Me quedé mirando noticias zorro en el verano 2015 cuando vi cómo fueron tras triunfo para un reality show comment. Nunca miré hacia atrás, MSM es noticias falsas / propaganda de estado profundo"
joy,6037,0,original,Tormund: Yo Mate un gigante : Oiloo
others,5752,0,original,"Dijo el papa que el Vaticano no piensa poner un euro en la reconstrucción de , que de la historia de hagan cargo los fieles, va, nada nuevo dijo..."
disgust,4188,0,translated_en,político australiano dando respuestas totalmente ignorantes a los niños acerca de la edad de hielo?
anger,466,0,original,"Incendio en la Catedral de Notre Dame de París. ""Es una tragedia a todos los niveles: arquitectónico, turístico, simbólico y también espiritual"" Pero nadie volvió tendencia cuando bombardearon masacrando a su pueblo!"
others,6499,0,original,"Se DOLÍA Piqué de la ESPALDA tras una acción defensiva. El central podrá continuar. Minuto 11, Barça 0-0 Levante."
others,5019,0,original,ayúdanos a olvidar durante unas horas lo que no queremos que ocurra.
anger,841,0,original,¡DEBE SABERLO! Al menos 8 agresiones a la prensa se registraron durante levantamiento militar de este
others,8142,0,original,Que alguien le diga al señor de Vox que con el micro no hace falta gritar
sadness,7453,0,original,Qué pena más grande corazón roto Una tragedia que marca un momento muy triste en la historia cara triste pero aliviada
disgust,6793,0,translated_en,¡No dejes que ganen los cabeza de chorlito!
others,4351,0,original,Antes que empiece la Messi dejo bien en claro el objetivo principal de este año y va derecho a cumplirlo. Cuando está motivado no hay con que darle. De otro planeta.
sadness,197,0,original,"Hoy he estado en directo en , hablando del incendio de Me han preguntado que qué pensaba, y ha respondido con franqueza. Los daños son irreparables. Os dejo el enlace vía"
others,2959,0,original,El mejor libro es: La Tregua de Mario Benedetti.
joy,5390,0,original,"Enorme , la niña que quiere salvar el clima pulgar hacia arriba"
disgust,6555,1,translated_en,"Buenos días, excepto para los musulmanes, especialmente los que establecieron el"
others,5364,0,original,", con tan solo 16 años y síndrome de Asperger, es una voz muy fuerte en el activismo climático. Su poderoso mensaje se adueñó de toda la atención en el Foro Económico Mundial de Davos 2019."
fear,7609,0,original,ME CAGO DE MIEDO.
anger,4320,0,original,"Como jugador es crack pero como persona deja mucho que desear, me cae muy mal su personalidad"
joy,5345,0,original,¿Conoces a ? Queremos apoyar públicamente su iniciativa contra el y apoyamos la gran manifestación a escala global de mañana.. globo terráqueo mostrando europa y áfrica ¿Estáis con ella? ¡Ayúdanos a difundir! altavoz a volumen alto
others,1291,0,original,Guardamos la esperanza que no de embajada Chilena sea por tener un lugar seguro para planear los pasos a seguir
others,1108,0,original,"Diosdado Cabello dice que están ""completamente derrotados los golpistas"" en"
joy,3559,0,original,El gol del mejor del mundo
joy,2174,0,original,"Hoy, , ya he hecho mi adquisición libro verde cara guiñando el ojo A ver qué descubro en el ¡Ganas de empezar a leerlo!¡Feliz Día del Libro!"
disgust,208,0,translated_en,"Con el debido respeto, ¿cómo se libraría de Maduro? La única manera de que sea pacífico es que Maduro se retire y todos sabemos que eso no va a suceder."
disgust,7755,1,original,Maduro es una mierda. Aferrarse a . La gente va a ganar. (Google Translator)
anger,7637,1,original,"""Dejen de mamar con lo de la Catedral de ""-Un pendejo que va cada año a la de San Juan de los Lagos."
anger,6846,0,original,“Eres una fascista” la dicen mientras no la dejan pasar a ejercer su derecho a voto. Qué ganas de que las urnas les callen la boca esta noche.
anger,4392,0,original,Santiago Apastar dice que le insultan mientras insulta a los progresos y a la gente que es menos de derechas que él.
anger,3425,0,original,Hoy no es penalty la semana pasada si. A ver si se aclaran los árbitros. Pero claro el peso de la camiseta cuenta y mucho.
sadness,7281,0,original,"Perdida invaluable, una pena."
anger,7752,1,original,"La primera conclusión de lo que parece ser la primera jornada por la restauración de la democracia en : Nicolás Maduro es solo un cobarde. Después de su ausencia física frente a los acontecimientos de hoy, está terminado."
joy,3628,0,original,Messi marcó su gol 600 de tiro libre. Una joya. 3-0.
joy,4717,0,original,España es más plural y moderada de lo que pensábamos (o temíamos). Me quedo con esta lectura de unas elecciones que me dejan un buen sabor de boca.
anger,8107,1,original,No puedo dejar de decirlo: la hostia que se está dando el es de proporciones bíblicas. A ver si queda algo de vergüenza ahí -que lo dudo- y dimite toda la ejecutiva.
joy,8152,0,original,"Ganó la izquierda, batacazo del PP. Ahora a construir la España que queremos."
anger,8260,0,original,"Y una vez mas, todo queda en el aire... cara decepcionada ni los sacan, ni se van!"
anger,4460,0,original,No quiero oír NI UNA QUEJA de los que NO HABÉIS VOTADO!
joy,6691,0,original,"Miercoles de no trabajo + tarde de , Imperdible! puño cerrado tono de piel claro cara sonriendo con estrellas"
joy,8121,0,original,"HERMANAS VIUDAS, SE HA QUEDADO UNA NOCHE PERFECTA PARA AMARNOS MUCHO! VAMOS A HACER EL AMOR ESTA NOCHE, 11 MILLONES DE VOTANTES NOS AVALAN!!!!"
disgust,960,1,translated_en,"Aunque todas las señales indican claramente que fue un accidente, algunas personas siguen siendo cerdos racistas."
disgust,3665,0,translated_en,"Veo que todo el mundo tiene el memo de que el socialismo es malo y siempre termina en violencia. También etiquetando a su ""mujer boogie""."
others,5984,0,original,Qué verdadera barbaridad el 8x03 de cara gritando de miedo cara gritando de miedo cara gritando de miedo
disgust,807,0,translated_en,Entiendo que era triste pero imagino que esos millonarios que donan más de mil millones de euros para reconstruirlo tendrían el corazón de usar su dinero para una crisis humanitaria en lugar de mujer encogida de hombres tono de piel claro
fear,2218,0,translated_en,Temas: 1) 2) Aumento en quién o qué está causando 3) Conspiración terrorista descubierta en CA & Tenn. escuela
others,5774,0,original,"La desinformación es de licura, pareciese que nadie supiese realmente lo q está ocurriendo en"
others,5286,0,original,"Lo que importa se defiende ante todos, con pasión y a veces con dolor manos aplaudiendo tono de piel claro manos aplaudiendo tono de piel claro manos aplaudiendo tono de piel claro bíceps flexionado tono de piel claro medio bíceps flexionado tono de piel claro medio bíceps flexionado tono de piel claro medio"
disgust,6994,0,translated_en,"Adam, dices tanto, pero lo dices mejor cuando no dices nada en absoluto. dinosaurio."
joy,2538,0,original,"¡¡Feliz día del libro!! corazón rojo libros Estas han sido mis compritas, especial cara con mano sobre la boca estrella fugaz Desde hace tiempo quería y ya puedo hincharle el diente bocadillo de pensamiento Y la maravilla de que me tiene muy sorprendida bola de cristal"
disgust,6412,0,translated_en,"Es curioso cómo aquellos que se vuelven grotescamente ricos explotando a la gente y al planeta más son los mismos que hacen el mayor espectáculo de su ""generosidad"" al dar a proyectos que hacen tristemente poco por ""el menor de estos mis hermanos"" o el planeta"
others,5891,0,original,"| , desde : ""Hay que esperar que Maduro salga a público y diga qué va a hacer de ahora en adelante"""
sadness,7252,0,original,"Llora , Llora el mundo entero. Siglos de historia ardiendo en cuestión de horas. Un viaje de estudios que ahora invade de nuevo mi memoria."
surprise,2919,0,translated_en,"Eso es realmente mucho mejor de lo que fue transferido por las noticias. Las ventanas, las reliquias, las campanas, los órganos musicales también se salvaron! Podría ser realmente mucho peor.."
fear,4389,0,original,A mí me da: miedo
sadness,7303,0,original,"La tragedia ocurrida en en París, Francia es una verdadera pérdida tanto física como espiritual a la cultura de Europa y el mundo entero, lamentable hecho que irónicamente pasará a la historia. Todo mi más sentido pésame con las y los parisinos sobre todo."
joy,644,0,original,manos en oración Venezuela ya está lista y la veré renacer corazón amarillo corazón azul corazón rojo .
anger,468,0,original,"así es, sin embargo ha sido cruelmente juzgado y condenado por los potentados del Reino Unido, Suiza, EEUU...."
fear,4721,0,original,Lo que verdaderamente me preocupa: con estos resultados se les van a mejorar los trenes a los extremeños?
disgust,7181,0,translated_en,"Muy bien esto no es justo decirle que deje de hacer trampa. Idk cómo él está haciendo trampa, pero él está haciendo trampa."
anger,7874,1,original,Pero porque coño los dragones no estan achicharrando a los WW??
others,451,0,original,La llora hoy por de en la viñeta de Abel en el
disgust,1413,0,translated_en,61 años de edad protestante vigilia atropellada por coche de policía ?
joy,3583,0,original,"Feliz Día del trabajador Ecuatoriano mano haciendo el signo de cuernos mano haciendo el signo de cuernos mano haciendo el signo de cuernos cara sonriendo con gafas de sol cara sonriendo con gafas de sol Celebremos todos juntos en las con la mejor combinación: a mitad de precio + a $2,50 + Fc…"
anger,4744,0,original,"“Con Rivera no” dicen por Ferraz. Pues nada, con independentistas extremistas, que nos va a ir a todos mucho mejor... mujer con la mano en la frente tono de piel claro medio"
anger,4738,1,original,Ahí está... pásate por los cojones el derecho al sufragio y que la gente elija libremente lo mejor para el país. Das vergüenza tú y tu sectarismo
others,4795,0,original,Atentos al lenguaje no verbal de unos y otros...
disgust,3189,1,translated_en,"Admiro la pasión por el Planeta, pero ella no debería estar presente en el debate sobre el Cambio Climático cuando es claramente una fantasista a la que se le dieron datos incorrectos que sólo puedo presumir de sus viles padres."
others,3222,0,original,Que aburrida que es . Siempre los mismos. Nada nuevo.
disgust,1297,0,original,"En vivo desde Miami jajaja mintiendo mintiendo y mintiendo y también mienten, aveces informan mintiendo y aveces mienten informando por que si informan mienten y si mienten informan"
anger,8340,1,original,"Manda huevos que se haya tenido tanto miedo a y nada a los asesinos, terroristas y separatistas"
disgust,8251,1,original,8 navajazos en el pecho dolerían menos que ver esto
fear,5866,0,translated_en,Algo malo está a punto de suceder.
others,6730,0,original,HAZ RT PARA QUE LO VEA cara llorando de risa cara llorando de risa
sadness,181,0,original,los mismos que incendiaron .... solo a le sirve esa tragedia porque al mundo le han hecho gran daño.
fear,629,0,original,Me cuenta que furgones y coches del ejército sin placas están dando vueltas y yendo a por civiles. Se oyen tiroteos y hay cargas.
others,2186,0,original,Historias de aventuras son lo que más disfruto
sadness,7328,0,original,"Al igual que el mundo, también la Santa Sede y el acogió con incredulidad y tristeza la noticia del terrible suceso que ha devastado este símbolo de la cristiandad, no sólo en Francia"
sadness,7263,0,original,"Cuando sufre un monumento patrimonio de la humanidad, muere algo de nuestra identidad como civilización. Europa está de luto. Toda mi solidaridad con la sociedad francesa, europea, universal."
others,5353,0,original,"""Los adultos se revelan incapaces de enfrentar una idea de futuro que no esté determinada por renovaciones del acto de consumo""."
anger,4953,0,original,"Entre todos la mataron y ella sola se murió.. , ESTAMOS JODIDOS"
others,2019,0,original,"La producción del capítulo increíble, grandes efectos visuales, buen ritmo pero no me gustó el guión. Cualquier historia más ¿Dónde quedó la serie que destruía a sus personajes principales y el corazón de la gente? Demasiado FAN SERVICE"
sadness,7218,0,original,Cuánta tristeza da perder tanta historia
others,6812,0,original,Viendo los resultados de las
sadness,7632,0,original,"Cual fuego de infierno, me quema el corazón.  cara desesperada"
others,3358,0,original,Hoy lucharemos por cerrar el primer objetivo.... círculo azul círculo rojo círculo azul círculo rojo círculo azul círculo rojo
sadness,1773,0,original,Que no puedo parar de llorar tío
sadness,7275,0,original,Una pena que mis ojos no vayan a poder ver en vida nunca más Notre Dame sin andamios o acabada la restauración. Sabemos cómo van estas cosas de despacio. Una pena.
joy,1428,0,original,"Buenos días, Poniente. Qué privilegio haber vivido esto. Hasta esta noche en esta cuenta no se hablará del capítulo pero sí voy a permitirme decir una cosa, hoy más que nunca me enorgullezco de mi apellido y de los míos."
others,5892,0,original,"Desde nos encontramos defendiendo la verdad, hemos tomado un rombo irrevocable ¡Independencia y Patria Socialista!"
disgust,2899,0,translated_en,El mismo ANC que sopló las llamas del racismo antes de que el odiará su forraje de voto después de las elecciones y conducir sobre ellos con vehículos de la policía como el camarada Manduro su amigo hizo hoy. Estúpido definido.
surprise,1286,0,translated_en,me ha sacudido hasta el fondo. Estoy aturdido. No voy a estropear.
joy,4004,0,original,Irreal. Único. Messi. 600 goles. A 14 años del primero que hizo con la primera del . Que vengan de a uno a los críticos.
surprise,2035,0,original,"No sé si alguno de los 3 capítulos que quedan de podrá este a la altura del último, pero solo por el ha merecido la pena toda la serie. Qué control de los silencios, de cada plano, de la oscuridad, de la banda sonora, qué forma de mantener la tensión.."
joy,2222,0,original,"Hoy es el día del libro y el Museo Ferrocarrilero abrió el Paralibros desde las 10:00 am, donde son los pequeños quienes más lo disfrutan"
joy,2987,0,original,"¡Feliz día del libro a todos! ¡Y felicidades a todos los Jorges!""𝐄𝐥 𝐪𝐮𝐞 𝐋𝐄𝐄 𝐦𝐮𝐜𝐡𝐨 𝐲 𝐀𝐍𝐃𝐀 𝐦𝐮𝐜𝐡𝐨, 𝐕𝐄 𝐦𝐮𝐜𝐡𝐨 𝐲 𝐒𝐀𝐁𝐄 𝐦𝐮𝐜𝐡𝐨"" (𝑴𝒊𝒈𝒖𝒆𝒍 𝒅𝒆 𝑪𝒆𝒓𝒗𝒂𝒏𝒕𝒆𝒔) …"
anger,7582,0,original,"Maldita sea... Me siento tan desinformado.. , sin conexión decente a , sin nada... Y con de sobra que coño es lo que realmente pasa o pasó con y demás en este en ?"
sadness,2000,0,original,IMPOSIBLE DE VER: Melisandre podría estar ya en Invernalia y esta teoría lo demuestra cara gritando de miedo
joy,3408,0,original,Felicidades por estos 116 años de Pasión Blanquirroja.
disgust,739,0,translated_en,"Prefiero quemar toda Notre Dame que ser profanada por cualquier inmundicia de arquitecto modernista. Adelante, erige tus monumentos de degeneración todo lo que quieras, pero no ensucies la herencia europea."
others,6904,0,original,"""No quiero que me deis esperanza, quiero que actuéis como si la casa estuviese en llamas. Porque lo está."" Escuchad a los jóvenes !"
disgust,6701,0,translated_en,Maldita sea.... Juego de Tronos suena loco! No puedo para que todos lo estropeen para mí
joy,1426,0,original,Solo se puede decir INCREÍBLE E HISTÓRICA.
fear,1595,0,original,Esto se va a poner feo pero muy feo
surprise,1494,0,original,"Me he pasado mitad del episodio con los nervios a flor de piel, y la otra mitad llorando."
others,3949,0,original,Debería de estar prohibido que te anuncien la final del ascenso MX en medio de la semifinal de la
anger,7976,1,original,Me cago en mi puta vidaaaaaaaaaa.
others,3596,0,original,balón de fútbol | En menos de una hora se enfrentarán y en las semis y ya están confirmadas las formaciones dorso de mano con índice hacia abajo tono de piel claro medio (Vía )
others,5610,0,original,"""El Estado Islámico celebra el incendio de Notre Dame""... esto ya me lo imaginaba."
anger,8095,1,original,"Esta todo dicho ya, asi que solo me queda decir que el 75% de los españoles es gilipollas."
joy,3689,0,original,¡Bien Suárez! Vaya instancia para romper el maleficiooo..
sadness,2,0,original,¿A que vamos a reconstruir Notre Dame antes de mandar un solo barco de salvamento al Mediterráneo... a que sí?
joy,8125,1,original,"Un alivio el resultado de las de Espeña. Un alivio porque tanto Podemos como Vox hayan quedado al fondo. Ambos son radicales y el radicalismo es peligroso, eso los hace ""iguales""."
disgust,3144,0,translated_en,"“Si literalmente puedes sacar tanto dinero de tu bolsillo trasero para algunos ladrillos y mortero, ¿dónde está cuando se trata de niños o del planeta?” - mi mamá, rompiendo algunas verdades"
joy,4307,0,original,Sigue la emoción de semifinal de la ¡¡Los esperamos en !!
surprise,3212,0,original,"EN DIRECTO | Barça 0-0 Levante. Los de Valverde dominan, pero no… Ver:"
joy,3415,0,original,Barcelona se coronó campeón de Venció 1-0 al al Levante.
sadness,7413,0,original,más triste que la pérdida de la catedral es la pérdida de almas en
others,7053,0,original,"El papa saludó a Greta Thunberg, la activista contra el cambio"
others,1150,0,original,"Los que están a favor de Maduro son argentinos? Y por qué, entonces, no se van a Venezuela a apoyarlo y se sacan las ganas y lo disfrutan, ya que es tan bueno? Aprovechenlo!!"
others,6872,0,original,Turno para el análisis. El PSOE gana en en unas elecciones generales con descalabro del PP. Os dejamos los datos completos en el arrabal.
joy,2896,0,original,Hace poco ordené mis libreros. La mayoría de libros que saqué los voy a donar pero se me ocurrió que por el puedo regalar estos por aquí (solo en Guayaquil). Los 3 los tenia duplicados así que están nuevecitos. Veamos si funciona cara llorando de risa Vamos a hacerlo simple*abro hilo*
joy,2621,0,original,Hoy hemos celebrado el con una serie de actividades muy interesantes en las que los alumnos han disfrutado mucho. Aquí os dejamos un resumen!
others,5436,0,original,"En foodtopia ,trabajamos intensamente en un escenario a corto plazo , donde el dinero será papel mojado , y el verdadero valor sera disponer de un plato de comida cerca de casa y de unos pocos vatios."
sadness,897,0,original,Triste que la oposición fascista intente una vez más un golpe de estado manos en oración manos en oración
sadness,1070,0,original,"Si esto no te conmueve, estás perdido."
others,6435,0,original,EL 11 DE LA JORNADA periódico Os traemos los 11 jugadores que más han destacado en esta jornada 34 flecha hacia la derecha
others,6388,0,original,Desde Cuenca en Ecuador siguiendo los comentarios de en el esperando se dé el resultado para celebrar el campeonato de saludos balón de fútbol cañón de confeti
joy,2541,0,original,¡Tenemos una gran sorpresa para ti! cara gritando de miedo ¡Visita nuestro Facebook! dorso de mano con índice a la derecha tono de piel claro dorso de mano con índice a la izquierda tono de piel claro
anger,962,0,original,"La gente que apoya a Maduro en Argentina a esta altura, siguen defendiendo la idea que todo lo que sucede en Venezuela es por culpa del ""imperialismo de EEUU"" ? Si existiera una definición de idiota en el diccionario, los pondría a ustedes como ejemplo."
anger,5459,0,original,¿Una persona de 16 años nominada para el Nobel por diputados de su país y líder de las protestas contra el cambio climático? ¿De verdad que esto está sucediendo? El mundo realmente se va al carajo....
anger,7593,0,original,"Maduro será un mal presidente y un incompetente, como otros muchos, pero el imperialismo yanqui y todos esos países que bailan al son de la música que marcan estos no pueden apoyar y consentir lo que es un auténtico golpe de estado al legítimo gobierno de"
joy,4711,0,original,"Que bien sienta saber que Vox no va a decidir por mí, gracias a todos por evitarlo"
others,2961,0,original,"Entonces, para mí, es el día de un fiel compañero."
sadness,382,0,original,Muy triste ver las imágenes de en llamas fuego Terrible. noiremos
sadness,463,0,original,El incendio en es el símbolo de la decadencia europea.
joy,4270,1,original,que golazo de Messi la puta madre
disgust,5367,0,original,"Si no fuésemos estúpidos/as,los gestores de nuestro sistema alimentario estarían en prisión, por actos criminales contra la naturaleza y la salud pública."
others,7989,1,original,Felicidad para los amantes de los libros e ira santa contra quienes se los roban.
others,1605,0,original,"El día para Casado no mejora, tras la debacle de , se acaba de comer un spoiler de y otro de"
anger,1241,0,original,"no más dilatación, no más mentiras, basta de creer que el pueblo sigue siendo tonto, los únicos tontos son sus 10mill de votos. El resto, exigimos paz y la NO intervención militar a . La paz es un deber latinoamericano."
others,4714,0,original,"Estoy defendido que pongáis el discurso de Abascal. Parad ya, no hace falta ponerlo enterito. Son la quinta fuerza"
surprise,4051,0,original,El Messi de hoy deslumbra! Que nivel
sadness,202,0,original,"La Arquitectura ve impotente cómo es consumida por las llamas la Catedral de Nuestra Señora de París. Joya arquitectónica del Gótico francés, se levantó estoicamente de otros incendios, pero nunca tan voraz como el de hoy. Las obras en su interior reducidas a cenizas."
joy,4132,0,original,"No es un centro de Jordi Alba, es un pase. Hermoso"
others,2436,0,original,"""Sofia es mujer para un rico y yo soy pobre y humilde"""
joy,7873,0,original,ARYA ERES LA PUTA AMA
surprise,658,0,translated_en,Mi Gosh corazón roto corazón roto Dolor en una parte del cuerpo... todo el cuerpo sufre dolor cara llorando fuerte cara llorando fuerte cara llorando fuerte cara llorando fuerte
disgust,4573,0,translated_en,debe rescatar 666 5th Avenue de Problema resuelto
others,4696,0,original,No sabia que hubiesen sacado una nueva de torrente...
others,1559,0,original,Invernalia se enfrenta a los Caminantes Blancos: así ha sido la gran guerra de (cuidado con los )
others,3135,0,original,¡Final! El Barça conquista su Liga número 26 tras vencer al Levante con un gol de Messi.
sadness,316,0,original,Fuerza Francia en esta hora triste. Pronto volverá hermosa Nuestra Señora
anger,8011,1,original,"- Que dejen de robar.- Que dejen de dar asco. Como ambas son imposibles, pues que se vaya a tomar por culo directamente."
anger,8379,1,original,"Disimular, disimular, no es que disimulen mucho los yanquis... cara llorando de risa cara llorando de risa cara llorando de risa cara llorando de risa Es lo que tiene tener un tarado unicelular de presidente, la mentira es demasiado compleja para él.."
disgust,3695,0,translated_en,"’s están adoptando la negación del cambio climático como el tema más reciente con el que impulsar su apoyo electoral, en colaboración con científicos que afirman que la histeria está impulsando el debate y ridiculizando ."
joy,2444,0,original,"Uff, día muy complicado porque la vida no entiende de celebraciones. Peeero, me paso por aquí para desearos un feliz , y, por supuesto, un feliz . Qué encontréis vuestros libros ideales y que los libros encuentren a los lectores que merecen"
joy,4402,0,original,JajaajajaaajaajajajajaajTwitter esta noche es lo mejor que nos ha podido pasar en el día.
disgust,2310,1,translated_en,Gran documental mis recomendaciones : Deja de mear alrededor con . Obtener que 1 000 millones de euros que apareció de la nada en 24 horas para y ponerlo hacia los puntos de carga de coches de energía renovable barato.
others,2755,0,original,No confíes en la gente que no lee nada de nada. Feliz día del libro.
sadness,7943,1,original,"Os habéis cargado a mucha gente que me gustaba en ,algunos ya sabía que caerían pero jo.. Me da pena igual cara llorando fuerte Tenía examen a las 8 y en vez de pensar en el examen estaba pensando: Que puta ama la Arya."
sadness,4253,0,original,Es triste que te toque ver la desde el trabajo el Día del trabajo cara llorando fuerte hombre con la mano en la frente tono de piel claro
anger,4690,0,original,"Malas noticias para las empresas, con subidas de impuestos de sociedades y renta. Y OJO! las empresas no son los empresarios solamente; son, ante todo, los trabajadores. A ver si se enteran."
others,3143,0,original,bandera españa balón de fútbol derrota al bandera españa balón de fútbol y se corona campeón de bandera españa trofeo Mira la noticia aquí dorso de mano con índice hacia abajo
others,6057,0,original,Este gif representa el capítulo de hoy
disgust,7269,0,translated_en,El personal de la catedral de Notre Dame no pudo encontrar el fuego durante 23 minutos después de que la primera alarma se apagara vía
others,3564,0,original,Es demasiado bueno Jordi Alba
fear,3368,0,translated_en,En una lucha por sus vidas.
others,6084,0,original,Entre los Vengadores y el capítulo 3 de a mi me va a dar una arritmia
surprise,1951,0,original,El 8x03 de es en 3 palabras:ÉPICO. MAGESTUOSO. TERRORÍFICO. Una película de 78 minutos llena de silencios y ruidos que hacen que no pestañees en muchos momentos.
sadness,7355,0,original,"No es extraño que los medios hagan eso, nos regimos según la cultura occidental, nuestra sociedad está cimentada así, hace 2000 años es así. Obvio que nos duele más la pérdida de que la de la mezquita. Lo que no quita que esta última no signifique también una pérdida."
others,2057,0,original,"Un consejo a quienes no han visto el 8x03 de Poneros a oscuras. Bajad todas las persianas. Poneos en ""modo cine"". No solo porque el capítulo es oscuro, si no porque bien lo merece."
disgust,611,1,translated_en,BOATENG obtuvo un MEDAL gratis por no hacer absolutamente nada cara revolviéndosis de la risa cara revolviéndosis de la risa cara revolviéndosis de la risa cara revolviéndosis de la risa cara revolviéndosis de la risa
others,8211,1,original,"Menos mal, porque si la ficción ya me acojonaba..."
others,2560,0,original,Empieza el . ¿Los ilustres y no sé si ilustrados candidatos serán capaces de hablar de en el ? ¿Serán capaces de (¡utopía!) citar a ? Veamos...
disgust,3652,0,translated_en,Estoy seguro de que no soy el único que piensa que esos billonarios franceses deberían donar a los pobres y dejar que una de las entidades más ricas del mundo (la iglesia católica) reconstruya su propia propiedad.
joy,7970,1,original,El mejor cápitulo de la puta historia. DISFRUTADLO
joy,4021,0,original,Mejor regalo del que ver ganar al
others,2431,0,original,Por el regale el de a creo que le va a gustar mucho
disgust,5536,0,translated_en,"Tenemos gente por todo el mundo que podría beneficiarse de tales donaciones caritativas. Sin embargo, se espera que se deban con lo que tienen. Esta iglesia está recibiendo más apoyo y caridad que cualquier persona o personas en todo el planeta."
others,4931,0,original,Menos de 80 escaños para el significa un auténtico descalabro a nivel económico. Podría peligrar su sede en Génova y el puesto laboral de muchos trabajadores... mucho ojo
surprise,2749,0,original,"Que gran noticia mi estimado amigo ,Ya 15k lectores de y los que faltan por leer este magnífico libro. Felicitaciones! libros"
anger,7913,1,original,Me cago en la putaaaaaaaaaaa
joy,4435,0,original,"Nunca habia sentido esto en cuanto a la politica. Estoy muy feliz, y con ganas de ir al trabajo y a donde sea y decir bien alto y claro lo que he votado y lo que pienso"
joy,8139,1,original,Follar está bien pero que gane la izquierda es otro rollo.
joy,3020,0,original,Además hemos conseguido provocar una sonrisa... Repetiremos Gracias al personal y a
joy,5262,0,original,"animo a todos , la lucha que empezó , empieza a ser la de todos los que nos gusta nuestro planeta"
anger,8000,1,original,"pobre es tu programa facha, insulzo y aburrido, donde haces odas triunfalistas a un equipo y organización corrupta, como lo es el"
disgust,3446,0,translated_en,El socialismo fracasó por la misma razón por la que cada ciudad controlada por los demócratas falla. Destruyen todo lo que crea riqueza y roban todo lo demás.
surprise,674,0,original,¡NO LO PERDONÓ! Capriles carga contra Maduro por estallar a un docente que exigió mejoras salariales: Qué trate de vivir él con sueldo de maestro
fear,6936,0,translated_en,"en serio, esto no puede estar sucediendo en una noche?? Sacar a sus técnicos, es una emergencia nacional!"
joy,939,0,original,Mis respetos para vos Fernando y un abrazo a este chico. Todo saldrá bien. Somos muchos los que queremos
others,3092,0,original,"En 1983 mi abuelo me regaló tres libros que definieron mi vocación: “Yo maté a Villa”, “La majestad caída” y “Viva Madero”. Nada volvió a ser igual."
fear,5700,0,translated_en,"Los ciudadanos patrióticos de decir que estás bastante cansado de todo, asustan a tus hijos cuando desobedecen a sus padres."
surprise,7961,1,original,El putisímo mejor capítulo de la historia
fear,3753,0,translated_en,Preocupado por la noticia de que hay algunos intentos contra el orden constitucional en . Oponerse a los intentos de cambiar gobiernos legítimos por medios no democráticos. A favor de resolver los problemas en el país a través del diálogo. Siempre con el pueblo de .
disgust,2464,0,translated_en,Lo que sería interesante es que todos los manifestantes recogieran basura y luego la llevaran a las puertas de aquellos que han estado desaparecidos usando nuestro dinero de impuestos y lo dejaran allí...
others,7153,0,original,MessiY punto
joy,4971,0,original,Qué maravilla la derrota de VOX cara llorando de risa cara llorando de risa cara llorando de risa cara llorando de risa cara llorando de risa
others,6095,0,original,Maisie Williams no se lo esperaba. ¿Y tú?
disgust,5066,0,translated_en,Gracias a Dios que usted y su jefe son irrelevantes ahora. Imaginen las armas químicas usadas contra civiles en como estaban en Siria.
sadness,7330,0,original,"Muy triste, lamentable lo q paso en pero la fé y la espiritualidad no esta en las paredes sino en nuestro corazón, aunque las perdidas históricas sean muchas, se recontruirá, asi sea!"
joy,4757,0,original,"España, te quiero, gracias por frenar a la derecha del odio y la división!!"
disgust,6300,1,translated_en,"No sólo este teta sigue hablando como un niño de 4 años, acaba de ser arropado cara llorando de risa cara llorando de risa . Los buenos valores del viejo Trump, simplemente tirar todo en él y ver si eso funciona. Tal vez usted debe dejar de construir la pared?"
anger,7988,1,original,En el un clásico. Para que aprendan de verdad que pasó en Chile en la oscuridad de la Dictadura. Se los recomiendo fachos reculiaos
anger,8175,0,original,"Antes, todos los conservadores estaban disueltos en el Ahora, simplemente, están identificados. Los de Voks son los fascistas que ha habido siempre en , nada más. Y son eso, cuatro ridículos homínidos.¡¡¡ESPAÑA ES ROJA!!!"
anger,3321,0,original,Yo firmo para que se pongan las pilas y trabajen duro en la política de fichajes porque no puede ser que hagas el ridículo y tu eterno rival te pinte la cara 8 de las últimas 11 veces en la . Fichajes de CALIDAD YA!! HAZARD YA!!
sadness,349,0,original,Es lamentable el incendio ocurrido en la Catedral de de Paris. En menos de un año hemos presenciado pérdidas incalculables en la historia de la humanidad. Hoy recuerdo el
disgust,3890,0,translated_en,"No hay escasez de personas diciendo a otros cómo gastar su dinero. tragedia es único y no debe ser comparado con otras tragedias. Además, lo pequeño que criticar donaciones significa restaurar el patrimonio cultural."
anger,4414,0,original,Que pena que muchos no hayáis sabido votar con cabeza… Y no creáis en nuestro país bandera españa bandera españa
sadness,268,0,original,Acabo de ver la noticia de y ¡ay! cara desanimada cara desanimada cara desanimada cara desanimada cara desanimada Fue de los lugares en los que más tiempo pasé mientras estuve en París. ¡Hermosísima por dentro y fuera! cara desanimada cara desanimada cara desanimada
joy,2882,0,original,"que buena idea, la verdad es que enamorarse de un libro o una serie y leerla al completo es de lo mejor.... que grato saber que piensas en estas cosas presidente un ejemplo mas de humildad y buen corazon libro abierto"
disgust,8103,1,original,"Que Bildu tenga 4 escaños me parece una vergüenza, que esa escoria terrorista pise un congreso demócrata me repugna"
joy,4194,0,original,Messi normal mi acaba manos en oración manos en oración manos en oración respect cara con manos abrazando
sadness,999,0,original,Mucha gente se esta dando cuenta que a pesar de que la inunden con informacion de no logran taparle el desastre que hizo Cambiemos con la Argentina.
sadness,78,0,original,Muchos de nuestros compañeros de como y tristes por lo ocurrido en la catedral de más a las 12:30pm en la con
sadness,7336,0,original,Muy triste.... muy muy muy triste. Una pena enorme en mi corazón por ver ardiendo este símbolo mundial del cristianismo manos en oración . torre de tokio círculo azul círculo blanco círculo rojo círculo azul círculo blanco círculo rojo
sadness,7324,0,original,"Cada vez nuestra sociedad está más polarizada pero ayer sufrimos una pérdida que nos afecta a todos por encima de ideas, países y religiones. Todos hemos sufrido una gran pérdida"
joy,4676,0,original,"Hoy la fiesta de la democracia la protagonizan ellos y ellas. Enhorabuena a Dani y a todas las personas que, como él, han ejercido un derecho que les corresponde y que antes no tenían. !¡Estamos felices!"
disgust,148,0,translated_en,"¿Me he perdido la parte de la vida donde todo el mundo necesita un seguro, excepto las iglesias?"
joy,4048,0,original,"Eres, serás y has sido lo mejor que el mundo va a ver como futbolista!!’ Eres un genio, un mago.... eres simplemente D10S Messi cara sonriendo con ojos de corazón cara sonriendo con ojos de corazón cara sonriendo con ojos de corazón"
joy,4135,0,original,Muy pero que muy difícil se lo tendrán que poner los al en la vuelta de las semifinales. El trabajo de los holandeses esta campaña es impresionante.
others,1819,1,original,Me cago en mi putisima madre con el episodio de me cago en toda mi puta vida y me cago en dios con acabamos de contemplar puta historia de la televisión.... máximo estado de shock...
anger,8147,1,original,"Solo una Izquierda inútil e incapaz de toda autocrítica como la que representan Unidas Podemas - IU y demás batiburrillo de confluencias, podría salir ahora dando como bueno perder 30 diputados."
anger,8159,1,original,España está loca del coño....
disgust,2374,0,translated_en,Explicación:- ingenuo y manipulado y autista. 0 ciencia conocimiento- hermana: Sólo puede caminar a la escuela con el pie izquierdo hacia adelante; exige que la madre hace lo mismo. Lanza rabietas si su caja de comida I etiquetado. Eso es sólo el comienzo - - -
joy,4660,0,original,"¡Tomaaaa! Estoy viviendo un momento único!!!¡¡El Psoe ha ganado en Murcia, no me lo puedo creer!!! Voy a llorar cara llorando fuerte cara llorando fuerte cara llorando fuerte"
others,6155,0,original,"Desde los orígenes, la humanidad ha tenido que hacer frente a una cuestión fundamental: la forma de preservar y transmitir su cultura, es decir, sus creencias y conocimientos, tanto en el espacio como en el tiempo"
surprise,1738,0,original,"Vale, acabo de ver el capítulo. HASTA ANSIEDAD ME HA DADO. Capitulazo corazón rojo (con una tila doble que me he tenido que tomar). Hacía muchos años que no se me ponían los vellos de punta con una serie/película. Gracias"
disgust,1953,0,translated_en,¿Por qué me importa si alguna iglesia en Francia está ardiendo? Los niños negros están muriendo a manos de la policía blanca y nadie está haciendo nada al respecto.
disgust,1185,0,translated_en,Chicos por favor informen de esta cuenta. Son una cuenta de troll y un solo stan. También se han burlado repetidamente de
surprise,1408,0,original,Empezamos el domingo votando y con un miedo casi parecido por el nuevo capítulo de ... puede pasar cualquiero cosa ¡Todos a votar!
fear,5418,0,translated_en,"Me preocupo por los ciudadanos en Donald, no hacer nada precipitado."
joy,2766,0,original,"Hoy he sido enormemente feliz de ver a estas personas que son mi ejemplo, que hacen historias maravillosas y que logran que tenga mil ganas de seguir leyendo y escribiendo corazón azul"
sadness,71,0,original,nunca llegue a visitar tan grandiosa construcción. Solo vista en imágenes y videos.. cara llorando fuerte
sadness,4384,0,original,Ojalá esté equivocada. Ojalá sean 4 años gloriosos para España. Pero recordad el día de hoy. Mañana no servirán las lamentaciones.
others,5592,0,original,Qué se ha salvado y qué se ha dañado en el incendio de
joy,1555,0,original,"Para mí, este siempre será el auténtico rey de la noche."
others,8275,1,original,Hay personajes que llevo demasiados minutos sin ver KESTAPASANDO
others,3273,0,original,trofeo ¡Esta Liga ya tiene dueño! círculo rojo círculo azul El vence al con un gol de y se ploclama campeón de rombo azul pequeño Es la liga número 26 del advertencia Ha ganado 8 de las últimas 11 ligas ( cámara con flash )
joy,5335,0,original,El grito de los jóvenes contra el cambio climático se convierte en global | Sociedad | EL PAÍS Orgullosa de escuchar cada día el grito de mis hijas contra el cambio climático símbolo de reciclaje globo terráqueo mostrando américa corazón verde
disgust,1921,0,translated_en,Es muy irrespetuoso para los ciudadanos que están sufriendo y huyendo de llamar lo que está ocurriendo ahora un golpe.
others,6951,0,original,Asamblea abierta por el movimiento : mañana a las 19 h en .
sadness,3992,0,original,Y lástima por que pudo ser un 5 o 6 a 0...
fear,1558,0,original,"Esta espera para el 8x03 me mata, pero tengo miedo de ver el episodio y cogerme un cabreo del quince."
surprise,6711,0,original,Ahora resulta que el gobierno Frankestein se ha llevado 14 millones de votos. No será tan monstruoso
fear,2265,0,translated_en,El 24 de mayo habrá una huelga climática en Islington Schools como parte de las huelgas escolares internacionales iniciadas Únete en solidaridad con la generación que sufrirá las consecuencias si no actuamos ahora. mano con señal de victoria corazones girorios globo terrestre mostrando américa
anger,8199,1,original,¿Que hay muchos hijos de puta? Sí. Pero parece ser que no los suficientes.
anger,6681,0,original,Dembelé y Coutinho se pueden ir a la Verga... Se tenia que decir y se dijo
anger,7097,1,original,"Yo no voto al socialismo ni al comunismo porque te rompen las rodillas, te regalan las muletas y te hacen creer que caminas gracias a ellos... Algún día el mundo lo va a entender, no hace falta ser de derecha ni liberal, hace falta ser coherente. bandera venezuela manos levantadas celebrando tono de piel claro corazón rojo"
fear,831,0,translated_en,“¡Quiero que entres en pánico!”
sadness,7383,0,original,"Curioso que la gente que llama a la Edad Media la ""Edad Oscura en que se atrasó la ciencia por culpa de la religión"" ahora esté llorando la pérdida de una de las más representativas Iglesias de la misma Edad Media."
surprise,3106,0,translated_en,"Grandes jugadores cambian de juego Messi sublime esta noche, Salah desapareció"
joy,4616,0,original,siempre he pensado que el rojo me sienta mejor que el azul... y punto. Na... ahora en serio: hay que ver cómo ha cambiado la historia... MENOS MAL! YA ERA HORA!!
anger,7784,1,original,Por lo menos ya hay uno los mal llamados ' líderes ' muy acomodado en la embajada de Chile!! Ma' bueno que es así!! Y los pendejos aguantando candela en las de pa' ponerlos a ellos a vivir cómodos
disgust,2662,0,translated_en,"La 'ironía' de los evangélicos de la libertad de expresión tratando de callarse abogando por el acoso que ella demuestra (en caso de que alguien estuviera en cualquier duda -yo no estaba) que su preocupación nunca fue la libertad de expresión. Despreciable, pero en carácter con aquellos que son toda boca, sin responsabilidad."
disgust,8169,1,original,ni derechita cobarde ni valiente mano con señal de victoria tono de piel medio
joy,3903,0,original,No se puede creer más lo de Messi!!! manos aplaudiendo tono de piel medio manos aplaudiendo tono de piel medio manos aplaudiendo tono de piel medio manos aplaudiendo tono de piel medio manos aplaudiendo tono de piel medio sos ENORME pulga
others,5837,0,original,urgen acciones contra masacre a personas en
anger,752,0,original,Ya no es ayuda humanitaria ahora es un intento golpista en su desespero de derrotar a uníos todos pueblo de
joy,2413,0,original,"Tengo empezados dos excelentísimos, pero adquirí “El niño que fuimos” de Alma Delia Murillo y deseo tanto devorarlo, que hoy siendo día del libro, no hay mejor motivo para abrirlo y disfrutarlo hasta terminarlo."
joy,1484,0,original,"Grande Aria, me cago en San Dios bendito!!!!"
others,3683,0,original,Loco hagan una resonancia a Vidal y averigüen si tiene más pulmones.. Es incombustible!
disgust,2631,0,translated_en,"Sé que soy un filisteo, pero la cobertura noticiosa de pared a pared de la angustia melodramática del desfile de expertos, políticos y parisinos afligidos está empezando a ponerse un poco delgado."
disgust,4794,0,translated_en,"875 iglesias fueron destruidas en Francia el año pasado, iglesias profanadas semanalmente por los migrantes, eso es un terror extremo, pero era inocente porque Macron lo dice, confía en las élites, saben más."
anger,7667,1,original,"Joder... por decir en un tuit que soy ateo y elogiar unos cánticos cristianos en , se me han echado encima una mezcla de católicos-fachas cara llorando de risa cara llorando de risa cara llorando de risa"
others,5907,0,original,Altamira a las 6:42 pm
sadness,75,0,original,"Va más allá de la religión, aunque sea un símbolo del cristianismo, sino que se perdió una construcción antigua e histórica que marcó a occidente. Los que festejan ésto son los que no ven más allá de SU ""religión"" o ideología."
surprise,2129,0,original,Creo que ha sido el capítulo que más he sufrido y disfrutado en mi vida. Ahora quien duerme???
sadness,263,0,original,"Me dan ternuras los tipos que creen que tenemos que estar ALTAMENTE conmovidos por Lo lamentamos profundamente, pero hay sucedido otras tragedias, y algunas que nos tocan más de cerca."
others,456,0,original,Mensaje de Su Alteza Real la Condesa de París por el incendio de la Catedral de
joy,2099,0,original,MAGISTRAL. No he escuchado música que pueda explicar tan bien sin palabras lo que sucede en una escena. Pelos de punta.
anger,1220,0,original,Trump amenaza a Cuba para que cese su apoyo a Maduro. Se está liando muy gorda.
disgust,6922,0,translated_en,"Creo que la cobertura de esta mañana por el incendio de Notre Dame superó su cobertura total de la Guerra Civil Yemení desde que comenzó en 2015. La proporción es, o debería ser, un factor clave en la edición de noticias."
surprise,6965,0,translated_en,Wow - & hará para los compañeros de cama interesantes...
joy,1935,0,original,Apreté los puños y aguanté la respiración por 80 minutos! Que combate y final de episodio!
others,764,0,original,La policía de reprime gravemente a manifestante a favor del gobierno de
joy,4596,0,original,"Estoy súper feliz, estoy súper feliz!"
anger,7814,0,original,el imperialismo sólo pudo demostrar con ese intento desesperado de la unidad y la confianza del pueblo de en su presidente constitucional . El pueblo cubano respalda a .
others,6907,0,original,Esto es parte de un movimiento mundial por el medio ambiente en el cual los niños están reclamando a los adultos acciones inmediatas para detener el cambio climático.
anger,8344,1,original,Por una vez que ardo en deseos de escuchar declaraciones de Pablo Casado y lo que me está haciendo esperar el cabrón.
anger,244,0,original,"En lugar de gracias.. Hay unos cuantos que comerían varios días con esa corona, cruz y no sé cuántas cositas más.. No???"
others,5709,0,original,¿Alguien sabe porqué el Papa Fco. No ha dicho nada de ?
surprise,4353,0,original,Lo que hace Messi no es ni medio normal. Un dios
others,5117,0,original,Solo espero que el intercambio de libros entre y no sea ahora también intercambio de sillas y vayan juntitos
joy,1761,0,original,El capitulo de 8x03 es exageradamente bueno. ¡¡¡Evita los !!!
sadness,7455,0,original,"La pérdida irreparable que acaba de sufrir la historia de la humanidad ha sido transmitida en vivo a todo el mundo, que desgracia y que pérdida tan grande"
others,4940,0,original,"grita la calle. Ojalá sea verdad. Cosas que tener en cuenta y no dejar de vigilar, esos peligrosos 24 escaños, pero una buena noche. La izquierda se ha movilizado por fin."
others,6602,0,original,Salah le hará la gracia al Barça?
disgust,7822,1,original,"¿Qué clase de líder democrático llama a la violencia, la celebra y la justifica? Pues la hipócrita derecha"
surprise,5056,0,translated_en,Sólo quería hacerles saber que realmente amo a Arya.
others,5071,0,original,"Dice Abascal que España unida jamás fue vencida y jamás será vencida. Estoy de acuerdo con el, se ha demostrado hoy."
disgust,6957,0,translated_en,"No soy para nada religioso, pero esto me hace sentir muy incómodo, en general suena como si fuera a ser reconstruido, pero después de todo lo que pasó, ¿por qué ahora?"
disgust,4053,0,translated_en,"""Capitán Strickland""En serio lo llama con nombres de personajes de Not Great Britain, ¿no es así?"
joy,2947,0,original,¿Cuántos libros se han adaptado al cine? ¡Feliz ! libros libro abierto Mira 5 en punto película basada en novela homónima premio con Mírala aquí YA DISPONIBLE bandera perú cámara de cine televisión
disgust,2007,0,original,"Ella mato caminantes con su arco, lucho con un arma diseñada por ella misma, sobrevivió a los caminantes dentro se Wintterfel Y HASTA MATO AL REY DE LA NOCHE!!! Y que hizo Jon? Se intentó dejar matar"
sadness,42,0,original,Sin palabras por otra perdida cultural. en Notre Dame
anger,3742,0,original,"Por favooor, esos comentaristas de ESPN ya van a empezar a querer proteger al NO HAY PENAL por ningún lado"
joy,6521,0,original,En 8 minutos Messi resolvió el encuentro. 3-0
sadness,7508,0,original,Lamentable lo que se está viviendo en venezuela. Dios sea con ustedes.
others,510,0,original,"El jorobado, preocupado por . Lógico."
fear,7614,0,original,Me preocupa que la suma PSOE Ciudadanos da mayoría absoluta...
surprise,6896,0,original,Creo que nunca había seguido unas elecciones con tanto interés. Estoy cambiando de canal compulsivamente. cara sonriendo con ojos sonrientes
disgust,4874,0,original,"Gente, que Hitler hablaba muy bien y tenía un discurso patriótico maravilloso, pero era un fascista."
fear,5065,0,translated_en,"alto voltaje Pres. advierte: Si las fuerzas cubanas no cesan inmediatamente mil. y otras operaciones con el propósito de causar muerte y destrucción a la const., un embargo completo y completo, juntos con sanciones de alto nivel, será puesto en ."
others,3006,0,original,"aviso, me acabo de comprar esta ganga por dos y 1/2 luquitas, están dando dos por 5 mil en nueva providencia 2160 local 46 pulgar hacia arriba tono de piel claro"
surprise,1621,0,original,AAAAAAAAAAH POR DIOOOOOOOOOD QUE CAPITULO!!!!!!!! ME FALTAN MAYÚSCULAS
anger,7781,1,original,Miren el hijo de puta.. Como todo comunista
others,5072,0,original,ESPAÑA. acepta la derrota y ofrece a la dispocisión de gobernar
sadness,7322,0,original,"Si que me fastidia leer mensajes de tipo: “lloran lo de Paris y en Siria q?” Nunca los he entendido, una tragedia es mayor o menor según su lugar de origen? cara pensativa todo las tragedias, castareofes o demás ocurridas en el globo terráqueo mostrando américa son igual de lamentables"
joy,5078,0,original,Hoy España ha demostrado que quiere dar un paso hacia el futuro. Gran resultado en las para el . Mi más sincera enhorabuena por los buenos resultados!!!
disgust,1930,0,translated_en,"Y una declaración de ""no"" dentro de HORAS de un INFERNO derribando a 850 años de edad ICON de Civilización Occidental?? es GRANDE en la historia moderna, aparte de interminables mentiras."
others,4888,0,original,sean cuales sean los resultados de las recuerda que no habrá nada más raro que la película fotograma de película de nuestro próximo programa. Mañana “El Caballero del Dragón dragón “
joy,5457,0,original,"Talvez no debería iconizar a , pero es una jóven mujer tan valiente, inteligente e inspiradora, que no puedo más que decir que soy su fan. Me motiva a hacer más por nuestro planeta."
anger,4447,0,original,Rivera es un impresentable... incluso cuando obtiene un buen resultado
anger,8277,0,original,Que pesaos con Juego de Tronos...
sadness,266,0,original,"+ graves) no se rinden, me da pena que se les valore tan poco el trabajo que realizan, no sabéis la de historias que me a contado mi padre y de las cuales os pueden llegar a sorprender. Sin ellos no sé qué haríamos"
surprise,6007,0,original,Me ha explotado la cabeza con el último episodio de cara gritando de miedo cara gritando de miedo cara gritando de miedo cara gritando de miedo
others,2825,0,original,Día del Libro | Cultura | EL PAÍS“Hay algo que es común a un escritor y a un lector: la necesidad de enfrentarse al misterio de la vida”“Los libros encienden el alma” Los libros acompañan el viaje solitario de la vida.
anger,1334,0,original,"Rechazamos enérgicamente la amenaza de bloqueo total y completo de contra . No hay operaciones militares, ni tropas cubanas en . Llamamos a la comunidad internacional a detener peligrosa escalada agresiva y preservar la . Basta ya de mentiras"
surprise,5209,0,translated_en,No puedo esperar a la cara GIF de Klopps después de esa ridícula patada libre
others,7077,0,original,"A seis días sin luz, Venezuela anuncia restablecimiento total"
sadness,7340,0,original,Las imágenes de la devastación con no nos han dejado indiferente a nadie cara llorando cara llorando . The devastating images of in have left none of us indifferent. cara llorando cara llorando
disgust,3456,0,translated_en,Estandarte para un gobierno de mierda que pierde su poder.
anger,117,0,original,"Lo de es muy triste, obvio. Lo único bueno que nos ha dejado la iglesia son obras musicales y arquitectónicas maravillosas, pero como siempre, reaccionamos al dolor europeo y no a otros. El bosque nativo es más antiguo que esa iglesia y lo queman por negocio ojos"
sadness,1859,0,original,Aquí el personal preocupado a ver cuantos votos tienen unos y otros y yo no puedo dejar de pensar en quien va a morir esta noche!!!
joy,1633,0,original,"Estoy viendo el tercer episodio por segunda vez, mucho mejor, claro está, ahora lo voy a disfrutar"
joy,2786,0,original,"""Amo la soledad de leer,amo zambullirme en la historia de un buen libro,amo el delicioso dolor de la última página"" libros bebida caliente"
others,7149,0,original,"Jornada 35. Atlético Madrid 1-0 ValladolidEstadio Wanda Metropolitano, Madrid, España."
others,5917,0,original,Maduro asegura que tiene 'total lealtad' de jefes militares
anger,671,1,original,"ya sacó de la carcel a y tu ni cuenta te diste... seguro que te volviste a miar. Te sale paredón, la mejor estilo Cubano, por traidor a la Patria"
anger,773,0,original,"Si se trata de apoyar golpes de Estado, la derecha es especialista. De qué se sorprenden?"
others,1999,1,original,Bueno... veremos morir... Eso sí vemos algo... porque la calidad es un verdadero truño.
disgust,2952,0,original,¡¡Han traído libros!! Sánchez y Rivera dando un poquito de vergüenza
others,4026,0,original,Despues de ver la y el baile que le pegó el al a quien chingados le interesa el
sadness,1848,0,original,Así me ha dejado Arya
disgust,5235,1,translated_en,En caso de que no lo supieras ya.
others,5636,0,original,Ya estamos afuera de la catedral de despiendola como ella hubiera querido
others,6351,0,original,Foto: Llevar un brazalete de capitán es esto
others,3841,0,original,"Duelo muy parejo la debilidad del es la defensa y prueba de fuego para el central Van Dijk, el su debilidad es a que 11 juega Valverde en la media."
surprise,4368,0,translated_en,¡También la daga que se suponía que iba a matar a Bran lo salvó al final!
others,3200,0,original,"exclamación e interrogación El máximo goleador del Real Madrid, duda para el choque frente al Betis vía ."
others,6310,0,original,te recomiendo leer la tregua de Mario Benedetti
others,4136,0,original,Bueno pues ya termino la ahí nos vemos el siguiente torneo
joy,4756,0,original,"Me encanta ver Génova así!!!!! Vacío, por fin se les está dando un escarmiento!!!! No más robos!!!!!"
disgust,245,1,translated_en,"Quizás para el Día Mundial del Libro, puedan leer un libro y dejar de ser tan estúpidos, ¿de acuerdo?"
anger,8320,1,original,Un idiota culpando a los islamistas sin pruebas y haciendo fotomontajes. Otro idiota diciendo que el que te duela lo de notre dame quiere decir que no nos duele el hambre en el mundo. Twitter está plagada de imbéciles!!
joy,2691,0,original,"Festejamos que hoy es pero el conocimiento tiene ser libre, colectivo y sin derechos de autor. ¡Viva el !"
others,2148,0,original,Descripción gráfica de la pelea entre Arya y NK
anger,755,0,original,Para qué van a la embajada donde los venezolanos exiliados están manifestando pacíficamente a gritarles a favor de Maduro?
anger,8345,1,original,"Efectivamente, putos fachas de mierda: España, unida, jamás será vencida"
sadness,7408,0,original,"Lamentable lo acontecido en Paris hoy. es un símbolo de la Cristiandad, el daño que está sufriendo es un golpe directo a la sociedad cristiana. Esperamos a ver cómo ha sido causando el incendio que impactó en la Catedral y que se haga lo posible por reconstruirla."
disgust,6649,0,translated_en,Independientemente del gobierno que sega a sus ciudadanos en las calles como en debe retirarse inmediatamente. Ellos han perdido su autoridad y la voluntad de la gente cuando esto sucede. debe salir hoy
surprise,167,0,original,"Impresionante, tienen listos los robles para reemplazar estructura dañada y hasta un sacerdote bombero había, gracias a un protocolo de seguridad que implementaron hace décadas . Wow!"
disgust,3483,0,translated_en,Veo y Dembele está en el banquillo; dos gloriosas oportunidades smh
joy,2964,0,original,"Lectora incansable, es una autora que no te deja indiferente. Feliz"
others,6389,0,original,Ya estamos celebrando el campeonato de del Barça
others,3364,0,original,FINAL | El Atlético se impone al Real Valladolid y obliga al Barça a ganar esta noche al Levante para cantar el alirón. Así está la CLASIFICACIÓN
sadness,7349,0,original,"La putada de lo perdido, es el impacto en el turismo que pueda acarrear para Paris, que si apenas sufrió una perdida de turistas de un ridiculo 1% tras los atentados... No creo que tras el incendio de sea significativo para la ciudad"
disgust,4448,0,translated_en,"¿Quién quiere apostar va a publicar una declaración sobre ""Ese no es mi tipo de socialismo"""
fear,2149,0,translated_en,Cataluña es un problema mucho más grande que lo que los debates pueden marginar. El hecho mismo de que se trate de un tema electoral habla de un gran número de problemas por venir incluso después de las elecciones.
others,6426,0,original,bicampeón de con el Barça. Arrasador lo del ganando 8 en 11 años.
sadness,194,0,original,"Un dolor terrible , se quemó la iglesia de ... en París ... Algo que ya tenía que conocer .. mí sueño cara llorando fuerte"
disgust,8196,1,original,"Que vergüenza, nos vamos a la mierda pero cuando lo queráis ver ya será demasiado tarde, mucho asco hacia pero habéis votado a un presidente que pacta con independentistas y terroristas cara vomitando"
joy,2164,0,original,Hoy he leído cosas tan bonitas en razón del ojalá así fuera Twitter todos los días. corazón morado
others,922,0,original,"Pues claro que te entiendo, te entendemos perfectamente! cara llorando Esto que vive es y dorso de mano con índice hacia abajo dorso de mano con índice hacia abajo dorso de mano con índice hacia abajo"
surprise,2020,0,original,Aquí lo que necesito es que alguien me explique sobre Melissandre!!! Ella sabía que el señor de la Noche iba a ser derrotado? Ella desaparece con él. Había conexión? Y en donde quedó la profecía del elegido!? Osea!? Necesito respuestas!
disgust,2579,1,translated_en,Es una marioneta globalista que vende la estafa climática como parte de la ofensiva emotiva general.
others,6502,0,original,Hoy repetirán como loros ''Pese a Valverde y su inoperancia somos campeones de ''
sadness,1955,0,original,Qué decepción. Pensaba que al Rey de la Noche lo atropellaría Cersei a lomos de un elefante.
surprise,700,0,translated_en,"Así que hubo un debate de líder anoche? Estaba viendo Arya Stark siendo un jefe en, ¿qué me perdí?"
anger,1008,0,original,Que no se equivoque Mr Trump con los cubanos queriendo justificar su nuevo fracaso contra . Aquí no comemos miedo.
disgust,1796,0,translated_en,"Sí, yo soy el que en la negación ... sin embargo, son todos ustedes (Conservadores) que creen que el problema con el capitalismo. ¡Buena! (1)"
sadness,7235,0,original,"Es siempre así. Cuando la oscuridad y la tragedia parece inundarlo todo, la luz de Cristo se abre paso para hacer renacer la esperanza."
sadness,5663,0,original,Oh si ... tristísimo lo de
others,4139,0,original,"Me encanta el fútbol de estos dos equipos Pero siempre voy por los catalanes, pulgar hacia arriba tono de piel claro medio"
joy,1369,0,original,El mejor puñetero capítulo de la historia de las series. INIGUALABLE. Cásate conmigo!
disgust,2258,0,translated_en,¿Por qué siempre está preocupado por la gente en otros países y NO en las ciudades americanas?
others,6905,0,original,La inacción en el cambio climático el mayor fracaso de la historia' Greta Thunberg.
others,7145,0,original,Es Campeón 2018/2019Es lo mejor Club da Europa Es fcbarcelona Es Més que un Club. en Estadio Camp Nou F. C. Barcelona
others,2724,0,original,"Se acaba de liberar en el Camino de Santiago,cerca de San Juan de la Arena,el libro ""los dioses guardianes"" . Queremos fomentar la lectura y la"
joy,3496,0,original,Habrá alguna Alma generosa que me invite a ver la final de la cara radiante con ojos sonrientes cara radiante con ojos sonrientes cara radiante con ojos sonrientes cara radiante con ojos sonrientes pulgar hacia arriba pulgar hacia arriba pulgar hacia arriba pulgar hacia arriba
disgust,3178,0,translated_en,El meollo de la pregunta es por qué a los jóvenes como a los jóvenes se les otorgan los privilegios de los adultos en primer lugar cuando no califican.
sadness,165,0,original,"Pena, frustración, impotencia.... duele pensar que a penas queda nada.... cara desanimada"
anger,7575,0,original,Ya está el “señor” de VOX diciendo gilipolleces. Sabrás tú lo que es una veleta. Ahora vas de víctima hombre con la mano en la frente tono de piel claro
joy,6399,0,original,Nuestro lema lo dice: MÁS QUE UN CLUB.¡Campeones de ! trofeo
others,3731,0,original,balón de fútbol Hoy se juega la segunda Semifinal de Ida por trofeo globo terráqueo mostrando europa y áfrica Dale RT repetir si apoyas al bandera españa o MG corazón rojo si tu favorito es el bandera inglaterra Y sigue todos los detalles en dorso de mano con índice a la derecha tono de piel claro medio
joy,4421,0,original,Superado 50% del escrutinio la victoria del es aplastante y el descalabro del histórico. Los socialistas podrían gobernar con o con y apoyos de . no vería cumplidas sus expectativas
sadness,7495,0,original,La situación de es lamentable. Eso pasa cuando se le confiere todo el poder a una sola persona...
others,3030,0,original,"EN EL , CUÁL ES TU LIBRO, AUTOR Y GÉNERO FAVORITO???"
others,5000,0,original,"Cada vez, el rechazo a la opciones radicales es más grande bandera españa"
anger,8350,1,original,"Mucho gilipollas estoy viendo, luego que si hay que respetar a todos pero a ver si nos aplicamos el cuento... ME ENERVO"
others,6295,0,original,pero viveee aunque sea leyendo
disgust,4962,0,translated_en,Barca se ve horrible en la parte de atrás
fear,1362,0,translated_en,¡Los pueblos de Europa occidental deben despertar a los peligros a los que se enfrentan!
others,7799,0,original,"Con las esperanzas de todo el continente se ven levantadas con Fe y Fuerza, pronto estaremos libres de la lacra del Siglo XXI y sobre todo de tiranos dictadores como , los y sus . Adelante"
joy,1829,0,original,"INCREÍBLE, ESPECTACULAR, ÉPICO, el capítulo de hoy. En tensión hasta el final."
anger,362,0,original,"Osea sí, mal pedo por lo de , al fin y al cabo es Patrimonio. Pero así debían hacer drama mil cada que se extingue una especie animal."
joy,652,0,original,Para mi siempre será un placer enorme escuchar a Don Mil gracias por buscar la manera de mantenernos informados y no dejarse amedrentar por los que quieren tenerlo en silencio... Dios lo bendiga bandera venezuela
anger,7702,1,original,Defendiendo al inútil tirano comunista que ha arruinado al país más rico de Hispanoamérica.... Penoso...
fear,7606,0,original,2.000.000 de votos cara con la boca abierta cara asustada ¡QUÉ MIEDO! cara de náuseas cara vomitando
joy,6033,0,original,CON DOS COJONES SI SEÑOR
anger,989,0,original,Que manera de vender pescado podrido. Evidentemente saben a sus electores como personas no pensantes. Sino no se entiende.
joy,2633,0,original,"Sueños nube , viajes cohete , historias edificio clásico . Los libros nos llenan de aprendizaje. ¿Cuál es la mejor experiencia que te ha regalado un libro?"
anger,7766,1,original,Estás mierdas solo ocurren en España.
others,6599,0,original,trofeo balón de fútbol ¡Comenzó el complemento! botón vs 1-0 móvil con una flecha ordenador portátil Incidencias del encuentro flecha hacia abajo
joy,2197,0,original,Desde el Dpto. de Lengua y Literatura lanzamos el I Concurso de Relatos “¿Qué es un libro para ti?” y los resultados han sido asombrosos. En el enlace puedes leerlos y ver los premiados. ¡Enhorabuena a todos!
anger,4678,0,original,o Unidas Podemos han tenido una debacle histórica. Los únicos culpables son Pablito y su camarada trepa Qué se podía esperar. El “sí se puede” ya huele. El 15M ya no lo recuerda nadie. Fracaso
joy,4955,0,original,Creo que me voy a acostar con esta carita cara radiante con ojos sonrientes
others,5510,0,original,"Dices que amas a tus hijos por encima de todo, y sin embargo, estás robando su futuro frente a sus ojos. , Activista contra el cambio climático. caracola hojas revoloteando al viento chispas"
sadness,7484,0,original,Que angustia la misma sensación cuando estábamos viendo la baranda CNE la siento ahora
others,5720,0,original,Hay un riesgo inminente de derrumbe de una de las campanas que pesa 13 toneladas
fear,7948,1,original,Qué mal lo paso con las batallas joder... Temblando estoy
others,2643,0,original,"Hoy en el he comenzado a leer Choque de Reyes, el segundo libro de Canción de hielo y fuego, mas conocido como la saga de Juego de Tronos."
joy,3082,0,original,Feliz día para todas las personas que disfrutan del valor de los .
joy,4417,0,original,Tío la peña es muy ingeniosa con lo de las me estoy estallando JAJA
disgust,7925,0,original,"Qué borremos spoilers dicen, hay que ser un adalid de lo políticamente correcto y muy idiota para decir eso en Twitter"
disgust,2270,0,translated_en,¿Por qué todo el mundo debe juzgar a todos los demás acerca de sus propios sentimientos? El hecho de que estés abiertamente triste por la Notre Dame no significa que no te importen los asuntos de otro mundo (o locales).
others,6137,0,original,En niños realizan presentación para conmemorar el día del Libro libros libro abierto clip reforzado también la lectura mediante investigaciones en nuestros espacios CBIT profesional de la tecnología mujer profesional de la tecnología hombre
disgust,5609,1,translated_en,Es una pena que muchos se hagan idiotas diciendo que Notre Dame es propiedad de la Iglesia Católica cuando ha sido propiedad del Estado durante más de 100 años tarda 5 segundos en buscarlo.
sadness,2924,0,original,Este me agobia recordar que todos mis libros no me han podido acompañar en cada mudanza.
fear,282,0,translated_en,"La segunda etapa en dos semanas. Si marca un gol, Liverpool tiene que marcar 5 goles para ganar el empate!?? ojos cara pensativa cara con mano sobre la bolsa balan de fútbol corazón rojo"
others,3610,0,original,"Por favor, velo una y otra vez..."
joy,4615,0,original,Muy orgullosa de mi Euskadi. Mucho.
joy,2216,0,original,Esta animación es sencillamente preciosa!!!
disgust,1400,1,translated_en,"Hasta ahora más de 1 mil millones de dólares han sido donados para reconstruir la Notre-Dame. Déjelo. Siga adelante. Aprecie los recuerdos y ponga dinero en el futuro, no en el pasado."
sadness,5753,0,original,Incendio en la catedral de Notre Dame: la historia arde en bandera francia cara decepcionada Toda nuestra fuerza.
fear,1289,0,translated_en,"Francia y otros países han conmovido profundamente el globo terráqueo mostrando europa y África . En estos momentos en que nuestra empatía despierta nuestra generosidad, debemos tener cuidado. Los desastres y la crisis humanitaria son a menudo objeto de falsos llamamientos a las donaciones."
sadness,7460,0,original,"La tragedia del incendio , pérdida invaluable para la humanidad. Como debió haber sido el incendio de la Biblioteca de Alejandría. No sólo perdió Francia, perdimos toda la humanidad"
surprise,1391,0,original,Acabo de ver el mejor capítulo de la historia de juego de tronos. Sin palabras.
sadness,115,0,original,"es raro ya que las gárgolas eran las que cuidaban la iglesia o bueno hací se dice, y las gárgolas fueron restauradas para la remodelación y en eso Notre Dame lo consumen las llamas"
others,1154,0,original,Tanquetas arremeten contra manifestantes en
surprise,175,0,original,va a donar 140 millones de euros para restaurar . Adivinen cuantos euros dona a países pobres? La respuesta les sorprenderá
others,8220,0,original,"No se que tiene más emoción, el escrutinio o las votaciones de Eurovisión. Que peñazo."
disgust,5335,0,translated_en,hack y Obama flunkie piensa que la gente que lucha por la libertad contra un dictador socialista ilegítimo es un golpe de estado.
surprise,2081,0,translated_en,¡Qué gol más increíble!
others,2772,0,original,"| Existen condiciones para leer un libro como la motivación, el interés, la concentración, la perseverancia e imaginación. Con cara sonriendo ayudamos a niñas y niños a tenerlas, y a ser cada vez mejores estudiante mujer estudiante hombre"
disgust,1352,1,translated_en,"Y su mayor razón es porque está afiliado a la Iglesia Católica. Eso es fanatismo, damas y caballeros. Un sitio histórico con arquitectura y arte de una época que ha pasado hace mucho 1/"
surprise,4194,0,translated_en,Así que acabamos de darnos cuenta de que pedimos la prueba oficial de nuestras memorias de Amazon Books en el Día Mundial del Libro! cara sonriendo con estrellas manos en oración tono de piel claro libros ...
disgust,1443,0,translated_en,"Los secularistas/anarquistas/feministas han tenido su odio por los católicos conservadores en Francia durante mucho tiempo, no descartes sus motivos."
sadness,7651,0,original,Cuasimodo y sus gárgolas lloran
joy,3431,0,original,FINAL trofeo El Barça gana al Levante con un gol de Leo Messi y ya es CAMPEÓN DE LIGA 2018/19. ¡¡¡Felicidades al y a todos sus aficionados!!! manos aplaudiendo manos aplaudiendo manos aplaudiendo
joy,2366,0,original,"Leer libros es la base para pasa salir de la ignorancia, liberar tu mente al ampliar conocimientos y así poder tener tu propio criterio. libro cerrado libro verde libro azul libro naranja libros libro abierto"
joy,2475,0,original,"En el libros rosa mi agradecimiento especial a corazón rojo y espadas cruzadas por descubrirme a y cara guiñando el ojo No hay duda, detrás de una gran serie SIEMPRE hay un escritor aún mejor manos en oración THANK YOU cara lanzando un beso"
sadness,648,0,original,"Venezuela Está Como la Chica Que Te Halaga en la Mañana y Cuando Le Intentas Caer al Final del Día, Te Dice Que Te Ve Como Amigo /// Los Mismos Sentimientos /// Que Quieren Que Les Diga, Sigo Enamorado de"
joy,3551,0,original,"Klopp diciendo que el mejor era Pelé, cara llorando de risa cara llorando de risa cara llorando de risa cara llorando de risa Toma Pelé!!!"
joy,57,0,original,La buena noticia es que gracias a sus fotos ahora todos sabemos que se construyó en 1163 cara con ojos en blanco cara con ojos en blanco cara con ojos en blanco
anger,7990,0,original,"Antes escribía, editaba e imprimía 1.000 libros por $1.000. Ahora me cuesta casi 10 veces más porque no son libros revolucionarios. Y como la mayoría de la gente está mamando y loca, simplemente solo escribo, edito y publico en Amazon y otros sitios WEB."
fear,3433,0,translated_en,"""El primer ministro Edouard Philippe dijo a los reporteros que esperaban ""una nueva aguja que se adapte a las técnicas y los desafíos de nuestra era."" Temo pensar lo que eso podría significar:"
joy,2997,0,original,"Canciones y juegos para interactuar con niños, niñas y jóvenes en la ""Fiesta de la lectura"" es lo que se está realizando en estos momentos en la Unidad Educativa ""Rafael Larrea""."
joy,2008,0,original,"Pedro está dando muchas alegrías a la militancia socialista, pero también a los españoles en general. cara con ojos cerrados y lengua fuera"
disgust,7818,1,original,estas escondidos cuerda de Ratas y Narcotraficantes? A correr y esconderse como las ratas! Es lo que les queda! Tic tac balanza Justicia Divina!
disgust,5089,0,translated_en,Difícil de argumentar con esta lógica.
joy,2078,0,original,Acabo de ver y solo puedo decir que es lo mejor de este jodido mundo! cara sonriendo con estrellas
others,392,0,original,"""Convocaremos a los mejores talentos del mundo para reconstruir "" Macron desde el alma."
others,6561,0,original,No fue este el gol 600 de ?
joy,2350,0,original,No hay cosa más hermosa en el mundo que los libros. dos corazones
anger,8164,1,original,"Señor Sánchez si quiere un país que mire al futuro, deje de remover la mierda del pasado."
joy,1503,0,original,"INMACULADOS los hombres valientes que cubrieron la retiradas de las tropasSu nombre da honor a su reputacion Su temple, la disciplina y no tener miedo a nadaJamás los olvidaremos!"
joy,3514,0,original,El nunca perderá cuando Messi este en estado de gracia.
disgust,3501,1,translated_en,"La opinión de Nick nos recuerda que A) es sabio más allá de sus años y B) el ""reporting"" y las opiniones que obtenemos de la televisión/impresión convencional está más allá de una broma."
joy,4301,0,original,"Yo no sigo al Barcelona pero uno tiene que ser muy ciego o muy pendejo para criticar la calidad de fútbol de , por favor es el amo de los tiros libres!!! Su fútbol es único. Que hermoso es disfrutarlo."
joy,6349,0,original,botón de marca de verificación 8 títulos en 11 años botón de marca de verificación Su título número 26 ¡Enhorabuena al Barça! Campeón de
surprise,4865,0,translated_en,"Aparte del altar mayor recientemente instalado, ninguno de los artefactos dentro de Notre-Dame fueron dañados el arte, las tallas, las estatuas, las ventanas, el órgano, todo, a pesar de los temores anteriores, están intactos."
others,8257,0,original,"Jajajajaja el ""meon"" y sus cosas."
others,2371,0,original,"Conoce los rincones del y este visita el Centro de Documentación Francisco Gamoneda, se encuentra en el Antiguo Palacio del Ayuntamiento. corazón rojo"
sadness,7269,0,original,"Hoy me solidarizo con todos mis amigos franceses. Siento tristeza por la pérdida parcial de la de . Se tardarán tiempo en reconstruirla, pero en un país de pujanza y desarrollo, se que lo lograrán!! Foto: copyright J. Garzón Todos los derechos reservados"
joy,203,0,original,"En una ocasión paseado a orillas del sena te encontramos majestuosa delante de nuestros ojos y ahora con el pueblo de seguro que muy pronto volveras a brillar así ,que no te quepa la menor duda querida"
joy,4860,0,original,"Los derechos ganan a las derechas, no puedo estar más feliz hoy manos aplaudiendo tono de piel claro manos aplaudiendo tono de piel claro manos aplaudiendo tono de piel claro manos aplaudiendo tono de piel claro"
joy,2681,0,original,Y hoy en el quiero felicitar a la lugar hermoso que alberga miles de títulos y fue un refugio para mí en mis días grises. ¡Qué más títulos y humanos ansiosos de leer entren a ti! cara sonriendo con corazones
others,7007,0,original,"mapa mundial de la campaña basado en , en su cartel incluir"
sadness,4079,0,original,Como esta sufriendo el Barcelona
disgust,364,0,translated_en,"El clima es una nueva religión en Alemania también, gracias a (no) cara cabreada"
sadness,6003,0,original,Ojalá que la final no sea tan agridulce con pizcas de decepción como la de
anger,8087,1,original,"Oye ibai, castea el gol de . Déjate de y de mierdas de esas, ya si eso luego."
joy,2881,0,original,Leer proporciona una mejor visión del mundo cara de empollón ¡Feliz y ! libro abierto
surprise,1552,0,original,El modo en que conecta con el ideario actual a través de una tragedia griega pasada por el tamiz del mito histórico y la fantasía clásica. Porque en realidad estamos ante una enorme tragedia griega. Es asombroso. Pelos de punta.
sadness,7444,0,original,"Qué tristeza las fotos del incendio de la catedral de , es una gran pérdida para la humanidad. Así de bella e imponente dorso de mano con índice hacia abajo tono de piel claro"
anger,1134,0,original,Cuando los rusos intervienen no veo a ningún socialista del siglo 21 defendiendo la soberanía de la patria de la que tanto les gusta hablar. Todos son cómplices de la situación inhumana en Venezuela.
others,5690,0,original,"Donaciones para reconstruir : Arnault dará 200 millones y Pinault, otros 100 vía"
others,1703,0,original,"No es gol de tu selección, es el fenómeno televisivo llamado . Locura."
disgust,3943,0,translated_en,Muy irresponsablemente el Sr. John Bolton sigue mintiendo con la máxima frialdad y cálculo político para tratar de engañar al mundo y a sus propios jefes. Este caballero necesita ser cuidadosamente supervisado y monitoreado.
anger,7744,1,original,Por que no te callas o mejor aun porque no te mueres!!!
anger,7862,1,original,"Nunca he visto , pero me estoy planteando empezar a seguirla con el único objetivo de, en el momento menos pensado, soltar spoilers durante las reuniones con amigos que solo hablan de esta puta serie."
others,3773,0,original,Sé que a algunos les arde que este fenómeno siga en la cima del fútbol. Inventan nuevos grandes. Pero él sigue demostrando que es simplemente el mejor de la historia.
surprise,2728,0,translated_en,que patada libre de cabra increíble club gol para él n lo que un objetivo
sadness,119,0,original,Conmovedora imágen... un día muy difícil para los franceses y todos los católicos en general
disgust,6084,1,translated_en,"Estimado pueblo blanco, Por favor considere mudarse a o tan multimillonarios y el gobierno de EE.UU. puede derramar lágrimas blancas, llegar a sus bolsillos y financiar un proyecto de reconstrucción. Tal vez podamos aburrir nuestro camino a la libertad."
others,5767,0,original,"Si la señora que tenía que ir a lo hubiera hecho a tiempo, tal vez ésto no hubiera ocurrido.... Señora: Lo dejo a su conciencia"
joy,6412,0,original,"| La colombiana , esposa de se encuentra presente en el Camp Nou en la celebración del título del balón de fútbol reproducir"
joy,2841,0,original,. Amigos fieles. Siempre atentos a mis estados de ánimo. Siempre pendientes de mis inquietudes. Siempre disponibles para saciar mis ansias. Siempre dispuestos a abrir sus páginas y ofrecerme su consuelo...
others,5263,0,original,¿Qué tipo de persona crítica así a esta niña ( )?
others,1403,0,original,"Te quedas loco con el capítulo de Si alguien quiere comentarlo, que me mande un algo."
joy,2137,0,original,"no hago spoiler ,solo decir que este capítulo ha sido un capitulazo , y que te tiene en vilo todo el capítulo hasta el final , una joya vamos"
joy,6756,0,original,"SATISFACCIÓN, esa é a palabra puño en alto tono de piel claro medio"
disgust,2614,0,translated_en,¿Era sólo cuestión de tiempo antes de que aquellos que fueron desafiados sin rodeos por decidió hacer un trabajo de demolición en ella? Brendan O’Neill at “de derecha dura” conjunto reaccionario “hecho para la tarea”?
others,4304,0,original,Los XI jugadores del que saldrán esta noche a enfrentar la semifinal de vs trofeo oreja tono de piel claro
surprise,2068,0,original,Y si el rey de la noche es el rey loco?
others,5734,0,original,luces de policía Daesh celebra el incendio de
surprise,5707,0,original,Primero se quema Segundo Siboldi anuncia su renuncia al Veracruz Que semana nos espera.
anger,7944,1,original,"El temita de la oscuridad en el capítulo de ... Joder, no he visto a tanto crítico televisivo junto en mi vida. Ha sido una brutalidad. Dejad de ver series en el autobús, que así es normal que no veáis. Coño."
sadness,297,0,original,Duele la perdida de 9 Siglos de Historia pero ojalá viera la misma indignación social por la destrucción de Siria y su población. Son 9 décadas destruidas a punta de cañón. Ahí también pierde la humanidad.
sadness,475,0,original,"Es triste saber que Notre Dame sobrevivió cosas peores, incluyendo a la revolución francesa y dos guerras mundiales pero no pudo sobrevivir a nuestra época."
others,1438,0,original,Vamos con el episodio 3Hoy habrá sangre y lagrimas a mogollónDisfrutemos del glorioso final de algunos amigosSintonia y...
others,6906,0,original,"Estos días hemos oído hablar mucho de , pero ¿Sabíais que tiene una condición del espectro autista?"
sadness,487,0,original,"Triste lo que pasó pero la fe, la ayuda, hará vuelva a ser tan bella la catedral"
joy,1775,0,original,"Arya es mi salvador, nada me faltará!!!"
sadness,13,0,original,"El 26 de octubre de 2018 grabé este vídeo durante mi primer viaje a . Las campanas de la Catedral de se escuchaban por toda la ciudad. Fue un momento mágico. Hoy, el mundo entero llora por una gran pérdida. Mi corazón se une al dolor de . Terrible cara desanimada iglesia bandera francia"
others,5745,0,original,La catedral de el día después del incendio en
joy,3176,0,original,"El Barcelona cada vez más cerca de levantar otra liga, su octava en diez años Felicidades Barcelona trofeo círculo rojo círculo azul"
others,461,0,original,Llora y reza Francia por tragedia en
joy,3667,0,original,Una mordidita a la orejona cara feliz con ojos sonrientes Qué buen gol
others,5756,0,original,Llegarán más venezolanos y la crisis humanitaria puede tocar fondo en Colombia
surprise,4733,0,original,"Que nervios las elecciones en España bandera españa , se debaten entre extremos y extremistas."
others,5406,0,original,"Ella lidera el movimiento que conminó a autoridades a comportarse como adultos y asumir la crisis medioambiental y sus peligros en serio. Tiene 16 años, y está abriendo horizontes tremendos flecha hacia abajo flecha hacia abajo corazón rojo planta joven bíceps flexionado tono de piel medio"
anger,7727,0,original,"No comparen a con ! No joda, los quisiera ver si no hubiesen tenido 100% a los militares con ellos. Aqui nos caen a perdigones, gases, balas, tenemos que salir con pañuelos, vinagre, bandejas de escudo. Igual no sé en qué ira a parar el rollo de ellos"
fear,7610,0,original,¿Puede dar más miedo el tío de VOX hablando? Siento frustración y tristeza escuchando la de tonterías que dice.
others,6153,0,original,"Según , la población lectora disminuyó en México.¿Cuántos libros lees al año? Cuéntanos en un comentario qué libros leíste y cuáles recomiendas. libros"
joy,7987,1,original,"¡Feliz , hijos de la gran puta! cara llorando de risa"
others,3710,0,original,"Entre el Tottenham ayer y el Liverpool hoy, no se sabe bien cuál de los dos entendió menos que estaban jugando una semifinal de"
anger,4747,0,original,Toda la vida beneficiándose de la ley electoral y ahora y el se ponen a llorar. Tiempo y mayorías tuvisteis para cambiarla.
joy,4755,0,original,"Felicidades a todos por ejercer vuestro derecho a voto -hace no mucho esto no era posible-. Esto es lo que tiene la democracia, hay que aceptar la decisión del pueblo, la nuestra."
others,390,0,original,Cómo hacer que una tragedia se trate sobre mí
joy,3847,0,original,Gooooooool de !!! Que listo es el cabron 1-0
joy,4326,0,original,"No sé, pero es perfecto. corazón rojo"
joy,1838,0,original,"Solo por el episodio de hoy de ya ha valido la pena ver esta serie 8 años. Madre mía! Historia de la televisión! Épico! Desde el guion a los efectos especiales y, sobre todo, la banda sonora"
others,6721,0,original,El caballo de dice que si llega a saber esto se hubiese quedado en su casa ...
others,6751,0,original,Vox: ¡que comience la batalla! España:
joy,2140,0,original,¿Haciendo una maratón de Juego de Tronos? ¡Mejor con una de estas bebidas inspiradas por la serie! Pruébala bien fría y siente todo el poder del fuego de dragón... ¡Dracarys!
fear,1573,0,translated_en,¡¡Se oyen disparos reales contra los venezolanos!! : Romper ahora - ESCUCHA: se puede oír el disparo de una mezcla de perdigones y munición viva contra la gente como intentos de reprimir el levantamiento.
sadness,7247,0,original,y clubes lamentaron la tragedia en Notre Dame (Nuestra Señora) | El Meridiano
fear,4810,0,original,he votado y me he sentido incomoda con la presencia de militantes de vox en mi colegio electoral. Un chico joven al grito de “yo he votado a la España Viva” siento miedo
disgust,4524,0,translated_en,"Otra queja: la batalla por el trono se supone que es una subtrampa en relación con el choque final entre el hielo y el fuego, y debería haber sido redefinida no sólo política sino metafísicamente por la demanda más grande que todos alian contra los Muertos."
joy,6012,0,original,"Los Vengadores,la debacle del PP y el episodio 3 de juego de tronos. Vaya finde señores!!!! manos levantadas celebrando tono de piel medio"
disgust,8249,1,original,"¿Ahora nos sumamos a la moda de , eh Rita? ¿No decías eso de ""Arderéis como en el 36""?"
joy,6040,0,original,"Lo que acabo de ver es puro oro. Historia de la tv. Ambientación, actuaciones, música. Que autentico lujo de serie. Larga vida a"
disgust,8086,0,original,"que patético, Messi haciendo un Neymar..."
others,1584,0,original,Alguien puede llamar a la ambulancia por mi??? Creo que me está dando un ataque al corazón. No sé que más puede pasar después de El mejor capítulo con diferencia. Qué será de mi vida cuando acabe esto???
joy,2319,0,original,El conocimiento nos hace libres Y sobre todo felices cara sonriendo con ojos de corazón
sadness,4865,0,original,Llevo un fin de semana que no paro de llorar.
sadness,199,0,original,"Lunes negro para París, a punto de caer la catedral de ... Mala yuyu dirían los antiguos. Bomberos en París dudan poder controlar el incendio en Notre Dame"
disgust,7042,0,translated_en,Por la gracia de Dios nunca estarás en la Casa del Pueblo. Hoy es un recordatorio del rastro de daño colateral y sus políticas han traído en todas partes probado.
others,3247,0,original,"balón de fútbol ¡BARCELONA BICAMPEÓN! Con un gol de que ingresó en el segundo tiempo, el ""blaugrana"" venció 1-0 a y se coronó en vía"
anger,7893,1,original,¿Soy la única persona que no disfrutó el capítulo de ? No se veía una puta mierda...
others,5415,0,original,"‘¡Queridos adultos, usen su poder!’Ella es tiene 16 años y es una activista sueca nominada al Premio Nobel de la Paz. Conócela en : dorso de mano con índice a la derecha"
disgust,4760,0,translated_en,¿Por qué no está proponiendo soluciones tan simples y muy eficaces como exigir que cese inmediatamente toda su participación militar en guerras en todo el mundo? Las bombas y tanques son mucho más perjudiciales para el medio ambiente que los coches familiares. Dinero.
others,917,0,original,DE UN PARTIDO IZQUIERDA a favor de MADURO
sadness,4857,0,original,Es bastante triste que en España nos estemos congratulando de que no hayan entrado “muchos” fascistas al Congreso...
sadness,3959,0,original,"Comentario entretiempo entre el y el : El gol fue un ""accidente"" al trámite general del juego. Mal la lesión de Keita."
others,6225,0,original,"Fragmento del libro Historias de mujeres, de Rosa Montero."
fear,1654,0,original,"que miedo tengo de volver a ver la serie, no quiero que nada cambie"
others,1431,0,original,podría acabar con el capítulo 3 y seguiría siendo la mejor serie de la historia
others,3157,0,original,0-0: Leganés y Celta firman un duelo anodino en busca de la salvación
others,476,0,original,"Sacerdote que salvó Corona de Espinas de durante , ya había sido héroe cara con la boca abierta flecha hacia la derecha"
others,864,0,original,publiquen el link a través del cuál los venezolanos podremos escuchar al Presidente (E) .@jguaido por favor
joy,1177,0,original,¡A mi si me gusta ver fotos de sus chiquitos!
anger,8238,1,original,"que discurso para ponerlo a llorar, Putos humanos, para cuando la extinción=??"
others,4868,0,original,El día que el sentido común ganó a la sin razón
sadness,4947,0,original,Unos de fiesta y otros de funeral
surprise,3379,0,translated_en,"OK dos primeros episodios fueron una pérdida de tiempo, pero ahora tienen un contexto. Sólo ablandándonos para 'El Juego de Tronos'. Clue está en el título, supongo... cara con la caja cerrada con cremallera"
disgust,3329,0,translated_en,"Este es el tipo de respuesta que se obtiene de cuando la narrativa de algunos demócrata, como , puestos en el es directamente mostrado como , y no pueden argumentar un contrapunto a la misma."
fear,2247,0,translated_en,El levantamiento está fallando.
others,6177,0,original,Curiosidades para este “Desde Juego de Tronos hasta El Señor de los Anillos: todo lo que tardaron los autores en escribir estos 31 famosos libros” cara pensativa via
disgust,1113,0,translated_en,"Porque estos serían pasos razonables y sensatos para prevenir/resolver algunos problemas relacionados y varios otros asuntos. ¿Cree usted, adoradores? ella misma no parece pensar nada de esto. etc"
joy,3301,0,original,Felicitaciones Campeón de 2018-2019 tras derrotar 1-0 al con gol del capitan genio que obtuvo 10 campeonatos de la Liga y 34 en su carrera.
anger,694,0,original,Así los militares de la dictadura de Maduro asesina en las calles con sus tanquetas al pueblo venezolano. Fuerza El fue parcial en argentina! bíceps flexionado
joy,3427,0,original,"1-0. Gol de y decidió 26º de . Respeto al estilo ofensivo del club valenciano, pero nos encantan la victoria. Próximo . !"
anger,8358,1,original,A la mierda caca con ojos los socialistas escoriá parásitos asesinos genocidas ladrones
others,5482,0,original,Los jóvenes españoles se suman al movimiento internacional por el clima en apoyo al movimiento iniciado por la adolescente sueca para actuar contra el vía
others,5297,0,original,El encuentro entre dos generaciones que luchan por la sostenibilidad del planeta globo terráqueo mostrando américa
others,5704,0,original,"- El jefe de Bomberos de París informa que se salvará la estructura del edificio de la Catedral de , es decir que se tendría que reconstruir todo el techo, pero no las torres y paredes."
anger,8226,1,original,"Después de muchos años buscando, al fin encuentro un estudio serio que cuantifica el número de imbéciles en España: 2.677.173. Vamos, los que han votado a VOX..."
others,1115,0,original,". Los ""analistólogos"" de algunos medios deberían entender que y el régimen chavista en general sólo podrían ser removidos militarmente, sin intervención foránea, si la oposición tuviera la suficiente masa crítica militar operativa. Hoy no la tuvo..."
others,2373,0,original,"Leer tiene innumerables beneficios así como resulta un placer practicar la lectura. Nos cultiva, nos entretiene,..."
joy,6405,0,original,El se proclama CAMPEÓN DE LIGA!
fear,3761,0,translated_en,Acabo de escuchar un excelente y perturbador análisis sobre la situación en Venezuela a continuación ; ¿es este el comienzo de una guerra por poderes en nuestra puerta?
joy,4088,0,original,"Que Suarez es lento, brusco, tosco y hasta bruto dicen. Pero dale una... una nada mas! Ahí estaaaa!!"
fear,7060,0,translated_en,": “Es un gran primer paso porque envía una señal clara de que estamos en una crisis y que las crisis climáticas y ecológicas en curso deben ser nuestra primera prioridad, no podemos resolver una emergencia sin tratarla como una emergencia”"
surprise,4036,0,translated_en,Wow - ¿acabamos de ir 4 4 2 ?
anger,1675,0,original,"La peor estrategia militar de la historia, el peor capitulo de . Creo que lo mejor fue cuando Lyanna mormont mata al gigante."
joy,7186,0,original,"Greta Thunberg es la adolescente que conmueve al mundo con su cruzada contra el cambio climático, antes de que sea demasiado tarde. Vía"
others,3024,0,original,Mi libro favorito es y puede hacerme ganar un ebook con +información:
joy,3318,0,original,"GOOOOOOOOOOL! A los 61',el mejor del mundo, el mejor de la historia, pone el 1-0 a favor para el Barcelona."
others,2558,0,original,"«Por grandes y profundos que sean los conocimientos de un hombre, el día menos pensado encuentra en el libro que menos valga a sus ojos, alguna frase que le enseña algo que ignora» Mariano José de Larra Encuentra la tuya cara guiñando el ojo"
sadness,5743,0,original,ARDE NOTRE DAME!!! **DESTRUIDA**//Familia
sadness,98,0,original,Nunca dejaré de admirar la belleza arquitectónica de las iglesias. Lástima por lo de
others,6539,0,original,"y ya lo ve, y ya lo ve, es pa Cristiano que lo mira por TV"
others,1003,0,original,Grupo de Lima emite comunicado tras reunión de emergencia
joy,2894,0,original,"Antonio Rodríguez Luna, Don Quijote en el Exilio, 1973. Una de las lecturas del Quijote de la Mancha que más me gusta es la del exilio del país, de la realidad, de la propia palabra."
others,4480,1,original,"Unidos Podemos en 2016, 67 escaños. Unidas Podemos en 2019, 42 escaños. Supongo que los Marqueses de Galapagar tendrán la decencia de reconocer que es un fracaso."
disgust,8097,1,original,¿Confirmamos que sois todos unos progres de mierda? Confirmamos.
anger,1138,0,original,"Tuits idénticos del dictador cubano y de Padrino, ministro de defensa del régimen de Maduro. A alguien le quedarán dudas de quien dirige a los militares en ...?"
joy,2348,0,original,El mejor placer de la vida! Incluso mejor que ver series de Netflix. Leer. libros Feliz Día
sadness,7217,0,original,Cuánto duele verlo... los rosetones de sufren daños catastróficos... cara desanimada
others,2529,0,original,Mi libro favorito de lejos es el mundo y sus demonios de carl sagan
joy,2832,0,original,Creemos que fomentar la lectura es esencial para asegurar una sociedad más reflexiva y más formada. Por eso desde el 25 de abril al 13 de mayo de 2019 nos vas a encontrar en la 45° edición de la Feria del Libro de Buenos Aires. ¡Te esperamos!
joy,2464,0,original,Y en este día vamos retomando la agradable rutina de enajenarnos frente a las letras con un gran autor cara de empollón
joy,3285,0,original,trofeo ¡CAMPEONES DE 2018-19!8 ligas en 11 años. Lo extraordinario es que parezca normal. pincel paleta de pintor círculo azul círculo rojo corazón rojo corazón azul trofeo
sadness,7209,0,original,"Su ícono más recordado, , y el lloran la tragedia ocurrida en esta hermosa catedral. Mi fé es que más temprano que tarde, renacerá de las cenizas. La viñeta no es mía. Un excelente reflejo de lo que se siente."
joy,4222,0,original,IMPONENTE tiro libre 3-0. Increíble!!!!! Gana frente
disgust,6945,1,translated_en,"Jesucristo, el estúpido, se quema."
others,3064,0,original,"Para celebrar el díganme, qué autor les gustaría que escribiera su historia? Los leo."
sadness,7497,0,original,"En la tragedia venezolana hay muchos villanos, pero ningún heroe."
joy,6334,0,original,¡ CAMPEÓN! bandera españa trofeo se consagra otra vez con y ahora va por todo. El argentino saltó desde el banco en el complemento ante y le dio al equipo culé. Décima liga en quince años para el elenco catalán. Detalles dorso de mano con índice hacia abajo
anger,8348,1,original,no teneis ni puta idea de la puta vida los que votaron a vox increible es normal que se rian de nosotros en otros paises..
surprise,1597,0,original,Visto por segunda vez y sigo sin entender el suicidio de los dothrakis y que solo suelten un par de bolas de fuego
others,1305,0,original,". : ""Si este esfuerzo falla, se hundirán en una dictadura desde la cual hay muy pocas alternativas posibles. Es un momento muy delicado ... el presidente quiere ver una transferencia pacífica del poder de Maduro a Guaido. Esa posibilidad aún existe ... """
joy,4933,0,original,Gracias Vox por conseguir movilizar a la izquierda
others,3654,0,original,El futuro campeón el Barcelona sentenció y casi líquido la eliminatoria al derrotar 3-0 al Liverpool en la semis de ida de la
anger,8019,1,original,Después de re putear la injusticia del fútbol aprendí nuevamente que en el fútbol el que no hace los goles los ve hacer....
disgust,7681,1,original,Los islamistas que quieren destruir Europa y la civilización occidental celebrando el incendio de . Tomemos nota antes de que sea tarde.
others,4927,0,original,"Sólo por evitarse la mudanza, Sanchez debe estar muy feliz, que quienes hemos hecho varias sabemos lo que es"
others,6149,0,original,El efecto de un libro....
anger,8326,1,original,"Una catedral. Es una puta catedral. Piedras. ¿Qué vais a dejar para cuando un día la gente se muera ahogada en el mediterráneo, o se suicide porque les quita la casa un fondo buitre?"
others,5706,0,original,La última visita de un Papa a
surprise,1946,0,original,"Bueno, bueno, bueno…Me pongo a ver La Larga Noche de Juego de Tronos con ganas de comprobar si ha habido escabechina grande o pequeña. calavera y huesos cruzados"
joy,2891,0,original,les desea un feliz Día Internacional del Libro y del Derecho de Autor!! cara de loco cara de fiesta …
others,4567,0,original,Zarzalejos dice en que dirigentes del PP están pidiendo una comisión gestora. Debacle popular
disgust,4189,0,translated_en,"Apostar por el antifeminismo como estrategia política ganadora piensa que la lucha es la clave para el éxito. Un reaccionario, conservador y partido."
others,1956,0,original,Faltan 2 horas para el estreno del episodio más esperado de Juego de Tronos. Mira aquí el tráiler:
fear,2245,0,translated_en,bandera unión europea Frans : “La gente de todo el mundo estaba horrorizada por las imágenes de este icono de la quema de la cultura europea”.
joy,8004,1,original,No Hay nada más Grande en esta puta vida que ser Del y 26 en nuestra Historia. Gracias Gracias por tanto... corazón azul corazón rojo
anger,7782,1,original,En Deben ya sacarlo al hijo de puta de Maduro y de ahí tendrán un largo periodo para salvaguardar el país y volver a iniciar de 0 de todo lo que han robado.
sadness,302,0,original,"Pues me da cosita que no vean la original mis hijos, aunque seguro que verán una espléndida reconstrucción. A ver lo que queda. Uf."
anger,4752,0,original,"Ciudadanos 0 en el Pais Vasco y 5 en Cataluña. Ni con la campaña mediática que han tenido les tienen en cuenta en esas dos comunidades. Seguid con mítines para conseguir la foto, no engañáis a nadie."
disgust,1683,0,translated_en,¿Así que finalmente se reveló lo que había estado entrenando para hacer toda su vida y la gente está decepcionada? El trabajo duro no sólo paga para los hombres fuertes que puede trabajar para alguien 100 libras también.
sadness,681,0,original,"No quiero ser pesimista, pero mañana Nicolás Maduro saldrá bailando salsa en alguna tarima"
anger,7918,1,original,Eso de que te dispones a ver el capítulo de GOT y al finalizar terminas en la puta urgencias porque te revienta la puta cabeza.
joy,2938,0,original,"Muchas gracias por incluir nuestro libro ""Escuchar y transformar la ciudad"" en tu selección del cara con manos abrazando Aprovechamos para comentar que la primera edición se agotó en enero y que pronto saldrá una nueva edición revisada, ampliada y prologada cara guiñando el ojo"
fear,1506,0,translated_en,es la gente de noticias de ayer porque he tropezado con una emergencia aún más yuge para que nos caguemos los pantalones encima (por favor disculpe mi lenguaje!). Si estaba asustado antes de que ella estará absolutamente fuera de sí cuando ella lee esto...
disgust,8193,1,original,"En eso sí que son unos fenómenos, en vivir del cuento y de las subvenciones."
others,1013,0,original,|| : Los países de la Alianza Bolivariana para los Pueblos de Nuestra América (ALBA-TCP) rechazan de manera contundente los intentos de violentar el orden constitucional de
others,4111,0,original,"El Camp Nou silba el himno de la A ver si el destino no les cobra esa falta de respetoEs el favorito al título, pero tal vez el título tenga a otro en mente"
others,6913,0,original,"GRETA THUNBERG, LA MILITANTE DE 16 AÑOS POR EL CAMBIO CLIMÁTICO QUE CONMUEVE AL MUNDO"
joy,2338,0,original,"En este tengo más libros de literatura hebrea que jamás hubiera imaginado, algunos aún no los he leído de tantos que tengo, son tan finitos, tan exquisitos que se disfrutan palabra por palabra, así es la literatura hebrea, la cultura más bella que existe cara sonriendo ligeramente cara de empollón"
others,5781,0,original,"Y este es el momento de correr a esconderse bajo las enaguas de la embajada de Chile, porque a ésto ya se lo llevó la Chingada."
surprise,4705,0,translated_en,"Amado, pero ¿por qué estaba tan oscuro. Me quedan tantas preguntas"
joy,6209,0,original,Celebrando el día del libro con Julius corazón azul
joy,3074,0,original,Feliz día del Libro libro abierto cara feliz con ojos sonrientes !! Fascinado con el regalo... El Castillo castillo europeo .... libros …
joy,668,0,original,Viva !! Viva el pueblo q lucha y resiste!! Y viva el gobierno !! Al fascismo se le combate!!
joy,6491,0,original,Vaaaamos Campeones de la Liga!!!!!
joy,6131,0,original,Un abrazo a todos mis en este
anger,2360,0,original,"Mientras en Chile se quemaban miles de libros, saltaba feliz en Harvard gritando ""¡Ganamos!"""
sadness,7332,0,original,"La Academia Nacional de Historia y Geografía filial Querétaro lamenta profundamente las invaluables pérdidas históricas, arquitectónicas y culturales de la Catedral de en París en su devastador incendio."
sadness,7323,0,original,"Sin duda yo creo que ayer fue un día tanto triste como histórico, todos pensábamos que estábamos viendo una película al ver pero era una triste realidad. Yo he podido verla en dos ocasiones y es muy triste ver así"
sadness,7496,0,original,"Qué tristeza cara con ojos en blanco Cuánta gente debe salir lastimada, sólo por el capricho de 1 humano."
joy,273,0,original,"Gracias a mi madre pude conocer en un viaje de reencuentro entre padre e hijo por Europa, el corazón se me hace pequeño cuando se ratifica lo efímera que es la vida... Hoy estamos aquí y mañana no... Más de 800 años de historia ardieron pero jamas el resultado del viaje"
sadness,407,0,original,"una de las Iglesias más emblemáticas del mundo no sólo por su imponente belleza de su estructura Gótica sino por lo que representa para los , bandera francia y el mundo entero lamentan este siniestro!"
others,5657,0,original,Oigan si no anda por con eso que se incendió no valla ser que ande por allá de vacaciones
anger,7568,0,original,Vox no representa a España. Los españoles hemos mandado a Vox a la mierda.
others,4158,0,original,"Al receso... le gana 1-0 a , con anotación de Luis Suárez que aprovecha a la perfección un estupendo pase filtrado, para empujar la de gajos a la red."
others,5770,0,original,"Lo ocurrido en este 30 de abril se puede resumir como: ""otra que no fue"", de nuevo la oposición venezolana demuestra que no tiene la capacidad para asumir el poder."
disgust,6759,0,translated_en,Calentamiento global: falso?! No podemos seguir juntos con mentes sospechosas! ...
sadness,7426,0,original,"Degenerada esa gente que se rie y hace chistes con esta tragedia, ante un hecho devastador como ha sido ver arder de . Con el favor de Dios y la Virgen se pueda restaurar. LLoré cuando la vi en persona por primera vez."
joy,7983,0,original,Feliz día de San Jorge y día del libro!.... Hoy he leído un clásico... Y tu? Jajajajajaja …
sadness,7243,0,original,"Nuestros pensamientos y oraciones están hoy con nuestros hermanos franceses, ante el devastador incendio que sufrió ayer la Catedral de de , símbolo de la Fe y de la Historia de y de y de toda la ."
sadness,548,0,original,"No conozco su ciudad,ni tampoco la conocía por dentro, pero eso no hace falta para saber que siglos y siglos de historia, arquitectura y cultura terminaron bajo fuego, destruídos, para siempre. Pueden tratar de reconstruir, pero la magia de lo auténtico, ya se perdió"
others,5175,0,original,¿Por qué es tan difícil comunicar el ? ¿Por qué no moviliza a la gente? No os perdáis este hilo de ¡Da en el clavo! flecha top flecha top
surprise,5884,0,translated_en,Trate de imaginar que muere cuando todos los caminantes blancos que la rodean antes de Jorah vino a salvarla!!!
others,1209,0,original,"Fracasó de manera rotunda el intento de en . Ganaron las instituciones, la soberanía y la democracia frente a la intervención militar extranjera. El pueblo venezolano quiere y exige paz y bienestar, y merece la solidaridad de los pueblos del mundo."
others,2743,0,original,Después de darme un garbeo por varias librerías me he decantado por esta compra en : Armonías y suaves cantos: las mujeres olvidadas de la música clásica / Anna BeerDeseando ponerme cara de empollón
others,3228,0,original,Mañana comienza la jornada 35 de . Desde primera hora estaremos atentos a todas las novedades que se produzcan. Como siempre en:
anger,636,0,original,"Quien es este? Que opina de un conflicto que no conoce, seudointelectual que apoya teorías anacrónicas de hace mas de un siglo solo para hacerse interesanteNo hable de si no ha estado 16 meses sin recibir agua o recolección de basura Y de electricidad ni hablemos"
joy,1310,0,original,"VIDEO videocámara Si nos buscan en las CALLES, en la calles nos van a conseguir. Hoy ratificamos, desde Miraflores, máxima lealtad al presidente, y a la Constitución de . ¡SEGUIMOS VENCIENDO!"
others,1442,0,original,"Que mal lo he pasado. En serio. Porfa, no hagáis a la gente que no ha visto todavía el"
joy,1695,0,original,Irse a la cama con la victoria aplastante del y después de ver el mejor capítulo de la historia de
surprise,1136,0,translated_en,¿Cómo diablos encabezas ese episodio?
joy,2326,0,original,"Hoy, en Café La Vida hemos acompañado los desayunos con libros para tod@s ;) ¡¡FELIZ DÍA DEL LIBRO!! bebida caliente libro azul"
disgust,98,0,translated_en,"3. Re:- ¿Un ""movimiento juvenil"" promovido por todas las élites de la política a la , de la a la Y no tienes un pensamiento crítico?- ¿Sigues haciendo preguntas difíciles o simplemente propagandistas vendiendo la voluntad de la élite gobernante?"
anger,1435,0,original,Tendré que volver a ver el capítulo de porque no me he enterado de nada con tanta oscuridad y una dirección tan mediocre
joy,2955,0,original,"Te leo un pedacito de uno de mis libros favoritos, querida Yolanda."
joy,2745,0,original,Los libros son todo lo que está bien en esta vida.
joy,4645,0,original,"Lo mejor de mi experiencia como Presidenta de Mesa: Se acerca una señora con una sonrisa de oreja a oreja y me dice “maja, tengo 102 años y vengo a votar con una ilusión bárbara”Entrañable no, lo siguiente"
fear,2060,0,original,Por favor que alguien me de información del estado de Rhaegal
surprise,3396,0,original,trofeo | balón de fútbol flecha end ¡Descanso en el Camp Nou! cara pensativa ¿Peligra el alirón? 12 en punto 45' 0-0 reproducir
anger,7833,1,original,Mucha gente criticada por no ver pero y a esos que no le gusta y critican ?... a esos no le abrimos la cabeza o como va la vaina?
others,1016,0,original,Los reto a que duerman hoy...
sadness,299,0,original,"Salven la corona de espinas, por favor:("
others,1338,0,original,La negociación y el diálogo será la clave para que viva un nuevo período democrático pero pasará un tiempo para que los demócratas venezolanos se encuentren y demuestren en paz que con votos se puede lograr un cambio.
joy,3363,0,original,ME DEDICO ESTE TITULO DE A MI MISMA EN MI CUMPLEAÑOS. GRACIAS DE NUEVO
surprise,6114,0,original,Sin palabras... Sin respiración... Vellos como escarpias...
sadness,7294,0,original,"Es una auténtica pérdida lo de pero ya la humanidad ha perdido monumentos antes y los seguirá perdiendo. Es inefable.600 millones de euros podrían salvar muchas vidas, crear muchos empleos, hacer avanzar en la investigación de enfermedades..."
fear,5741,0,translated_en,Better Business Bureau advierte de estafadores de restauración de la catedral de Notre Dame
sadness,7466,0,original,"El complejo arquitectónico de presa de las garras de las llamas. Un triste y duro daño a la Humanidad. La oscuridad abrasa los rincones, pero el fuego apaga la vida."
others,501,0,original,Este Disney recreando las películas animadas
sadness,247,0,original,qué lástima lo que pasó!! La catedral que es un ícono francés!!
sadness,1081,0,original,"Desgarrador, esta es la realidad que se vive en"
others,2656,0,original,"Hoy celebramos el libro abierto Sobre los Altos de Jalisco se han escrito muchos libros, tanto de autores Alteños como no nacidos aquí ¿Qué libro y/o autor nos recomendarías? Cuáles son tus obras favoritas? Recuerda que la lectura es otro medio para conocer los"
joy,3599,0,original,Qué gusto da ver jugar a señal de aprobación con la mano
others,3542,0,original,lista para ver ganar al ?? cara saboreando comida cara revolviéndose de la risa cara revolviéndose de la risa
others,5160,0,original,"Nominan a , de 16 años, al Nobel de la Paz, la joven activista sueca fue postulada para el galardón por su papel en la organización de protestas contra el cambio climático a nivel mundial."
disgust,5538,0,translated_en,"¿Qué está pasando en el paraíso de? dio a toda la gente atención médica. Bueno, los que no encarcelaron y mataron."
anger,787,0,original,vamos a luchar por nuestra tierra.... Hay fuerza... ya no más represión...
anger,69,0,original,"No demuestres tu ignorancia publicando memes tarados del incendio de También nos vale madres la foto que te tomaste frente a ella (repite conmigo: ""esta tragedia no se trata de mí"") y ni empiecen con que ""dónde estuviste cuando se quemó/destruyó...?"""
others,6790,0,original,".@sanchezcastejon: ""Os he escuchado. Nosotros no vamos a poner cordones sanitarios"""
fear,2361,0,translated_en,"""El deseo de vivir plenamente y experimentar cosas nuevas también es sentido por muchos jóvenes con discapacidades físicas, mentales y sensoriales... poseen recursos y habilidades sorprendentes que a menudo están muy por encima de la media"" (CV, 149)"
surprise,7114,0,original,Me acabo de marcar un nuevo récord mundial de apnea: exactamente hora y veinte sin respirar.
joy,2136,0,original,Increíblemente brutal este plano general de la batalla de . cara llorando de risa cara llorando de risa cara llorando de risa
disgust,8028,1,original,Menudo asco de persona Luis Suárez. Da igual cuando leas esto
others,4856,0,original,Atentos a todo lo que ocurra en este
surprise,6502,0,translated_en,Sorprendido de no ver a John Terry aparecer en París con un uniforme de bomberos franceses para ser honesto...
joy,2928,0,original,"Feliz libros ! Nuestro deseo como para este año es seguir trabajando por mejores y más inclusivas políticas del libro, que ayuden a difundir y ampliar la llegada de la lectura a todos/as. ¡Felices lecturas hoy y todo el año! libro abierto"
others,5953,0,original,El del rey de la noche:
joy,3007,0,original,Leer alimenta el alma y el espíritu! Feliz
anger,8395,1,original,"Se han dado cuenta que todos esos mentirosos corruptos de y demases, predican del alto a la violencia en pero a la vez apoyan un en en donde van a desaparecer y morir personas, como en Chile del '73"
fear,5474,0,translated_en,"Si usted no ha estado siguiendo lo que está sucediendo en , esto ofrece un vistazo a la brutalidad que su gente está enfrentando mientras luchan por la libertad contra el . Esto es difícil de ver, pero el mundo necesita verlo."
joy,3407,0,original,trofeo ¡CAMPEONES DE 2018-19!8 ligas en 11 años. Lo extraordinario es que parezca normal. pincel paleta de pintor círculo azul círculo rojo
disgust,8090,1,original,"Han estado insultando a más de media España durante más de 9 meses, los 3 mosqueteros, los salvadores de la patria, el Trifachito, tragaros vuestra bilis perdedores."
joy,2523,0,original,Bonito rosa cara saboreando comida Besukys a tutiplén y sonrisas arcoíris cara con manos abrazando dos corazones huellas de pezuñas luna
anger,1573,0,original,"No me lo puedo creer, meterme a internet y primer SPOILER. PORQUE??? Voy a tener que estar incomunicada para no enterarme del capítulo entero hasta que pueda verlo."
joy,2604,0,original,"Un gusto acompañar a la Diputada en la presentación del libro ""La Constitución Política de los Estados Unidos Mexicanos para Niñas y Niños""."
sadness,346,0,original,"bandera francia Estamos conmocionados por el desastre del incendio de . En este sentido, queremos expresar y solidarizarnos con todos los franceses y parisinos. demostrará a todo el mundo sus valores que hacen de ella un país de referencia y pilar de Europa. bíceps flexionado"
surprise,3766,0,original,Señor golazo el que acaba de hacer sin duda el mejor del mundo
surprise,2150,0,translated_en,Qué episodio. ¡Vaya! Ahora es hora de bajar el brillo de la TV.
sadness,7391,0,original,"Notre Dame iglesia Hoy se incendió la de , símbolo insignia de la ciudad de y eterna casa del legendario el mundo llora tan lamentable pérdida.…"
disgust,4359,0,translated_en,"Ahora seré extremadamente decepcionado en el caso de que el golpe fracase, y el ejército americano se vea obligado a limpiar. . . . . . . . . . . . . . . . . . . . . . . . . . . . . . . . . . . . . . . . . . . . . . . . . . . . . . . . . . . . . . . . . . . . . . . . . . . . . . . . . . . . . . . . . . . . . . . . . . . . . . . . . . . . . . . . . ."
joy,4594,0,original,Solo con ver con la intensidad que agitan las banderas se ve que no han quedado satisfechos los de Sinceramente me alegro muchísimo.
sadness,7228,0,original,"Es lamentable lo sucedido, luto por"
surprise,1872,0,original,"Increíble capítulo de los mejores de la serie!!! Vaya estrés, agobio y me he comido tanto las uñas que creo q he llegado al codo!!!! Maravillosas las guerreras!! Lo han dado todo y algunas incluso su vida"
anger,8338,1,original,que asco tener sangre española después de ver lo mediocre que son los gachupines....
joy,2530,0,original,Qué mejor regalo en el !!! Muchas gracias Big Sur Chile y felicidades a los otros dos ganadores!!! Yuuuuhuuuu mujer bailando tono de piel medio mujer bailando tono de piel medio mujer bailando tono de piel medio mujer bailando tono de piel medio mujer bailando tono de piel medio
others,4192,1,original,"No me jodas Messi, casi 30 metros. ¿Cómo vas a meterla en el ángulo? Eso es imposible."
fear,6102,0,translated_en,"Desglose climático: Los planificadores de inundaciones de Inglaterra ""deben prepararse para lo peor"""
surprise,3252,0,original,"Beñat fuego fuego fuego , vaya golazo de falta"
anger,7982,1,original,"Hasta el coño del , me voy a leer. Ojalá los políticos tuvieran las mismas ganas de hacer política de la que muchos tenemos de votar. Feliz a todos."
anger,196,0,original,"Parece una necesidad inaplazable de llorar o reír ante la desgracia. De ser, incluso, los mejores bomberos del universo. No nos damos tiempo, siquiera, a asimilar. Total, mañana otra desgracia o alegría nos ocupará. Con lo sabio que es callar a tiempo"
disgust,8185,0,original,¿Qué hubiera pasado con Susana a los mandos del PSOE? Seguro que ha sido mejor no saberlo...
joy,710,0,original,"serás libre de la opresión de este gobierno, Venezuela será libre."
joy,5134,0,original,"Adoro a los catalanes, ellos sí saben poner la basura donde toca."
sadness,4662,0,original,No he estado más nervioso en la vida. Muérome.
others,1287,0,original,Atento a las 6pm el presidente se dirigirá al país con un mensaje.
disgust,4830,0,original,Me cuesta mucho entender la fiesta de Ciudadanos...
anger,8100,1,original,"No se ha votado a Sánchez por convicción, sino por un miedo infundado a Vox que unos medios de comunicación controlados por la izquierda han sabido transmitir. Cómo estratega un genio, cómo persona y presidente un hijo de la gran puta y un traidor.."
surprise,7904,0,original,casi me muero!!!!! El mejor capitulo de la serie! Arya la puta ama!
surprise,3680,0,original,Barcelona vs...¿Quién le daría más pelea a y al ? |
others,7105,0,original,: ¿Quién ha sido el primero en morir en la de Invernalia?
sadness,176,0,original,Lo de es terrible en todo punto de vista. Una obra que ha sobrevivido a muchas cosas en sus 800 años de vida está cerca del colapso.
joy,4128,0,original,"Nada que decir, nada más gracias por poder ver a este cracu... ya apagué la TV. cabra cabra cabra cabra cabra cabra cabra cabra cabra cabra cabra cabra cabra cabra"
joy,4450,0,original,Hoy si me siento orgulloso de este país.
others,3682,0,original,Fútbol de alto nivel en su máxima expresión Barcelona-Liverpool
joy,5521,0,original,Este es el hoy y el futuro! Los jóvenes corazón azul corazón azul dorso de mano con índice hacia abajo Una adolescente lidera la lucha por el medio ambiente en el corazón de Europa | Internacional | Noticias | El Universo
anger,8200,1,original,Ni perdiendo 71 escaños borra de su cara Pablo Casado esa molesta sonrisa de gilipollas.
joy,4494,0,original,Gracias a dios ocurrió lo menos malo
disgust,1818,0,translated_en,"No te arriesgues, no te quedes en el juego. Pudo haber tenido 3 goles también, pero perdió grandes oportunidades. Barça no. la diferencia. Simple como ese hombre con la mano en la frente tono de piel claro balón de fútbol"
fear,7605,0,original,"Joder, izquierda venció ¿y qué? A mi me preocupa y mucho que Vox haya pasado de 0 a 24!! ¿a nadie le parece un montón? No sé, debo ser idiota."
sadness,8221,1,original,España se va a la mierda.... recemos por favor
anger,7901,1,original,"Ya ""mutee"" a varios mensos que como no son fans de se quieren hacer los graciosos haciendo preguntas estúpidas y haciéndose los sarcásticos. Se lo haces con sus series y películas estúpidas y se cabrean. Qué huevo huevo"
joy,4330,0,original,Ya le metimos a la en espero gane hoy el cara sonriendo con gafas de sol mano con señal de victoria tono de piel claro
sadness,25,0,original,Parece que la tragedia en sirvió para que desempolvaran las miles de fotos (malas en su gran mayoría) de su visita a París.
surprise,1567,1,original,"Acabo de terminar de ver el capitulo de juego de tronos, y tengo que decir, QUE EN LA PUTA HIDA VIDA HABRA ALGO QUE SUPERE ESTO."
joy,4406,0,original,Hoy he votado por primera vez en mi vida. Hoy he votado gracias a ellas
others,8021,1,original,"LO QUE SE PERDIO MANE , WEON MALO"
joy,3726,0,original,"¡D10s Santo! Para no tengo más adjetivos. Quiere la Hermoso, hermoso, hermoso..."
sadness,4647,0,original,"Lo estamos viviendo aquí en EEUU, familias que dejan de hablarse, amigos que dejan de serlo. Comprendo como nadie el sentimiento, pero esto solo alimenta el rencor y el extremismo de quien nos rodea, y nos impide avanzar. Seamos mejores."
others,6573,0,original,Lo que Messi quiera y punto.
others,3182,0,original,El se corona campeón de tras vencer 1-0 al Levante con gol de Messi
others,913,0,original,"| Un asesor de la Casa Blanca aseguró que se negoció la salida del mandatario venezolano. Luego, otra de las autoridades estadounidenses lo negó."
fear,5061,0,translated_en,hace de todos una víctima potencial
disgust,1840,0,translated_en,"Después de todo, millones de personas mueren o se quitan sus países."
others,1643,0,original,Gente comparando a Arya con Sansa y yo disfrutando de las dos. Una es pelea y la otra inteligencia. Juntas van a poder con todo. Reinas.
sadness,210,0,original,"He escrito algo pequeño para Notre-Dame y para todos los que la sufren. Aún no está a salvo del todo, pero hay esperanza."
joy,2509,0,original,"El olor del papel, el pasar las hojas y verlas crecer cuando se acerca al final siempre será un placer"
surprise,1519,0,original,Que el 8x03 es el puto mejor capítulo de la historia de la televisión y de Juego de tronos es un hecho irrefutable.
others,6761,0,original,Ahora sólo queda frenar a los caminantes blancos hoy en unas horas y a dormir
joy,3516,0,original,Lo mejor de la vida cara sonriendo con ojos de corazón balón de fútbol
fear,5954,0,translated_en,"Con el cambio de régimen que aún no se ha consolidado, la administración ha comenzado a aumentar la presión sobre al tiempo que ata sus políticas hacia ambos países, cofrade no residente escribe para:"
sadness,679,0,original,Y yo aquí... anhelando que llegue
anger,7816,1,original,Chávez fue la puta más barata que ha tenido . Le dio el culo a y a cambio de nada. Me avergüenza. Pero no me identifico con ese enfermo de poder. Lo único que quería era ser igual a Fidel Castro y que el pueblo comiera mierda. Pero siempre los discursos
joy,2097,0,original,Que bien los dos dragones aún están cara sonriendo cara sonriendo cara sonriendo
anger,1414,0,original,Quien diga que se esperaba el final de este capítulo de miente. Y punto. copo de nieve
fear,4742,0,original,Siento miedo ante el resultado de las . Tras el nefasto resultado solo me queda la esperanza fijada en . Que dios mantenga la unidad de España.
others,6269,0,original,El libro de //////////////////////////////////El libro de
joy,2601,0,original,"Hoy en el te invitamos a conocer la Librería Mar Adentro, y a disfrutar con el gran acerbo de títulos con los que cuenta. ¡Muchos de estos enfocados en la historia de Veracruz! chispas cuaderno"
others,5063,0,original,"Ay Pablo, que no se te ve muy contento con los escaños conseguidos por ... Si es que te pudo, te pudo, la soberbia y ahora..."
anger,4452,0,original,"El señor Pablo FraCasado seguramente no dimitirá como nunca hizo ni carrera ni Máster, y como nunca ha entendido la politica desde el punto de vista del Sentido Común... lo escucharemos graznar en la oposición cara sonriendo con superioridad"
anger,907,1,original,Si EEUU se quiere quedar con el petróleo que se lo quede pero que saquen a estos ASESINOS de MIRAFLORES bandera venezuela
joy,3315,0,original,"Y bueno... tiene dueño cañón de confeti bola de confeti cañón de confeti bola de confeti Enhorabuena Gracias por tantas emociones, siempre círculo azul círculo rojo círculo azul círculo rojo círculo azul círculo rojo círculo azul círculo rojo"
joy,2419,0,original,Feliz con esta novela de Amor Towles.
joy,6009,0,original,Creo que nadie va a superar este capítulo NUNCA
anger,972,0,original,"acto del en el marco del y x el Día Internacional de la Clase ObreraContra el ajuste del , y los gobernadores Contra el intento del golpe de estado en ¡Fuera el imperialismo de América Latina!"
disgust,510,1,translated_en,Alguien literalmente comparando un viejo edificio quemándose sin bajas con otros seres humanos que tienen agua potable limpia.
anger,156,0,original,"La gente que dona dinero para reconstruir puede hacer con su dinero lo que le venga en gana. La pobreza en Africa es responsabilidad de los propios gobiernos que son los que más roban y mantienen a sus pueblos en estados miserables, siendo los más ricos en recursos."
anger,8231,1,original,La hostia de Casado una mierda comparada con la que nos vamos a pegar nosotras en Mayo
others,1251,0,original,No podemos celebrar ni apoyar un régimen que es respaldado por y lo peor de latinoamérica.
others,2351,0,original,Hoy que es te recordamos que puedes descargar gratuitamente los cuadernillos de nuestras exposiciones. Da clic aquí →
fear,5957,1,translated_en,Voy a dejar de mentir.
sadness,3805,0,original,"No me quisiera imaginar al sin Messi, sin el enano son un equipo muy inferior."
others,8241,0,original,"círculo rojo bandera unión europea | , presidenta de , afirma que ""le preocupa que el 'ruido' prevalezca sobre las ideas"" y hace referencia al 'fenómeno' . cuaderno de notas Sobre el tema hablaba en nuestro de dorso de mano con índice hacia abajo"
joy,1613,0,original,"No tengo pruebas pero tampoco dudas de que es, hasta el momento, el mejor capítulo de Qué barbaridad"
others,6207,0,original,Hoy empece a leer esta joyita que me regalo Coincidencia? cara pensativa No lo creo! cara de empollón
sadness,1942,0,original,"No puedo con mis nervios,se me escapa la lagrimilla de pensarlo"
joy,3361,0,original,Felicidades al que se ha proclamado campeón de la tras vencer al Levante.
others,2227,0,original,Cualquier lugar es perfecto para desconectar con sus historias libros
sadness,5588,0,original,"mas de 200 años en hacerla, un patrimonio de la humanidad verla así pego en el cora, bro"
joy,3375,0,original,¡Triunfan! círculo blanco círculo rojo El le ganó 1 - 0 al Valladolidad en balón de fútbol
sadness,2040,0,original,"No os alegréis mucho con las elecciones, os recuerdo que en hora y media empieza el capítulo 08x03 de Juego de Tronos y va a morir todo pichichi y vamos a llorar mucho."
fear,4946,0,original,estoy más nerviosa que cuando tengo una exposición
sadness,300,0,original,Impactantes imágenes que ha dejado el incendio en Notre Dame
others,3186,0,original,"Por lo que parece, en el VAR hay derecho de admisión. Sólo sirve a los ricos."
disgust,7677,0,original,"No sé qué le veo de interesante el incendio de la catedral de Los franceses lloran por un edificio vetusto y arcaico que no vale la pena entender. ¿Valor invaluable? cara de confusión Si, claro."
sadness,166,0,original,Entiendo que nunca he ido a y shalala. Lo que muchos no comprenden es que vemos la desgracia desde un punto en que una de las joyas arquitectónicas del mundo fue casi destruida. Que la mayor representante del gótico haya sufrido tan terrible suceso si es de tristeza.
joy,6675,0,original,"Goooooooool del inigualable el mago mi ""Messi"" cara sonriendo con ojos de corazón cara sonriendo con ojos de corazón cara lanzando un beso palo de corazones palo de corazones"
others,7135,0,original,"ESPAÑA se quedó una vez más con ! Con un gol de Lionel derrotó 1-0 al en el y dejó sin chances al . La alzó su título 33 con los blaugranas, mientras que llegó a 34 gritos en la …"
joy,6520,0,original,Pienso que el jugador clave de esta eliminatoria será Brahim. Si aparece el próximo balón de oro nadie podrá pararlo
others,8165,0,original,"- Oiga vengo por lo de las elecciones, ¿Puedo sentarme ya en el sillón del presi?+ Cuidado con el escalón"
joy,810,0,original,"Nadie dijo que sería fácil, pero aquí estamos el pueblo entero respaldándolos, definitivamente la esperanza no nació para morir. VAMOS VENEZUELA!!!"
anger,8315,1,original,No me seáis hijos de puta... No... Joder.
sadness,3148,0,original,con estos asientos no me extraña que prefiera chupar banquillo. Para la temporada que viene bancos de madera!
surprise,599,0,original,¿Soy el único al que le extraña un fuego accidental por labores de renovación precisamente en ?
others,3227,0,original,[VIDEO]Así fue el tierno festejo de con sus hijos en la gramilla del tras coronarse Campeón de 2018-2019.
joy,3872,0,original,Goooooolazo! De Tiro libre! Meeeessiiiii! 3-0...
others,4592,1,original,"Estaba contenta con los resultados de las , no eufórica pero sí contenta, pero después de escuchar rabiar a los fachas de mi curro echando espuma por la boca como que de pronto me súper encantan."
joy,6368,0,original,CAMPEONES!!!!!!! El Fútbol Club Barcelona es el nuevo CAMPEÓN de
others,1169,0,original,"| Trump amenaza a por de militares en → presidente de amenazó con intensificar el bloqueo a la isla, que ha dejado pérdidas multimillonarias al país caribeño"
joy,2918,0,original,"En el quiero expresar mi reconocimiento y felicitación a todos quiénes promueven la lectura, y al tiempo agradecer al Doctor Francisco Vanderhoff, gran economista y ser humano a quien visité hace unos días y me hizo el honor de regalarme un ejemplar de su autoría."
joy,1361,0,original,"Solo puedo decir que anoche vi y casi me da algo, el mejor capítulo de todas las temporadas. (Jonh nieve mata al caminante)"
joy,4948,0,original,"Más que nunca, ¡VIVA ESPAÑA! Porque España no es propiedad de la ultraderecha, ni la bandera tampoco. Ya está bien de miedo y engaños."
fear,1686,0,original,3:48 a. m. ANSIEDAD Y TODO MAL
sadness,294,0,original,Una pena ver cómo ardía cara llorando Les hubiera venido bien la lluvia que caía ayer en cara desanimada
anger,713,0,original,"Los cubanos y los buenos hijos de rechazamos todo acto de violencia en nuestra querida y hermana no más engaño, no más mentira."
others,6213,0,original,Celebra el y con a domicilio LLAMANOS: 57409478 corazón verde
joy,1781,0,original,Por algo es mi personaje favorito. Gran episodio hoy. Ahora ya puedo dormir tranquilo.
joy,4261,0,original,es el puto amo del
others,3250,0,original,¡Por la mínima! El vence al Valladolid con un autogol y llega a 74 puntos en círculo rojo balón de fútbol
surprise,5140,0,translated_en,Brienne el otro día: acabas de tener toda una conversación conmigo sin insultarme r u okayJaime:
anger,4027,1,original,"Los aficionados del no merecen festejar un título de la por el simple de echo de pitar el himno de la misma, el himno al fútbol carajo, hay que estar mal de la cabeza para hacer esa pendejada."
disgust,2225,0,translated_en,Veo similitudes cuando veo vehículos militares atropellando manifestantes civiles. Vergüenza al gobierno que haría esto. Poder ilegítimo requiere muerte para defenderlo.
fear,8409,1,original,Miedo me da que mi país esté en manos de personas como tú ASESINO!
anger,7763,1,original,Raúl Cazal eres un corrupto degenerado sin vergüenza.
joy,3068,0,original,Una novela que trasciende más allá de los límites... EL ACUARIO OSCURO DE LA MENTE de … … … …
others,1223,0,original,"Me parece muy difícil que eso sea así si todavía no lo ha dicho. Aunque claro, las comunicaciones no están funcionando muy bien en ."
anger,1187,0,original,No entiendo a los que defienden a ese dictador es lo peor que le ha pasado a
anger,312,0,original,"horas más sin electricidad antecedidas por 2 noches completas sin electricidad... somos un pueblo humillado cansado, se quema asilos, en menos de 4 horas ya tiene 400 millones para recuperar su joya eclesiastica. Pero nosotros estamos peor peor"
disgust,3587,1,translated_en,¡La calidad de los jerseys de barca es una mierda!
anger,8151,1,original,"ser mujer y votar y/o apoyar a Vox es como abrazar a tu asesino, defender a tu maltratador, echar leña al horno crematorio, poner en marcha la cámara de gas que te va a asesinar"
joy,4819,0,original,Gracias España por no ser fascista. GRACIAS.
joy,2404,0,original,No puedo estar más contento con mi Sant Jordi
sadness,327,0,original,Que mal lo de La Catedral de Notre Dame. En pleno lunes Santo manos en oración tono de piel claro medio cara desesperada iglesia Son señales de verdad
sadness,619,0,original,No soy católico pero lamento ver perder una obra maestra de la arquitectura humana como lo es . Otro 15 de abril oscuro en la historia
sadness,821,0,original,No puedo creer tanta crueldad contra su propio pueblo cara llorando cara llorando
others,8191,0,original,"La momia de Franco calentando, que sale."
disgust,4505,1,original,Si me quito a todos los idiotas de mi instagram me quedo con menos de 20 y me estoy arriesgando
others,876,0,original,"¡ES CONTIGO, NICO! Pago de 200 millones de dólares de la deuda venezolana a Rusia vencería en septiembre"
others,7679,1,original,"Ustedes que andan tan preocupados por que se quemo la catedral de , por fas no se les ocurra ir en estos días, que la es de lo único chido que nos queda y por sus pecados eso puede arder demonios. cara radiante con ojos sonrientes cara llorando de risa"
sadness,1175,0,original,"- Ante la grave crisis que hay en , decidió suspender el encuentro entre Argentinos y Estudiantes de a disputarse este jueves a las 17. El encuentro será reprogramado y el plantel volverá a Buenos Aires en las próximas horas pensando en"
others,1507,0,original,Yo sobreviví a esta semana:-El salto del helicóptero de Isabel Pantoja en -El estreno de -El triunfo de la izquierda en el -Batalla final de
anger,8037,1,original,ALA MIERDA!! Pedazo de gol que acaba de meter Messi
disgust,3504,0,translated_en,No dejes que los que han pasado dos décadas defendiendo al gobierno socialista de Venezuela te gasifiquen. Este es un gobierno socialista. No te equivoques.
others,5384,0,original,¡Esta niña me da mucho repelús! teme que los cimientos del planeta sean “menos sólidos que los de Notre Dame” | Sociedad | EL PAÍS
disgust,3529,0,translated_en,¡Qué puta patada libre!
others,3114,0,original,Leer te hace no estar solo. Lee.
sadness,678,0,original,"hoy: llorar, trabajar, ver twitter, llorar, bloquear comunistas, reunión, pasear a palmi, llorar."
others,5545,0,original,Buenos días y a todos los estudiantes del mundo que hoy hacen huelga contra el
others,6861,0,original,Analizan que encuestas en fueron precisas en los resultados de las
joy,2610,0,original,"Feliz porque los libros han dado luz a nuestra vida en más de una vez, porque algunos libros han dejado huella en nosotros, y porque una vida sin lectura sería muy aburrida. libros libros libro abierto libro abierto"
disgust,2619,0,translated_en,"Quiero decir, esto es lindo y todo, pero la gente se está muriendo en todo el mundo, hay una crisis de humanitarismo, los corales se están decolorando, pero todavía nadie tiene dinero para ellos?"
joy,3740,0,original,"Viva el Fútbol!!! Salid y disfrutad """
joy,3265,0,original,Gracias a Leo Messi. Barcelona se quedo con el título del fútbol español. Llegó a su título número 26°. ¡Mira el gol del argentino! cañón de confeti manos aplaudiendo
disgust,3491,0,translated_en,¡Horrible situación en ! Maduro DEBE IR AHORA!!!
sadness,613,0,original,La Catedral Notre Dame corazón negro cara de confusión fui allí cámara con flash 2005 i 2009 es muy tristeza. Es una gran pérdida para manos en oración tono de piel claro medio
others,920,0,original,"Vuelve la tensión en el país, no sabes que creer, no sabes que esperar, no sabes ni que hacer. sera que ahora si?"
sadness,423,0,original,"Es más que un simple edificio y aunque no sigo la religión de ese templo, lo lamento. Pero estoy igual de confunida que otras personas que se preguntan “¿Dónde están las donaciones a bosques quemados y a damnificados de catástrofes?”"
anger,7540,0,original,"De episodio 3, solo tengo que decir,: que alguien encienda la puta luz, no se ve una mierda!!!"
surprise,1655,0,original,"Arya siempre ha sido de mis personajes favoritos por como evoluciona en la serie, pero lo este capitulo no me lo esperaba cara sonriendo con ojos de corazón cara sonriendo con ojos de corazón cara sonriendo con ojos de corazón"
sadness,366,0,original,"| A 500 años de la llegada de la Iglesia Católica a se ha avanzado mucho y hace falta mucho también por hacer; hoy es un momento de agradecimiento, dice el nuncio Franco Coppola. | Como doloroso calificó el incendio ayer en"
disgust,1405,0,translated_en,"Lo que hicimos en el pasado no es excusa para lo que hacemos en el futuro. Usar bolsas de plástico está mal. Los supermercados necesitan tomar la iniciativa, como lo ha hecho, y los clientes necesitan agarrarse."
joy,4552,0,original,"Nosotros ya hemos jugado, ahora os toca a vosotros hacernos sentir orgullosos del voto"
others,5330,0,original,".@SIL nacional Cuando una adolescente europea calla a toda nuestra élite política, se pone en evidencia dos cosas: primera, el problema es real e inaplazable; y segunda, aún hay esperanza. Nosotros acompañaremos a en su justa lucha"
anger,7911,1,original,Me tenéis hasta el coño con los spoilers de
sadness,1921,0,original,Me estoy agobiando mucho con el capitulo de hoy de cara triste pero aliviada
fear,4505,0,translated_en,"Consejo profesional: evita decir ""por qué importa"" en historias sobre . Tu audiencia latina no se divertirá, a menos que asumas que no tienes audiencia de habla hispana, en cuyo caso, está bien."
joy,4144,0,original,Es tremendo lo de Messi
sadness,412,0,original,Todos con Francia y mi pésame a sus familiares hombre haciendo una reverencia hombre haciendo una reverencia hombre haciendo una reverencia hombre haciendo una reverencia hombre haciendo una reverencia hombre haciendo una reverencia hombre haciendo una reverencia hombre haciendo una reverencia hombre haciendo una reverencia
joy,8126,1,original,"Soy guapa, soy divina. Comerme el coño, Catalina dedo corazón hacia arriba corazón verde cara llorando de risa"
anger,7778,1,original,Oye no te atreves a dar opinión sobre vergüenza de candidata eres.
joy,3574,0,original,A disfrutar del vs por
joy,4388,0,original,COMO ESTÁ MI ESPAÑITAAAAAAAAAAAAAAAAA ESA ESPAÑA BUENA AHÍ QUE TE AMO YO!
others,3952,0,original,Qué injusto que es el fútbol cuando te pillas con Messi equipado del Barcelona.
joy,1561,0,original,¿Os dais cuenta de que el capítulo apenas ha tenido diálogo y todos estamos hablando de uno de los mejores episodios de la serie? Eso es maestría
fear,1876,0,original,Más tensión viendo el capítulo 3 de Juego de Tronos que en el bautizo de un Gremlin
joy,5170,0,original,"Nominan a Greta Thunberg, de 16 años, al Nobel de la Paz tiene apenas 16 años y ya se ha convertido en la cara del movimiento estudiantil contra el"
anger,4973,1,original,Conclusiones viendo los resultados:-A la gente se la pela que la economía se haya recuperado con el PP-Prefiere que le suban dos euros las pensiones aunque le suban 5 los impuestos-A la gente le han dicho que la derecha es machista y se lo han creído
others,5143,0,original,"""Preséntate a las primarias del PP que tú seguro que arrasas luego en las elecciones generales ÑIÑIÑIÑIÑI"""
fear,3767,0,translated_en,Me temo que a pesar de mis mejores esfuerzos mi casa también está en llamas.
joy,1842,0,original,"Después de ver el tercer capítulo de de la última temporada, solo puedo decir: Madre mía del amor hermoso..."
others,1645,0,original,"Otra semana más, Cersei tan tranquila en Desembarco del Rey. cara sonriendo con los ojos cerrados"
sadness,3211,0,original,"es campeón de ... No hay más que felicitarlos. Fueron los mejores de la temporada en España. Hay que saber perder, y sé perder."
others,5714,0,original,Dos tercios del techo de madera ha quedado destruido.
joy,2483,0,original,"Compra,regala, pero sobre todo lee libros, son armas de instrucción masiva."
anger,2051,0,original,"Es vergonzoso que ofrezca una calidad de compresión tan baja en un servicio por el que cobran tanto... Esto es lo que veo del último episodio de ... Bloques de colores en cada escena con el mínimo movimiento, y no es por mi conexión..."
anger,195,0,original,No deis crédito a tweets en los que ni siquiera distinguen una catedral de otra. Solo quieren trolear y sacar tajada de una desgracia como la de cara con sudor frío ¡Qué pena!
others,5577,0,original,No deja de ser simbólico que en plena una de las iglesias más icónicas de occidente arda en llamas
anger,7964,1,original,Si matan otro dragón yo dejo de ver esta mierda hoy.
joy,7880,1,original,He evitado durante todo el día las redes sociales para evitar spoilers de y ha merecido cada maldito segundo de espera.
sadness,7464,0,original,"Con el corazón roto por la tragedia de un lugar que conocí, estudié y del cual tengo hermosos recuerdos. Al menos no todo está perdido. Pero es un gran daño a un símbolo de la cultura y la historia de Francia y el mundo."
sadness,7233,0,original,"La Catedral de construida en 1163, ha sobrevivido a invasiones, revoluciones y guerras, pero un devastador acaba con ella. Triste suceso para la . cámara de fotos GetYourGuide"
joy,3901,0,original,Amar a un hombre que tal vez nunca vea.... amo a Leo Messi!
joy,661,0,original,Lo único que puedo decir es FUERZA VENEZUELA manos en oración manos en oración Vamos Bien!!! dos corazones dos corazones dos corazones dos corazones
joy,4703,0,original,El día que la extrema derecha moviliza la izquierda durante las me hace atisbar una pizca de fe en la gente.
surprise,3548,1,translated_en,¡Incluso Satanás llora esta gran pérdida!
others,6859,0,original,Espero a mañana o le contesto hoy? cara revolviéndose de la risa cara revolviéndose de la risa cara revolviéndose de la risa cara llorando de risa
others,5413,0,original,Con el no aprendimos nada. A ver que pasa con el y la lección que recibimos con mensaje de esta niña. Cada vez más y más jóvenes luchando por el que ya les pertenece
sadness,7248,0,original,"Que pena lo de . Eso sí, a los sirios que les den, si destruyen una ciudad patrimonio de la Humanidad. Ahí no interesa dar millones. Mucha pena, pero más asco."
others,2706,0,original,"“De los diversos instrumentos inventados por el hombre, el más asombroso es el libro; todos los demás son extensiones de su cuerpo… Sólo el libro es una extensión de la imaginación y la memoria”. Jorge Luis Borges."
sadness,7475,0,original,"me esta decepcionando, es larga de más La no aparece hay un intento de golpe Esperemos que mayo venga mejor cara sin expresión"
joy,4147,0,original,"lo mejor del dia, y el almuerzo de mi novia"
anger,8030,1,original,"y encima, el cabrón del uruguayo se cabrea.... qué poca VERGÜENZA!!!"
sadness,5181,0,original,": ""Cuando le digo a los políticos que hay que actuar ya, la respuesta habitual es que no pueden hacer algo drástico porque los votantes no lo entenderían."" lamentó que haya más cumbres sobre el Brexit que sobre el clima."
disgust,2385,1,translated_en,SpoilersSeriously piensa que era una manera de mierda para terminar después de 8 temporadas de construcción aunque cara enfadada
sadness,7478,0,original,"No se que siento, me siento perdida. ."
joy,2382,0,original,Me lo estoy pasando genial leyendo 'Candidato' de en plena campaña. Estoy intentando encajar quien es Simón Soria antes del domingo. Buenísimo. manos levantadas celebrando
others,5480,0,original,"Hoy, bíceps flexionado Porque los niños, niñas y adolescentes Por el bien de tod@s, comprométete exclamación doble"
disgust,2976,1,translated_en,"Cuando piensas que estás despertada, pero en realidad sólo eres un ignorante, desagradable Misántropo: Notre Dame Edition, episodio 5"
others,6833,0,original,"""La Resistencia ya está dentro del congreso"" Vox cara revolviéndose de la risa cara revolviéndose de la risa yo la única que conozco es la de V ... persona haciendo el gesto de no"
others,5730,0,original,alto voltaje “El incendio de la catedral de ”
joy,4636,0,original,ESTO SI ES PARA ESTAR ORGULLOSA DE MI PAIS Y NO LO QUE OTROS QUIEREN HACERNOS CREER. SI SE PUEDE bíceps flexionado tono de piel oscuro medio corazón morado corazón rojo .
anger,4391,0,original,"En tiempo de rojos, hambre y piojos"
joy,3926,0,original,Soy madridista pero debo de reconocer que es un deleite ver esos goles hechos pinturas
surprise,1456,0,translated_en,"Amigos ¿Usted sabe acerca del Libro Santo más pequeño del mundo? ¡Sí! Amigos El Libro Santo más Pequeño del Mundo de la Religión tiene 32 Palabras solamente que se llama la enseñanza del Dios, Escrito por Vikash Suryamukhy."
joy,2298,0,original,"| Hoy se conmemora el , cuyo propósito es fomentar la lectura, la industria editorial y la propiedad intelectual. ¿Cuál es tu lectura predilecta?"
joy,2179,0,original,"El mejor libro, todos los que he leído, el más genial el que estoy leyendo"
sadness,7225,0,original,El 11ème Festival de Cinéma Péruvien de torre de tokio se desarrolla con la tristeza y pérdida irrecuperable para la cultura y la historia gracias al esfuerzo de su directora Jovita Maeder y Más info aquí visita
sadness,2013,0,original,"Bueno, después de dejarme por sentirme estafado en los primeros 23 capítulos, me hicieron un update, vi el 8x03 ayer (por ver el desarrollo técnico) y menos mal que decidí dejar la serie. He visto cosas MUY interesantes, pero me sigue dando tremenda pereza."
others,3638,0,original,Lo vuelve hacer su majestad Lío corona
joy,2368,0,original,excelente libro abierto gracias a todas esa personas que se dedican a sacar tantos textos
anger,4658,0,original,Espero que por dignidad después de estos resultados esté recogiendo sus papeles.... y se largue cuanto antes
joy,4761,0,original,"Aunque aún no está el 100% escrutado, he de decir que estoy satisfecha porque España ha reaccionado y por una vez nos hemos puesto de acuerdo en algo. Estoy deseando de verle la cara a Casado cara llorando de risa"
joy,6892,0,original,"Oyen eso, derecha? Es el silencio!"
anger,8304,1,original,"Mira, Abascal, con 24 diputados os vais a comer un mojón y os van a orinar encima en el Congreso. Eso sí, tú podrás seguir viviendo del cuento sin dar palo como hasta ahora."
joy,4942,0,original,Pierde la derecha y pierde el Madrid. No puedo estar más feliz. :)
sadness,7317,0,original,"Un salvavidas para fue el incendio de la catedral de ... La gente olvida sus problemas y llora, llora y olvida. Incluso pasa el mismo fenómeno en Chilito ... tambien lloran por Creía que eramos los ingleses latinos, pero se que son los"
joy,1353,0,original,"Buenos días feliz lunes , estoy muy contenta que Arya y Jon siguen vivos Gracias por el capitulo que emociono a muchos en esta madrugada llegue al punto de vivir la cena y sentirme allí luchando con ellos cara llorando corazón negro"
joy,3100,0,original,“La literatura es una defensa contra las ofensas de la vida.”Cesare Pavese
surprise,5942,0,original,¡Finalmente demostró tener los huevos puestos!
anger,7544,0,original,"Toooooodo mal, lo han hecho todo mal. Si hay una guerra, que no nombren generales a Bennioff y Weis. La preparación táctica de la Batalla de Invernalia, por Enrique Díes vía"
surprise,1430,0,original,"Dios santo de mi vida. El corazón me va a mil por hora aún, no me puedo creer lo que acabo de ver."
surprise,1497,0,original,No tengo palabras para describir el capítulo de Solo ha faltado de saltara de la silla
others,4651,0,original,"La historia se escribe con cosas como estas. Cuando, sin hacer ruido, un pais entero se movilizó frente a un enemigo común, la derecha extrema."
joy,2149,0,original,Sublime: que es extraordinariamente bello y produce una gran emoción. Pues eso. DE LOCOS fuego fuego
joy,5896,0,original,El momento es ahora! Vamos que si se puede
sadness,326,0,original,Desgarradoras estás imágenes que nos llegan desde Francia. Nuestro pesar por el incendio que arrasa .
anger,3955,0,original,a luis suarez se le permite todo protestando.... TODO!!
disgust,1199,1,translated_en,"Noticias falsas, todas mentiras, pura propaganda."
joy,5004,0,original,Los memes de esta noche me están dando la vidaaaaaaa
disgust,2438,0,translated_en,"Lo que está pasando es obvio. El mismo viejo libro de jugadas. Si no tuvieran petróleo, no nos importaría un poco en qué estado está su país. Puedes apostar a que quienquiera que los EE.UU. respalden va a ser alguien interesado en entregar las llaves de sus campos de petróleo a la industria de combustibles fósiles."
surprise,2604,0,translated_en,Estoy muy confundido. ¿Cómo el rey nocturno devuelve los cuerpos a la vida en la cripta debajo de Invernalia?
sadness,171,0,original,"El amanece hoy un poco más triste tras la catástrofe en París. Desde la meta del Camino, nuestro abrazo a todos los peregrinos del mundo que hoy lloran por ."
anger,8184,1,original,"No hay nada más gilipollas que un español votando más inmigración, más livg, subida de impuestos, dar dinero a terroristas y secesionistas... El votante izquierdista no vota para mejorar, vota para intentar joder a los que son mejores que ellos."
sadness,11,0,original,"Independiente de si fue accidente o atentado... me recordó la caída del símbolo del capitalismo... quizá por su inequidad.... y que podría ser ahora?..., el derrumbamiento de un edificio histórico e icono de la iglesia católica.... por sus pecados??"
sadness,1458,0,original,Buaaah que brutalidad... que pena mas grande
joy,2712,0,original,"¡Qué gran iniciativa! en el Gracias a la y al . Machado no quita la pena, la angustia o el dolor clavado en el alma pero hace todo más liviano."
others,5318,0,original,", la activista sueca de 16 años, promueve hoy una manifestación mundial en contra del cambio climático. En medio de tantas noticias grises, siempre hay una que nos da color."
others,4617,0,original,Parece que se ha quedado buena noche....
others,1407,0,original,"Hoy hay crítica de y mañana análisis de Porque menudo fin de semana, eh."
joy,2819,0,original,"Los libros nos inspiran a aprender, luchar por nuestros sueños y llegar a nuestras metas."
others,5298,0,original,“No quiero vuestra esperanza. Quiero vuestro pánico”. La primera monologista de terror con méritos a ganar un Nobel.
disgust,8029,1,original,Comerle la polla a messi pero bien
others,3203,0,original,El se está mostrando muy seguro en San Mamés en este 2019. ¿Ganará al ?
others,893,0,original,: Algunos militares de Altamira aseguran haber sido engañados …
disgust,338,0,translated_en,"A estas personas blancas les importan tanto las iglesias negras que se quemaron. Las iglesias no eran tan viejas ni tan magníficas, pero estaban llenas de gente negra, mientras que todo sobre Notre Dame es blanco."
disgust,3338,0,translated_en,"A este ritmo, no me sorprendería que el sabueso se ahogue en un tic tac y muera antes de enfrentarse a su hermano."
disgust,6238,1,translated_en,Hechos. FUCK Yall recaudará $800 millones para salvar a una iglesia idiota pero no salvar el ÚNICO planeta que podemos vivir en hombre con la mano en la frente tono de piel medio
disgust,730,0,original,"Maduro demoró días en hablar sobre el apagón que oscureció y asesinó a en marzo, de verdad esperan que aparezca pronto ante esta situación???"
others,6597,0,original,Te presentamos el único resultado de este miércoles en la
surprise,6044,0,original,"Ya he visto y no sé qué siento, estoy flipando mucho cara sonrojada cara sonrojada"
others,5590,0,original,"Aquí algunos datos que hacen de la catedral de en Paris, uno de los monumentos más conocidos y visitados del mundo: dorso de mano con índice hacia abajo tono de piel claro dorso de mano con índice hacia abajo tono de piel claro dorso de mano con índice hacia abajo tono de piel claro"
joy,5039,0,original,"Como mujer, LGTB+ y como periodista no os imagináis lo que agradezco que mi país haya respondido en las urnas contra la violencia y el odio de la extrema derecha."
others,1860,0,original,¿Por qué se ve tan mal el último capítulo de ? Por
fear,2303,0,translated_en,Una insurrección está en marcha en . Rezo para que tenga éxito con un derramamiento de sangre mínimo - es demasiado tarde para esperar que no haya derramamiento de sangre - y que el pueblo venezolano pronto se encuentre libre de las cadenas que los acorralan.
others,1149,0,original,Sanciones contra y crean escasez de crudo más pesado
sadness,7278,0,original,"Unimos a Francia en su tristeza... Estamos con vosotros, sentimos mucho la perdida y solo deseamos una reconstrucción rápida de la preciosa"
sadness,7416,0,original,Una pena el devastador incendio en la Catedral de . Una pérdida irreparable del patrimonio cultural de nuestro planeta.
others,5531,0,original,"El lunes vemos , por lo que en vimos nuevamente y te contamos cómo la joven activista sueca hubiese vencido a Thanos"
surprise,2098,0,original,Bueno en realidad Berrick Ya no tiene sentido que este en la serie!! Sabemos lo que pasa en los libros pero aún quedaba la duda si usaría ese donde de revivir con alguien o no
others,1444,0,original,"Poco más de 5 minutos para que comience la batalla más grande jamás contado. Invernalia, es tu momento de luchar."
surprise,3310,0,translated_en,"Bueno, eso fue un poco tenso!!!"
anger,870,0,original,"Que decepción, mi ídolo apoyando un golpe de estado militar mujer con la mano en la frente El pueblo de un bando y otro, se matarán entre ellos, y la oposición golpista, en embajadas a buen recaudo, barbaros, insensatos, así no se hace. , elecciones libres y democráticas¡Y vete, ya!"
joy,3616,0,original,"Un gol para el recuerdo, el recuerdo del mejor jugador de todos los tiempos."
joy,2736,0,original,Querés darle alas a tus hijos? Enseñarles el amor por la lectura y los libros!
joy,4248,0,original,Un estadio rendido a su zurda intelectual. Único. El mejor. Nuestro sombrero de copa balón de fútbol bandera argentina balón de fútbol …
disgust,3434,0,translated_en,"dice que estaba listo para salir hasta disuadido por RusiaAFP( excusa pobre , sólo decir que falló -:)"
joy,4425,0,original,"Orgulloso de mi voto, consiguiendo representación cántabra en Madrid, como lo hacen otras Comunidades Autónomas como Cataluña o País Vasco."
joy,2455,0,original,"Feliz libros recuerden que no hay mejor regalo para un(a) niño(a) que un libro, xq alimentas su imaginación y empoderas."
joy,2973,0,original,"Mis mejores lecturas de 2018, un buena ocasión para recordarlas hoy en el vía"
others,3764,0,original,Qué forma de salir bajo presión de ambos
joy,4096,0,original,"¿Quién es el amo del fútbol? Meeesssi, Meeeessi"
joy,4618,0,original,"Merecidísima hostia de la derecha, más feliz imposible"
sadness,5425,0,original,Eran padres y abuelos con actitud de arrepentimiento prometiendo a una niña que a partir de ahora se portarán bien.
others,1619,0,original,La batalla de los Bastardos es mejor en todos los sentidos que la batalla por Invernalia de anoche
others,4062,0,original,¿Podemos hablar de lo fea que está la playera del Liverpool?
sadness,31,0,original,Ay cara con sudor frío si se me hace bien bonito ver los vídeos de la gente cantando y rezando afuera de para que se logre apagar el incendio
disgust,1790,0,translated_en,Acabo de ver un episodio de una comedia que podría haber escrito... excepto por el hecho de que tiene 49 años! Hemos hecho cero avances en el cambio climático en todo ese tiempo. ¿Qué tan patético es eso?
anger,3999,1,original,A chingar a su madre y tus aficionados nacos molestando turistas en la calle cara con manos abrazando
joy,2195,0,original,Feliz . Porque leer es la forma más barata de viajar.
anger,7092,0,original,El calentamiento global no es una comiquita!. Escuchemos el llamado que nos hace la tierra y lo materializa (activista climática de 15 años) en su discurso en el Foro…
joy,4739,0,original,si os digo la verdad estoy bastante tranquila con los resultados que hay de momento
others,5918,0,original,Al menos 69 heridos tras alzamiento opositor en
others,5617,0,original,Altar a la Virgen de Guadalupe no se dañó en incendio de Notre DameAquí te informamos: flecha hacia abajo
joy,3041,0,original,¡Feliz día del libro a todos!
anger,1042,0,original,Esto es una tiranía de un régimen débil e incapaz
sadness,29,0,original,"Hoy es un día triste en catedral de nuestra señora es muy hermosa, cuando este reconstruida va a estar más hermosa que antes."
anger,7030,0,original,Las erróneas políticas ambientales aplicadas en la última década por los Gobiernos de Mariano Rajoy nos han traído hasta aquí. ¿Va a hacer algo la Junta al respecto? Pídeselo
others,2905,0,original,"Los renglones torcidos De Dios, de mis favoritos."
joy,2396,0,original,"Feliz Día del libro!!! Lo festejamos en el colegio con una multitudinaria jornada de lectura!! , , , , , ,…"
others,1583,0,original,8x03Melisandre es la ama
others,2640,0,original,"""Una niña niña tono de piel medio Un maestro docente mujer tono de piel medio Un libro libro cerrado Un lápiz lápiz ... pueden cambiar el globo terráqueo mostrando américa "" En el recordamos las palabras de nuestra Mensajera de la Paz, , defensora del derecho de las niñas a la educación. …"
joy,2344,0,original,"Por el me he dado el capricho de empezar a leer este libro. En español creo que se titula ""Hacía rutas salvajes"". ¿Qué libro estáis leyendo vosotros ahora? ¿Os han regalado (o habéis autoregalado) algún libro hoy?"
joy,2154,0,original,Sabía desde que eras una pequeña niña que estabas destinada a hacer cosas increíbles. La salvadora de Winterfell ... Gracias por evitar que perdiera la esperanza
others,6852,0,original,Casado está entre los caídos de
joy,3921,0,original,"Pijama, helado, fútbol. Que mejor?"
joy,1786,0,original,El mejor episodio de toda la serie. Brutal. Sublime.
others,6154,0,original,"Iglesias el moderador, aunque echo de menos el gran libro, su libro de cabecera: la Constitución"
joy,3984,0,original,"Gracias a la vida por poder disfrutar del gran Fútbol de , Increíble"
others,6353,0,original,"Pick Premium de publicado, hace un total de 3 pronósticos activos"
sadness,225,0,original,"No hay palabras de consuelo, simplemente no las hay."
joy,6421,0,original,Ya ganamos sin jugar pierde el Atlético ¡Somos Campeones!!! bíceps flexionado tono de piel claro corazón latiendo trofeo balón de fútbol
others,1015,0,original,resistan amigos venezolanos ánimo saludos desde bandera méxico bandera méxico bandera méxico
disgust,602,0,translated_en,"Compara con el 11 de septiembre, pero sigamos atacando por pedir a la gente que deje de atacar a los musulmanes por las acciones de un pequeño grupo que comparte esa religión."
others,6156,0,original,Un libro es un alma en infinidad de cuerpos....
others,4631,0,original,Mi animal político favorito es el votante de izquierdas que piensa que el PSOE de las reformas laborales va a frenar al fascismo señal de aprobación con la mano tono de piel claro
others,7946,1,original,Quiero puto llorar d nervios
others,6508,0,original,"El inició intenso, quieren HOY!"
others,7175,0,original,"exclamación doble La catedral Notre Dame de París, con su arquitectura gótica, contenía mucha simbología filosófica y esotérica exclamación roja"
others,997,0,original,Vergüenza por los argentinos que defienden al dictador Maduro. Solidaridad con los venezolanos ante esta terrible realidad.
others,6116,0,original,Y si me matan otro dragón me tiro por la ventana. Desde chiquitos los conoce uno...
others,1235,0,original,"Bandos militares se enfrentaron entre sí, un nutrido grupo de oficiales ha salido en defensa de la ciudadanía, mientras que otro ha reprimido con balas y bombas lacrimógenas a quienes apuestan a la desobediencia civil cámara con flash @mgutierrezphoto/@EFEnoticias"
joy,5391,0,original,Me encantan las personas anónimas que empujan y construyen.
surprise,6025,0,translated_en,Acabo de observar y oh... mi... mierda... ¡Dios! ¡Arya es una bestia!
others,1448,0,original,"""Me lo has arruinado"": El gran error en el primer capítulo de con Daenerys Targaryen"
others,6383,0,original,Enhorabuena al por ser justos campeones de 2018/2019.
joy,4448,0,original,Ya puedo dormir tranquila hoy
surprise,2261,0,translated_en,Qué agradable sorpresa. ¡Gracias a la prensa!
disgust,4078,0,translated_en,Esto es grande: si MSNBC está admitiendo que es un problema cuando el gobierno solo tiene armas... Entonces todo el movimiento de “control de armas” no tiene ropa.
surprise,6005,0,original,Gran episodio el tercero de no digo más
others,3432,1,original,y no hay trofeos para los albitros y para el var tampoco hay trofeo menuda liga mas sucia esta vergonzoso
others,5187,0,original,Greta Thunberg pide al Papa que se una a la lucha contra el calentamiento
surprise,6465,0,translated_en,"Vaya, ¿por qué no he visto esa loca Coincidencia?"
joy,1869,0,original,"os mejores 88 minutos que me han regalado la televisión en mi vidalo del capitulo de hoy de juego de tronos es lo mas grande que he visto, no recuerdo nada así"
sadness,518,0,original,"Así se desplomaron, abrazadas por las llamas, las agujas en la Catedral de en cara triste pero aliviada cara triste pero aliviada cara triste pero aliviada cara cansada cara cansada cara cansada"
surprise,7102,0,original,"La tensión, ansiedad. Mi cabeza iba a explotar y el hígado casi lo escupo por la boca. Casi me da un patatús viendo el 8x03 de"
disgust,546,0,translated_en,¿Cuándo empezaron a jugar para la izquierda? Cerrar a los funcionarios franceses en que posiblemente sea terrorismo. ¡Qué broma! Pero usted dejó ir y venir sobre la colusión que no sucedió.
others,890,0,original,"Tremenda muestra de dignidad del canciller Jorge Arreaza en representación de su pueblo y gobierno de el pasado año 2018, posición mantenida firmemente en el actual 2019, tanto por los venezolanos..."
anger,5022,1,original,"Que os han comido la cabeza es un hecho irrefutable. Yo no voy a pensar como vosotros me digáis que piense. No voy a seguir a la mayoría. Voy a seguir luchando, 4 o los años que sean, para llevar a España donde se merece."
anger,5550,0,original,"Los últimos 40 años de la Europa del bienestar , serán recordados como un miserable modelo de; gestión de recursos , destrucción del ecosistema e instauración de la desigualdad y la basura."
anger,6791,0,original,"Lo siento Cayetana, pero No es No!... Al carrer empleada de mostrador de información tono de piel medio"
others,4240,0,original,"Esta tiene ya dueño: el . Si el ha perdido hoy 3-0, habiendo merecido ganar..."
sadness,3202,0,original,No les preocupa el poco juego creativo que tiene el barça?
others,2649,0,original,Qué complicado va a ser para los macristas criticar el libro de Cristina. Van a tener que leer.
joy,4438,0,original,Al final el odio y la mala política no ha ganado!!
joy,5067,0,original,Menudo abril terminamos.. Primero Después los ganan las Y por último de Solo ha fallado la liga ganada por el y hubiera sido redondo... PD: al y mis amigos
joy,902,0,original,El pueblo de y su gobierno legítimo han dado una nueva lección al mundo de que no son lo que los medios extranjeros cuentan sobre ellos.
others,6746,0,original,¿Empezamos a recordarle la promesa de ayer?
disgust,6367,0,translated_en,"WATCH: Junto con Books to Prisoners, Bo-Won Keum está fomentando el empoderamiento a través de la literatura para los presos. He aquí cómo el diseño está ayudándola a hacer eso:"
anger,7591,0,original,"Nuevas amenazas y mentiras de contra , ante fracaso de golpe en . El emperador racista amenazó con ""embargo total"" y sanciones a Cuba si continúa con un supuesto apoyo militar al Gobierno de Nicolás Maduro. Rabieta prepotente y mentirosa contra Cuba."
joy,8023,1,original,CUANDO NO LIONEL EL MEJOR DE TODOS LOS TIEMPOS SIGANSELA CHUPANDO AL REY
joy,2582,0,original,BTS que mejor que ayudar a las votaciones y hacer mención de uno de los días que más me gusta del año!
others,838,0,original,"Para los desesperados, la señal de que es que el usurpador no ha hablado en todo el día"
joy,2399,0,original,Feliz Día del Libro 2019
joy,2320,0,original,"""Regalemos mil libros y leamos mil rosas"". cara sonriendo con ojos de corazón Cuatro de nuestras chicas disfrutan la magia de en esta noche del . ¿Quién es quién? cara sonriente"
surprise,3024,0,translated_en,"Soy un gran fan, pero Cristo, ese gol de cara asombrada Él es sólo otra raza de futbolista. El mejor jugador que hay."
joy,8302,1,original,CON RIVERA NO!!! Que grandes ¡me cago en mi puñetera madre!
anger,1329,0,original,"Puede ser tu mamá, puede ser tu abuela, es la madre o la abuela de toda Venezuela, herida por querer ser libre. Esto no puede pasar más corazón roto corazón roto corazón roto ."
surprise,1397,1,original,Una polla pero bien grande de capitulo. Estoy confuso. No entiendo nada. Porque? A cuento de que todo?
others,8124,0,original,Lo único que odio de ser verde es que use el color de mi piel para hacer campaña.
fear,5796,0,translated_en,"Dos grupos de soldados se han disparado el uno al otro, todo esto se ha vuelto mucho más peligroso."
surprise,7082,0,original,"y las huelgas escolares contra el . La adolescente inició un movimiento mundial de huelgas escolares contra el cambio climático. La joven quiere que todos comprendamos que estamos ""en una emergencia, en una crisis""."
joy,3468,0,original,¡TU FELICIDAD ES LA NUESTRA CAPITÁN! círculo rojo círculo azul
joy,5321,0,original,Hoy nos manifestamos para cambiar el curso de la historia los jóvenes se empoderan y salen a a las calles a exigir que se tomen medidas urgentes y nos dan una lección de trabajo colectivo por un futuro mejor
surprise,2896,0,translated_en,Cabeza explotando cabeza explotando cabeza explotando No sé qué decir... ¡Estoy conmocionado!
joy,1657,0,original,El episodio 3 de ha estado a la altura de las expectativas. Esta noche toca revisionado con todas las luces apagadas cara haciendo una mueca cara haciendo una mueca cara sacando la lengua y guiñando un ojo
others,6818,0,original,Muchos? 0 escaños para VOX ya me parece mucho
joy,2716,0,original,felicidades a todos los lectores
fear,1532,0,original,"Tengo mucho miedo por los dragones y por fantasma porque fijo los productores se querrán deshacer de alguno porque ""cuesta dinero el CGI"" y sé que voy a llorar!!"
sadness,2204,0,original,"Anheló de vivir , la vida de Vincent Van Goh , de mis libros favoritos"
joy,2481,0,original,Feliz rosa . Solo os pido una cosa: leed...
others,6930,0,original,El rol de los medios en el seguimiento al cambio climático y sus mediciones es decisivo.
disgust,7655,1,original,"Los religiosos siempre dicen que los planes de dios son perfectos, que significara la caida de ? que deben morir los pedofilos, las religiones, la iglesia? cara pensativa"
joy,2241,0,original,"En ese entonces estaba en boca de todos la hermosa ""La Forma del Agua"" de , y como tenía mi Gabinete de Curiosidades a la mano, pues también lo reseñé:"
sadness,6787,0,original,Ojalá ninguno de esos votantes se tenga que quedar en el paro y salir de España como tuvimos que hacer algunos.
others,6536,0,original,Ustedes 2 siempre corazón rojo corazón azul vamos por esa Champions.
joy,3069,0,original,Qué bonito homenaje en el Precioso. corazón rojo
others,6571,0,original,Si Barcelona no gana hoy 3-0 el Liverpool se lo va a afilar en la vuelta
anger,1327,0,original,QUE MENTIRA MÁS ATROZ ESTAN DERROTADO NO SE VA
joy,1854,0,original,es el MVP del tercer episodio de por ser un buen hombre. en te quiero Theon
others,5027,0,original,"Casado muestra la culpa de su derrota, la semana santa"
fear,1807,0,original,¿Quien os da mas miedo que llegue hoy?¿Los caminantes blancos a Invernalia?¿O vox al congreso?
joy,2864,0,original,Mi novela Intraterrestre está hoy con un 35% de descuento en BuscaLibre. ¡Solo por hoy!
joy,3986,0,original,La . El mejor torneo de la historia
others,1730,0,original,¿Es mi impresión o en el capítulo de no se ve absolutamente NADA? cara con sudor frío
surprise,1539,0,original,como coño duermo yo después de lo que acaba de pasar
others,5682,0,original,El Jorobado de Nuestra Señora de Paris. Víctor Hugo.1831.
others,1031,0,original,militares atropellan a manifestantes en luces de policía cara gritando de miedo cara asustada Aquí los videos dorso de mano con índice a la derecha
surprise,7965,1,original,Qué puta pasada el 8x03 de
joy,1915,0,original,"Sin palabras para definir el capítulo de de esta noche!!!! Sin palabras!!!! guapa , sublime , inigualable!!!! cara sonriendo con corazones cara sonriendo con ojos de corazón cara sonriendo con corazones"
fear,6434,0,translated_en,"Razón para poseer un AR-15 (o cualquier otra arma)...""Una Milicia bien regulada, siendo necesaria para la seguridad de un Estado libre, el derecho del pueblo a tener y portar Armas, no será infringido."""
joy,3947,0,original,La emoción de la Champions es inigualable!!
disgust,1761,0,translated_en,"El día de hoy le pregunta al ex líder de comunicaciones de la DNC sobre el presidente Trump y Venezuela, él da una respuesta sorprendente...."
sadness,7423,0,original,"vela Estamos muy consternados por el incendio de . Sin entrar en temas religiosos, en esta tragedia se han perdido tesoros culturales y espirituales de valor incalculable. Sobre esta obra del gótico escribió el maestro alquimista ""El misterio de las catedrales"""
disgust,949,0,translated_en,¿Por qué se siente como la única vez que parece que oigo el de Twitter señalando a la victimización de la gente es cuando hay puntos que anotar?
anger,1368,0,original,"La gente quejándose de que la fotografía del último episodio de es una mierda porque está muy oscuro y no se ve nada... Mmm y no os habéis planteado que ese es el objetivo??? Vale, que no se ve, es verdad, pero coño, querrían jugar con eso y el miedo a la oscuridad"
joy,609,0,original,"Ayer, mi hijo me preguntó: “Entre salvar un hombre aleatorio y u otro monumento equivalente, ¿qué elegirías?”Todavía se me encoge el alma por el segundo que tardé en contestar. Pero creo que merece la pena arriesgar la vida por salvar algunas Cosas. (Con mayúsculas)."
disgust,5870,0,translated_en,La gente habla tanto de fútbol. Liverpool extremadamente desafortunado. Messi en una noche fuera de casa sonando con ojos de corazón
sadness,7222,0,original,"BONJOUR TRISTESSE… Esta mañana el mundo, y yo dentro de él, hemos amanecido más tristes tras lo sucedido con ese monumento que, de alguna manera, consideramos patrimonio de todos, que es la catedral de . Este querido retratillo tiene diecinueve años"
anger,735,0,original,"Mientras reflexionamos sobre lo duro que es estar en medio de una nueva guerra fría, en pleno siglo XXI, el silencio en es realmente escandaloso"
joy,6300,0,original,"Celebremos el día del libro recomendando libros, abro hilo:"
joy,1114,0,original,"Enorgullece la actitud de nuestros corajudos en , ""viven de frente y derecho, preparado pa'l combate y a su bandera se aferra""."
sadness,4379,0,original,Tras los resultados de anoche da la sensación de que los españoles queremos una España que ni nosotros mismos conocemos. Y sabiendo cómo somos nos vamos a acabar arrepentimiento. Será tarde. Al tiempo. bandera ceuta y melilla
others,557,0,original,"Aquí mi foto a las afueras de la catedral de hace unos meses, los envidiosos dirán que estoy en León Guanajuato."
anger,4966,0,original,"Estate tranquilo, Santi. Podrás seguir viviendo del cuento unos años más."
sadness,7220,0,original,lamentable y triste lo que está pasando en necesitamos ver como nosotros como sociedad podemos ayudar a que este tipo de cosas así como el incendio en para que dejen de ocurrir o como podemos contribuir para ayudar
disgust,5520,0,translated_en,Me encanta pasar todo el tiempo entrecerrando los ojos incluso después de ajustar el brillo de la TV.
sadness,2287,0,original,Así celebra el SAIME el Sería un chiste muy cómico si la realidad no fuera tan dolorosa. cara con el ceño fruncido
sadness,7276,0,original,Triste toda la historia que se a perdido en un solo lugar
disgust,4759,0,translated_en,"No estaba claro en las primeras horas del lunes si también necesitaría el apoyo de legisladores separatistas de Cataluña, la región más rica del país donde un impulso por la independencia se convirtió en violencia hace dos años."
surprise,7871,1,original,Qué puta barbaridad acabo de ver????
sadness,435,0,original,"ES——ERALa tragedia es la destrucción de la belleza. Cuanto más se destruye, más trágica es. Las cosas buenas deben ser preservadas a través de imágenes, literatura y música. Lamentablemente, no he visto la de Paris."
sadness,628,0,original,"""El Sonido del mar"" un grito que nos envía un SOS desde lo profundo de los mares, donde ni vemos ni sentimos el sufrimiento de los seres marinos.... Tristeza... Infinitamente más tristeza que la pérdida de todas las del mundo juntas ..."
others,3420,0,original,Watch 's broadcast: Aficionados del celebran un nuevo título de en la capital de
disgust,43,1,original,"Gente que le da igual pero si se les rompe el móvil ahí si se ponen a llorar,vaya banda de subnormales;No valoramos la poca historia de arquitectura que queda de pie. Rip la inteligencia humana!"
joy,3440,0,original,La mejor noche cara sonriendo con ojos grandes pulgar hacia arriba entra esto y championes del
joy,5422,0,original,Orgulloso de mi alumnado comprometido con nuestro planeta. Cuidemos nuestra casa común. Acciones concretas ya! Gracias por saltarse las clases para concienciar sobre la urgencia de frenar el cambio climático
anger,7626,0,original,"Llevo ya un tiempo preguntándome si en España no hay ningún izquierdista con 2 dedos de frente,y los comentarios me hacen reafirmarme que no. cuidado con el twit del desgraciado de Máximo Pradera."
sadness,7219,0,original,¿Qué si estoy triste por ? Cómo no voy a estar triste si ahí fue donde me bautizaron...(Me dueles Paris)... Snif snif
disgust,714,1,original,"Todos los cubanos que hay en contratados desde Chávez, ninguno a perdido su acento y tampoco se ocultan."
sadness,7319,0,original,"Hoy he leído tanta lamentación: “Que terrible, cuanta pérdida, una lástima, cuánto valor histórico!”... tanto Jorobado sufriendo por la Catedral de y con cuea se han parado a mirar a los hermanos del flaco a hacer humor afuera de la Catedral de Santiago."
joy,6801,0,original,Con tantas y tanto se me ha pasado que el sábado me reí como hacía tiempo con en Alpedrete. Que crack!!!
others,1165,0,original,Teniendo en cuenta los acontecimientos que se desarrollan en Venezuela queremos comentar un poco de la migración que se ha presentado y que ha generado una relación cultural entre venezolanos y colombianos. Información:
disgust,2028,0,translated_en,"Estos son los mismos latinos sexistas y racistas que quieren llevar a sus hermanos y hermanas más oscuros que se quedaron atrás en el imperio para ser masacrados. ¿Realmente rápido, nombrar un país que Estados Unidos ha hecho un cambio de régimen que está mejor hoy?"
others,1062,0,original,"Cabello dice que están ""completamente derrotados los golpistas"" en Venezuela bandera venezuela"
surprise,4110,0,translated_en,Así que... bueno... que todo sucedió ¿no es así?! ¿Alguien más grita a su TV? Múltiples emociones en múltiples ocasiones hasta ese momento cuando creo que ensordecí al gato...
disgust,2584,0,translated_en,Sería bueno que la Iglesia Católica EXTRAORDINARIAMENTE BIEN donara 2 millones a cada una de las cuatro iglesias negras que se quemaron.
disgust,6227,0,translated_en,"Los muy ricos que no han donado $100m+, debería avergonzarse por no ayudar mucho a restaurar uno de los sitios históricos más grandes del mundo e innumerables tesoros / obras de arte. , Mark Zuckerberg,"
others,6811,0,original,Estos de VOX se creen que han ganado las elecciones?? Si teneis los mismos diputados que los independentistas
disgust,5684,0,translated_en,"La producción detrás del último episodio es honestamente una locura, una hazaña de hacer películas seguro. Animo a todos a dar este un reloj"
joy,1882,0,original,"Si lo ves una vez te parece espectacular pero cuando lo ves por segunda vez te das cuenta que posiblemente sea el mejor capitulo de la historia de la television, sencillamente una obra maestra. Un 10."
joy,5359,0,original,"Todo un ejemplo contra el Desde ahora, me confieso un ferviente admirador de esta chica cara sonriendo con ojos de corazón"
disgust,5918,1,translated_en,"Cuando la gente está cansada de los fracasos del socialismo, el gobierno simplemente los atropellará cuando se rebelen. Asqueroso."
disgust,1618,0,translated_en,Como el 11 de septiembre para la Iglesia Católica... millones de dólares para apoyarlos mientras se derrumban... necesitaban esto... los pagos por abuso cuestan mucho.
disgust,713,0,translated_en,"El acoso es una prueba de que la derecha se ha quedado sin ideas. Con los científicos apoyando su causa, los opositores de la joven activista ambientalista han recurrido a feos ataques personales"
joy,5082,0,original,"Si la gente se centrará en mejorar ""España"" en ves de estar que si derechas e izquierdas, nos iría mucho mejor!! Mirad a lo que nos den, no de qué lado viene , si lo que va a hacer es mejorar nuestro país bandera españa ¡OLÉ!"
joy,6212,0,original,(get repost)・・・Los libros son mentes que hablan para quienes escuchan y entiendan la eternidad a través de ellos.
anger,680,1,original,"tiene problemas serios ,y para muestra que muchos venezolanos emigrando para que su familia pueda comer ,y un gobierno que habla puras tonterias ,siempre culpando a otros ellos no tienen culpa de nada"
joy,5059,0,original,"Estamos celebrando que Vox ""sólo"" ha sacado 23 escaños. Ojo, la lucha contra el fascismo empieza ahora. Esto sólo es ganar una pequeña batalla."
joy,2340,0,original,"Leer es mucho más que un placer, es una de las actividades que nos define como humanos."
others,3770,0,original,Las playeras del Barcelona se rompen muy fácil.
others,5817,0,original,Cancelados hoy 5 vuelos Miami -
joy,4348,0,original,"¡Lo hermoso que es ver jugar a Messi, señores. Hace creer que todo es fácil!"
others,3172,0,original,Esta guapa se queda en casa.
disgust,1799,1,translated_en,Sólo tengo que decir que el hígado se merece estar consiguiendo una buena polla después de que sus fans han estado comportándose en Barcelona.
sadness,7471,0,original,"Qué la población en general, que la TROPA de las FFAA de no se levanten en verdaderas masas, nos da una idea del daño que le hicieron a esa nación. Por generaciones. Da pena, verdaderamente. Malditos sean y .@NicolasMaduro."
joy,4385,0,original,"Esta es de la España que hay que estar orgulloso, la que se levanta a votar para parar a la ultraderecha, no la que saca la bandera para hacer daño"
anger,7551,0,original,No entiendo por qué se molestan de que la gente ponga sus fotos en a fin de cuentas es un recuerdo que ellos tienen de la catedral. Qué necesidad de hacer sentir mal a alguien por subir una simple foto. A veces me caen taaan mal.
others,6214,0,original,"En el dediquele un segundo a leer los escritos de los muros, muchas veces ahí está lo que el autor no puede gritar, sobre todo en las poblaciones."
surprise,4550,0,translated_en,Como una nación sabia y grande seguramente los franceses no esperaban ninguna simpatía por el de:
surprise,878,0,translated_en,Wow... Juego de Tronos ep.3! Es la Guerra del Infinito de nuevo. cara con la boca abierta cara asustada cara mareada
joy,4131,0,original,Lo único bueno de ver la es tener el agrado de escuchar los comentarios de !!! Saludos desde Miami maestro!!!
joy,3033,0,original,"En el libros me llega el último número de la Revista de Estudios Políticos del De especial interés son los trabajos de , de y la recensión de J Tajadura del excelente libro de"
disgust,574,0,translated_en,"Sip, esto tiene sentido para mi. Raza una selva tropical para cultivar biocombustibles para salvar el planeta."
others,5853,0,original,Basta ver a y a paseándose en para saber que hay y dictaduras
others,6678,0,original,vamos no te bajes ahora!!!!
others,6671,0,original,¿En qué ángulo lo quieren ver? Golazo de alienígena Messi balón de fútbol
surprise,1627,0,translated_en,El Señor de la Luz monta para omg... realmente me golpeó.
others,1254,0,original,Entonces? perdió su última posibilidad de liberación?? O en qué están?
disgust,3146,0,translated_en,"¿Y si a los lectores de libros les importaran los spoilers tanto como los fans de las películas? Todavía habría gente como ""¡Yo, no estropees la Biblia, estaba a punto de leer eso!"""
others,6890,0,original,"Ejerciendo mi derecho al voto , en una Elecciones decisivas para la historia de la democracia de nuestro país. rosa"
sadness,209,0,original,Rezando el ave María impresionante cara con el ceño ligeramente fruncido
surprise,7268,0,translated_en,"Pero el algoritmo de selección de imágenes ciertamente no parece aleatorio. ¿Cuáles son las probabilidades de que elija una foto de una ciudad envuelta en humo un día (cuando la es la historia más grande del día), y de sí misma al siguiente?"
disgust,4688,0,translated_en,"Bolton está tratando de crear grietas en el campamento chavista, pero eligió a los peores personajes para su telenovela."
others,4882,0,original,"El gana las elecciones y el obtiene el peor resultado de su historia, con el 75% escrutado."
others,4120,0,original,espero que no se quejen de los injusto que es el futbol
surprise,6254,0,translated_en,"Oh, Dios mío... esa patada libre..."
others,1506,0,original,Mirad le he hecho a un edit de Se que es una gilipollez pero os gusta???
anger,8273,1,original,que aprovechen los venezolanos que hay en Chile de pescar su weas e irse a su país a celebrar la nueva dictadura... Payasos culiaos
anger,342,1,original,"El incendio de dejó en evidencia a todas/os los incultos, ignorantes, brutos y más que pululan esta red. Salió block a mansalva"
others,7867,1,original,No spoiler pero en serio subidle el brillo a la pantalla cuando veáis el capítulo de porque no se ve una mierda.
joy,4183,0,original,Felicidad que bonito nombre tienes!!
others,5812,0,original,Dios proteja nuestros hermanos de manos en oración manos en oración manos en oración
others,6876,0,original,"Con el 83,33% escrutado: : 123 : 65 : 57 : 35 : 24"
anger,7578,0,original,"¿Por qué el Brexit, Bolsonaro, Trump, Orbán o Salvini en sus países sí y en España Vox no? El argumento de que en esos países hay gente muy mala, ignorante y fascista y en España no hay tanta es demasiado simple."
sadness,1173,0,original,manos en oración tono de piel claro manos en oración tono de piel claro manos en oración tono de piel claro manos en oración tono de piel claro palo de corazones palo de corazones palo de corazones nuestras oraciones y nuestros corazones unidos con Venezuela.
sadness,7449,0,original,"Muy triste por la terrible pérdida de un simbolo de la arquitectura tan espléndido. Siempre postergué viajar a Paris porq lo veia tan cerca q prefería otros lugares, y ahora cuando vaya, ya no estará. Y no soy católica, pero si creyente, pero no imagino París sin ella"
others,3235,0,original,"trofeo | círculo azul círculo rojo cabeza parlante Valverde: ""Estamos contentos pero quedan retos por delante"""
anger,7584,0,original,Indignan tantas mentiras y manipulaciones!. Cobardes que no reconocen sus derrotas. Fuerza y Dignidad ! En demostraremos este que a más bloqueo y más agresión Más Revolución!
joy,4173,0,original,yo si veo al barsa favorito por que hoy he visto que dios es del barsa
sadness,7434,0,original,"Es lamentable que se queme tanta historia en Lamento el dolor de mis hermanos franceses, aunque es una pérdida para el mundo. Gracias a Dios que se preservaron muchas piezas valiosas."
joy,2070,0,original,"Desde ayer tarde paso de la risa al llanto y del llanto a la risa y otra vez de la risa al llanto. Y así sucesivamente, con el paquete de pañuelos en la mano, pi pi piiiiiiii."
fear,5301,0,translated_en,"Si el golpe en Venezuela tiene éxito, no se convertirá en presidente; Trump lo hará."
anger,711,0,original,"Es que el lío no es solo enfrentarse al ejercito Venezolano que claramente le rinde fidelidad al régimen. El verdadero lío es que tras eso están los colectivos, el ELN, las FARC 2.0, Los Rusos y Los Cubanos."
anger,743,0,original,Yo sacó fotocopias en la pega para mi hijo todo perseguido... y los mete en las reuniones mundiales sin asco? Que queda para los menos?
anger,4885,0,original,Entre y me va a dar algo que yo ya estoy mayor coño
disgust,5955,0,translated_en,"""La gente trata al bolívar como si fuera un bloque de hielo... Será mejor que sepas qué hacer con el cubo de hielo porque cuanto más esperes, menos habrá... Lo que sea que puedas conseguir por ese cubo de hielo..."""
disgust,715,1,original,Sacar a las ratas de tu casa no es un golpe de estado. Bueno eso estamos haciendo en
fear,5372,0,translated_en,Nervios pateando en ahora. Todavía nos gustaría no perder el juego. También creo que 16/5 son enormes probabilidades para un Liverpool ganar hombre encogido de hombres tono de piel claro
joy,2393,0,original,"libro abierto El vino es una muy buena compañía para celebrar este copa de vino ha fusionado letras y copas en un evento único, en Madrid, llamado en el que promociona sus caldos."
anger,8071,1,original,"Ahí perdonarán los hijueputazos! Pero el día de mierda y la Pasión por el fútbol, me llevan a eso.."
sadness,1201,0,original,Cuánta falta nos hace un líder espiritual en este momento... Dios ayude a Venezuela.
others,2105,0,original,"No sé qué va a estar mas interesante, si el resultado de las o el nuevo episodio de de esta noche"
disgust,1220,0,translated_en,Las reacciones más extrañas que he visto en las redes sociales a la gente implica la publicación de fotos que tomaron en o en la catedral. ¿Para qué es exactamente? ¿Quién hace ese beneficio? ¿Qué prueba? Tantas preguntas.
disgust,7751,1,original,Macri dice apoyar la democracia de Venezuela respaldando un presidente golpista. Es tan ilógico y ridículo su razonamiento como su gestión actual.
disgust,6959,0,translated_en,Parece que no crees en los derechos humanos. Es una pena.
anger,7821,1,original,"ha apoyado a en su intento de eliminar cuyo régimen está respaldado por , , y uno que otro pendejo mexicano como ,"
others,8110,0,original,"O sea. Utiliza las instituciones a su antojo, miente como nadie ha hecho, vende la unidad nacional a cambio del falcon, traiciona a los españoles…De verdad, no entiendo a los votantes socialistas. Deben haber pasado los últimos meses en una cueva."
disgust,4037,0,translated_en,Suárez no tiene respeto por nadie. Liverpool debería avergonzar al imbécil al ganar este juego
others,1939,0,original,Ep3. Otro episodio en el que no muere nadie y ni una gota de sangre en Una pregunta: Porque se dan la vuelta los caminantes blancos y no atacan a nadie?
surprise,924,0,original,exclamación doble ¡Impactante! advertencia Policías y militares en arrojaron bombas lacrimógenas contra miles de manifestantes que atendieron el llamado de Guaidó [@jguaido]
joy,2427,0,original,Hoy estamos de fiesta y deberías visitarnos.
others,5163,0,original,"No solo tienen razón, tienen derecho, por"
sadness,3842,0,original,Gol del Barcelona. Me callo mejor
sadness,7381,0,original,"Lloro por la perdida de , me siento tan mal como si acabase de perder un familiar..."
joy,4577,0,original,Lo que se está perdiendo la gente que no tiene twiter. Esto es mejor que la fiesta y el after.
others,5337,0,original,Obviamente sabiduría no tiene edad...
disgust,1984,0,translated_en,"El calentamiento global en Spitzingsee en Alemania, el 6 de mayo. ¿Ni un pitido de alarmistas o? Oh - sólo cuando está más caliente de lo normal, por supuesto - entonces de repente es la mano del diablo."
others,2245,0,original,Con motivo de la celebración del es necesario seguir apostando por la adaptación de materiales a Lectura Fácil para facilitar la accesibilidad a todas las personas trébol de cuatro hojas libros
disgust,6587,0,translated_en,Sospecho que está siendo utilizada por gente más grande con otros intereses.
others,1267,0,original,Vergüenza ajena! Perdón venezolanos. La mayoría de los argentinos estamos con Uds.
disgust,7963,1,original,Como se nota que ya no tiene el apoyo de los libros. Vaya mierda de temporada se están sacando.
sadness,441,0,original,La primera iglesia con estilo gótico del mundo hoy sufrió el peor incendio de su historia una lamentable pérdida cultural e histórica para el mundo.
others,3044,0,original,"Un dia tus libros y mis libros estarán en el mismo librero... Pero yo los acomodo porque *órden alfabético*... Sí, lo sé, soy una romántica...."
sadness,204,0,original,La cultura europea está sufriendo por Aún no podemos ni creerlo...
disgust,5254,0,translated_en,"""La agricultura industrial es la culpa de gran parte de la destrucción y extinción de la naturaleza"" concluyen los estudios, sin embargo, no se oye a las empresas y el estado patrocinado ni mencionar esto."
fear,4412,0,original,Bienvenidos a la próxima crisis en españa . Que dios nos pille confesados
joy,3612,0,original,"Día de Champions! Como se nota que es un día de fútbol, noches de esas que te hacen un miercoles más especial y que tanto se ha echo esperar balón de fútbol cara sonriendo con ojos de corazón pase lo que pase a disfrutarlo círculo rojo círculo azul corazón rojo"
others,7810,0,original,"Querida, un dictador como Maduro solo puede ser vencido definitivamente con el arma mas poderosa de todas: El Rezo del Santo Rosario de la Virgen María, ella nunca los va a abandonar."
joy,237,0,original,¡Conmovedor! bandera francia Franceses rezan afuera de mientras ven como el edificio es consumido por el fuego
others,2228,0,original,"Interesantísima charla de Teresa Valdés en la Casa de Cultura de Llanera sobre y en el , que en Llanera es más que un solo día con un"
others,850,0,original,Están completamente derrotados los golpistas en
disgust,5502,0,translated_en,¿Es hora de actualizar “La revolución será televisada” a “La revolución se reproducirá en Twitter” o ya lo hicimos?
others,5689,0,original,: Donará millones de euros a
disgust,7279,0,translated_en,"Bueno, esconderse en las criptas fue una mala idea."
disgust,6696,0,translated_en,"necesita ir, punto; Después de semanas / meses de tratar lo más pacífico posible, para promulgar la voluntad del pueblo a través de su elección de , esto estaba destinado a suceder Maduro es un socialista / dictador que se aferra desesperadamente al poder como la gente de sufrir"
others,2839,0,original,En el te damos nuestra aplicacionLA MEJORNo necesitamos antena para llegar donde estas flecha hacia abajo
joy,2753,0,original,rosa libros ¡Uno de mis días favoritos!
others,1049,0,original,En directo desde : Fracasa Intento de golpe de estado
joy,4719,0,original,"Ejerciendo nuestro derecho al voto, hoy con más razón que nunca, por las generaciones que vienen y por las que lucharon para que hoy podemos ejercerlo"
surprise,6569,0,original,"lo que se tragó Dembelé, mamitaaaaaa"
joy,2647,0,original,“Los libros son el mejor viático que he encontrado para este humano viaje”.
sadness,4603,0,original,Solo siento que hayamos perdido 24 escaños de cordura
others,5376,0,original,Usos luchan. Otros patalean. Usos luchan. Otros NO.
joy,1464,0,original,¡Que va! ¡Si no nos ha dado tiempo a publicarlo! Al final se nos fue el santo al cielo entre y y no acabamos de editar. Menos mal que ha publicado ... A falta de pan... cara sacando la lengua y guiñando un ojo cara sacando la lengua y guiñando un ojo cara sacando la lengua y guiñando un ojo cara sacando la lengua y guiñando un ojo cara sacando la lengua y guiñando un ojo cara sacando la lengua y guiñando un ojo cara sacando la lengua y guiñando un ojo cara sacando la lengua y guiñando un ojo cara sacando la lengua y guiñando un ojo cara sacando la lengua y guiñando un ojo cara sacando la lengua y guiñando un ojo cara sacando la lengua y guiñando un ojo cara sacando la lengua y guiñando un ojo cara sacando la lengua y guiñando un ojo cara sacando la lengua y guiñando un ojo cara sacando la lengua y guiñando un ojo
disgust,4817,0,translated_en,"Excavaciones para un aerogenerador, agujero enorme excavado, para ser llenado de hormigón y acero. Loco que creemos que podemos salvar el planeta haciendo esto."
sadness,5627,0,original,Día 14: hoy es un día duro después de ver ha sido un shoc muy grande y más sabiendo todos los recuerdos que tengo vividos ahí
sadness,7472,0,original,No puedo creer todo lo que esta pasando en Venezuela. Es tan tan triste. Que se acabe ya
disgust,7719,1,original,cara llorando de risa cara llorando de risa cara llorando de risa cara llorando de risa en serio Pichetto? En serio?!?!?! No sos más hijo de puta y panqueque porque no te dan las horas del día! Peronismo de manual
surprise,635,0,original,¡PICANTE! Maite Delgado paralizó las redes con estas fotos en bikini (52 años bien llevados)
joy,4718,0,original,Orgullosa del freno que le hemos puesto a la derecha y ultra derecha. Somos un ejemplo para toda Europa!
sadness,7430,0,original,"Triste coincidencia, capricho del destino. El ya era una fecha aciaga por consumarse el trágico destino del hace 107 años. Ahora lo recordaremos tb por el devastador fuego de"
others,1663,0,original,"profesional de la ciencia mujer profesional de la ciencia hombre tubo de ensayo alambique ¿Qué es el berilio? En un día con capítulo nuevo de , te dejamos todos los detalles de este arma secreta utilizada en la ficción. dorso de mano con índice a la derecha"
disgust,1630,1,translated_en,Estoy tan decepcionado que la Notre Dame no ardió hasta el suelo.
others,8075,0,original,Barça ql hasta jugando mal hace goles
joy,6364,0,original,bandera españa ¡Inicia el segundo tiempo! reloj despertador 0-0 EN VIVO:
others,5084,0,original,Por favor! Que alguien me enfoque las caras en la Calle Génova!
anger,8049,1,original,PERO ERA MANO HIJO DE PUTA
anger,4665,0,original,"España ha dicho hoy que basta ya de gritos y de insultos, que sería conveniente bajar los decibelios y relajar los aspavientos."
joy,4708,0,original,Hoy si voy a sacar la bandera de España. Orgullosa de este país! palo de corazones corazón morado
joy,1844,0,original,Mi madre: ¿No vas a ver ? Yo: Ya lo he visto cara sonriendo con gafas de sol No iba a perder el tiempo cara llorando de risa
others,4069,0,original,El señor es mi pastor y nada ne faltará.
joy,1614,0,original,La Mejor escena definitivamente ¡¡¡Por los siglos de los siglos!!!
surprise,693,0,translated_en,Hay realmente sólo dos posibles 50/50...... y las leyes de seguridad europeas están entre las mejores del mundo¡Notre Dame Burns!
joy,131,0,original,Les da tristeza y les da felicidad Los goles de Messi en el . Llueven tweets. Somos divinos!
surprise,6932,0,translated_en,Bueno... ¿quién lo vio venir?
joy,7016,0,original,"Todos los días serás el discurso de motivación hasta lograr el cambio. Hijos / hijas, nietos / nietas, padres / madres, sobrinos, sobrinas, abuelos / abuelas tu familia del mundo está contigo Every day..."
anger,7589,0,original,Sigue el circo machista… ahora le agregan la correspondiente campaña del terror con ; son horribles
joy,696,0,original,vamos pueblo que si se puede soñar con una patria libre!! FUERZA
anger,8076,1,original,"Mano mis pelotas, jugá trozo e mierda."
others,584,0,original,"La teoría más “sólida” es: estaba en mantenimiento estructural y al parecer los mismos trabajos causaron el incendio, al menos eso leí... Una paradoja que querer embellecer, terminó destruyendo el edifico."
others,5336,0,original,la niña de 16 años nominada al de la Paz
joy,1132,0,original,"Con el corazoncito lleno corazón rojo porque esta hermosa familia que conocí por sentirme más cerca de y que me han acogido como una más de ellos, siempre me demuestran su cariño y apoyo en las malas y en las buenas. Graciasss!!"
sadness,208,0,original,"Desde el Colegio de Arquitectos de lamentamos profundamente el incendio que ha sufrido la catedral de de , un símbolo de la a nivel mundial (vía )"
anger,76,0,original,"Atención advertencia A quienes dicen que si la Catedral de estuviera en México, sobrarían manos para apagar el fuego: hacen faltan brigadistas para los incendios del y las 200 hectáreas de manglares en Campeche. fuego bombero hombre tono de piel medio bombera tono de piel medio bombera tono de piel oscuro medio bombero hombre tono de piel claro fuego"
disgust,1885,0,translated_en,Incluso se aprovechó de esta oportunidad para hacer política. tiene simpatizantes en los círculos.
others,796,0,original,"Lo que sea?... de que se trata ese ""Lo que sea""?... en verdad no sé, que tiene que ver una cosa con la otra?... creo que sólo tratas de generar tu show mientras en se sigue sufriendo con un dictador como"
others,6498,0,original,Min.56 [0-0] Segundo cambio en el : se retira Filipe y entra Correa.
joy,6540,0,original,DE AQUI SALE EL CAMPEON DE LA
sadness,1517,0,original,Estoy consternado. No creo poder superarlo jamás... Adiós.
disgust,76,0,translated_en,Los adultos responsables de poner a este niño vulnerable en el pedestal global son individuos enfermos. Es explotación y abuso flagrante OMI.
disgust,2493,1,translated_en,Tal vez puedan subir a un avión y enviarlo a los EE.UU. Él puede continuar su trama allí más fácilmente.
surprise,1180,0,translated_en,"Borde de la cosa del asiento, gritando a la cara de la TV asombrada"
others,8148,1,original,"Rosa FraCasada Díaz, ¡saca los tanques, coño! cara llorando de risa cara llorando de risa cara llorando de risa cara llorando de risa cara llorando de risa cara llorando de risa cara llorando de risa cara llorando de risa"
disgust,3009,0,translated_en,"No hay evidencia creíble que culpe a los islamistas al . Sin embargo, me parece peligroso y despreciable que los medios de comunicación hayan cerrado el debate racional sobre el asunto a raíz de la profanación de tantas iglesias en Francia recientemente."
anger,7549,0,original,"Es cagado que se ofendan o se burlen de la gente por subir/""presumir"" una foto en Notre Dame para honrar su recuerdo. Se ven muy ardillas, la neta no tiene absolutamente nada de malo ridículos."
others,1346,0,original,"Sigue la tensión en tras las intensas protestas en el este de , heridos y detenidos hasta el momento."
disgust,7082,1,translated_en,Estás luchando contra los muertos y colocas a los más vulnerables en un lugar lleno de malditos muertos.
joy,634,0,original,"Mucha fuerza a mis amigos venezolanos, a sus familiares y a todo el pueblo de . Es un día histórico, se ha desatado una tormenta tras la que vendrá después la calma. Estamos con ustedes."
surprise,7866,0,original,"Que brutalidad de capítulo, que brutalidad"
others,2242,0,original,"«Letras capaces de llegar al alma. Es una obra que, con un lenguaje sencillo, es capaz de llegar al corazón del lector». estrella estrella estrella estrella estrella Opinión en Amazon.'Elefantes amarillos' dorso de mano con índice a la derecha"
sadness,460,0,original,"Igual que sus muros acogieron nuestras voces, ahora desde aquí nos unimos a ese canto de dolor y pérdida cultural globalNunca vamos a olvidar la emoción que sentimos cantando allí hace tan solo cinco meses"
surprise,2285,0,translated_en,No entiendo cómo alguien pudo quedarse en esos dragones mientras luchaban en medio del aire
joy,1757,0,original,He visto el último cap de Juegos de Tronos...... el mejor capitulo que he visto en mi vida.
joy,3859,0,original,"Que bien está jugando Vidal, espero que siga jugando el 2do tiempo señal de aprobación con la mano"
others,502,0,original,Las evangelicas de mi casa felices por que se quema la ignorancia es atrevida. -.- provoca es darle un solo derechazo en la jeta
anger,8183,1,original,HOLA DERECHA! QUE IGUAL NO SOMOS GILIPOLLAS!!!!
disgust,3651,0,translated_en,¿No habría sido increíble si 600 millones de euros se hubieran recaudado en 24 horas después para las víctimas? Parece que valoramos las cosas más que la gente.
joy,6434,0,original,Barcelona bandera españa campeón de el equipo más regular en la temporada 18/19 Felicitaciones al
anger,3800,1,original,"El gafe intencional no cuela, abrazafarolas. A mamar."
joy,4047,0,original,Nuevamente Messi enamorando en la y los memes están recién salidos del horno. cara revolviéndose de la risa cara radiante con ojos sonrientes cara revolviéndose de la risa
others,3674,0,original,BUSCAS UN ABDOMEN PLANO???? DIETY te hará seguir la dieta al pie de la letra ADEMAS te dará energía para hacer tu rutina de ejercicio
anger,234,1,original,"No quería tuitear esto, pero las tripas me hierven si no lo hago: ""Es usted todavía más imbécil de lo que pensaba hasta ahora, y era mucho.""Hala, ya me he quedado tranquilo. A dormir."
surprise,3176,0,translated_en,"¡Mierda, Messi!"
anger,1080,0,original,Que vergüenza la izquierda Argentina!!! Patética!! Por dios!!!
others,2811,0,original,"Leer literatura, una actividad que muchos consideran ociosa o inútil, posee un valor social invaluable: nos hace más empáticos, más dispuestos a escuchar y entender a los otros."
others,2369,0,original,todo para que la sociedad sea mas culta y ayuda a depegarse de tantos aparatos tecnologicos y nos enseña a hablar mejor sobre todo nuestro idioma Español
disgust,491,0,translated_en,"¿Qué más de una guerra civil que la violencia desenfrenada en las calles, todos los días? ¿Sabe usted cuántas muertes violentas hay en cada día? Ni siquiera contar la gente que muere en los hospitales debido a la falta de medicamentos y alimentos. ¡Pero oye, somos resistentes, esperemos!"
disgust,8059,1,original,"no se como hay gente que piensa que Luis Suarez es un jugador limpio, es el jugador mas asqueroso que he visto."
sadness,6734,0,original,"Si llega a ganar VOX y el rey de la noche el mismo día, este si que hubiera sido un lunes realmente negro."
joy,2810,0,original,en la feria del libro de . Hoy es un día perfecto para embarcarse en esta aventura!
others,5490,0,original,globo terráqueo mostrando américa | Nominan al Nobel de la Paz a la joven activista - Reclama medidas más efectivas contra el cambio climático -Los detalles aquí:
anger,8398,1,original,"Es imposible describir lo que se vive en ,Los amigos de Mujica y Tabaré Vázquez y de todo el F. A atropellando civiles con tanquetas. Esto es la dictadura asesina de Nicolás Maduro."
others,6564,0,original,El festejo de Luis Suárez en el 1-0 de sobre círculo azul círculo rojo círculo rojo círculo rojo cámara de fotos
disgust,4130,0,translated_en,No me di cuenta de su cobertura en vivo del fallido estado socialista de . ¿Demasiado real para su fallida narrativa?
others,6822,0,original,Mariano y Soraya Enel esta noche
fear,4408,0,original,Qué nervios!!! No sé con quién seguir los resultsdos electorales. En está que ya es un punto a favor... manos aplaudiendo tono de piel claro medio manos aplaudiendo tono de piel claro medio
disgust,5003,0,translated_en,"Un crítico tho sobre este tercer episodio: el mayor villano del espectáculo, el que esperamos durante 8 temporadas y por lo tanto para la batalla que esperamos durante 8 temporadas, así que murió en 1 episodio."
others,6111,0,original,Así me he quedado con el capítulo de
disgust,2355,0,translated_en,"Wow, el trabajo y el hombre mismo, que mucha gente puede no haberse dado cuenta o saber de, ahora puede ser la base de la que pueden reconstruir la Catedral!"
joy,3899,0,original,Más que lista para ver Liverpool - Barcelona
anger,8375,1,original,"Toda ésta mierda que hay en el mundo, el cáncer del mundo, el hambre, la violencia tienen nombre de país sin nombre: Estados Unidos. Pero es un tigre de papel, de lejos parece fiero, pero de cerca se ve la pintura"
surprise,4974,0,original,"El PP de Casado se hunde y suma solo 65 escaños, con el 86 por ciento escrutado vía"
others,1795,0,original,"Siempre he dicho que el último capítulo de la 6 temporada era el mejor, pero lo de hoy no tiene otro nombre que OBRA MAESTRA en todos los aspectos. Me voy a ver si concilio el sueño."
disgust,3525,0,translated_en,(Aparentemente) Opinión impopular: No me importa la
fear,2414,0,translated_en,"Lo que está sucediendo en este momento, además de sus implicaciones para la libertad y la prosperidad en ese país, tendrá enormes efectos de onda en toda la región, especialmente en los aliados Nicaragua y Cuba."
others,6050,0,original,Quién crees que va a morirá esta noche? Esperamos sus comentarios flecha hacia abajo
joy,5456,0,original,"Aplaudo este movimiento de los jóvenes, españoles y del mundo entero. Me permito invitar a la lectura de mi post CAPITALISMO, CRECIMIENTO Y COLAPSO. UNA CRÍTICA A NUESTRO ACTUAL SISTEMA ECONÓMICO (01.10.14)"
joy,5031,0,original,"Sin palabras, solo votos!! Hemos hecho que pase"
sadness,7486,0,original,"Estimado,como lamento todo lo que pasaste estando preso,me acuerdo cuando viniste a Uruguay a contar lo que pasaba en Venezuela y luego fue todo un desastre,Uruguay está contigo y Guaido a pesar de Vásquez... bandera uruguay @jguaido"
others,6119,0,original,no me puedo dormir Actualizando Twitter todo el rato para leer vuestras opiniones jeje
disgust,4008,0,translated_en,La cantidad de personas que se quejan de que la gente está triste por la Notre Dame es absurdamente preocupante. ¿Por qué no puedes sentirte triste porque una parte de la historia (y el arte/arquitectura por no mencionar la religión a algunos) ha sido dañada irreversiblemente?
others,3035,0,original,un buen libro qur me recomienden
joy,1541,0,original,Solo hay una palabra para definir lo que acabamos de ver...ÉPICO
anger,8060,1,original,"Otro año ganando un equipo español, la puta madre"
fear,1381,0,translated_en,Este juego me da ansiedad! Estoy realmente asustado lol. cara haciendo una mueca
joy,3000,0,original,Últimas firmas de con entre otros. ¡Hoy han estado con nosotros más de 200 autores nacionales e internacionales en este día tan especial! ¡Muchas Gracias a TODOS/AS! rosa libros dragón
surprise,7847,1,original,Me he quedao to puto loco con el episodio 3 de
joy,6858,0,original,SOLUCIONADO!!! pacto y mayoría absoluta sin los independentistas pulgar hacia arriba tono de piel claro medio cañón de confeti mujer bailando tono de piel claro medio
anger,8012,0,original,VAYA ROBO AL VALLADOLID!!!!! ESCANDALOSO
joy,1953,0,original,Pero cómo es posible que digáis que es una basura por favor. Este último capítulo es para introducirlo en el Bran de los dispositivos de almacenamiento y salvaguardarlo con diecisiete dragones. No he disfrutado tanto con un episodio en mi vida.
joy,4492,0,original,"Seguimos PROGRESANDO y no involucionando. Me congratula ver que los españoles todavía no nos dejamos manipular por mentiras, cuentos y tergiversaciones de la derecha. La cobarde, la escondida y la de los machitos de pacotilla. BIEN ESPAÑA, BIEN."
others,3294,0,original,trofeo cabeza parlante Gárate: “Algún día llegará esa Champions anhelada”. flecha hacia la derecha
sadness,4180,0,original,Que injusto es el fútbol
others,5556,0,original,HILO | ¿Cómo puedes ayudar desde casa? globo terráqueo mostrando asia y australia 5 formas sencillas para reducir tu huella ecológica.
others,1065,0,original,"Palabra del día! Extracción, lea bien... Extracción"
sadness,116,0,original,Tanta pena me da que arda como que hagan falta sus llamas para que en este mundo se hable de historia. corazón roto
surprise,6006,0,original,Pero que locuron acabó de ver???
disgust,630,0,original,ALERTA recién volvió amenazar a con más sanciones por su apoyo a . Hazlo viral y repudia esta acción.
others,1709,0,original,no haré vida normal nunca más después de
joy,4626,0,original,España es mejor de lo que pensaba. Gràcies.
others,3582,0,original,jugando 12 minutos muy buenos. Se ve más equipo. Pero en hay varios monstruos que no necesitan empalmarse con sus compañeros
sadness,7388,0,original,Es triste saber que la Catedral de se incendió es muy triste saber que por un error del ser humano perdamos años de historia en un momento.
disgust,548,1,translated_en,¿Y el loco Bernie y su clase quieren el socialismo en los EE.UU.? La gente americana tenía que dar la vuelta rápido. cara con el ceño fruncido .
sadness,246,0,original,"iglesia La catedral estuvo a media hora de venirse abajo completamente. El daño en Notre Dame es irreparable. Nos adentramos en el templo tras el incendio, en"
others,4992,0,original,Ferreras cantando los resultados de las parece como si en cualquier momento metemos gol o va a salir el gordo de navidad.¡Que emocion!
fear,6210,0,translated_en,Espero que esas cosas que los fans están sosteniendo sean reciclables.
others,3046,0,original,: 5 apps para conseguir libros de manera gratuita desde tus dispositivos Android
disgust,1279,0,translated_en,HECHO COUPIS la primera operación militar La DEEPSTATE y TRUMP han trabajado en Juntos bien hechos chicos
sadness,19,0,original,"El se solidariza con el pueblo francés. El incendio de es una catástrofe para la Humanidad. Será difícil olvidar el día de ayer. Nuestro pesar y apoyo para recuperar esta joya gótica, Patrimonio Mundial de la"
joy,879,0,original,emisión especial a las 6:20 pm de sobre situación en LOS ESPERAMOS!
sadness,7254,0,original,Enserio estoy muy triste por mi Francia bandera francia lo que paso fue muy triste cara desanimada
disgust,812,1,translated_en,"Sabes quién está feliz por el malestar social y político en nuestro hemisferio, Putin. Sabes quién admira a Putin, quiere hacer negocios con él, le cree por encima de nuestras propias agencias de inteligencia y le besa el culo, Trump."
disgust,6425,0,translated_en,Muy inquietante. Reuters explica una estrategia para llevar mercenarios externos a . Dos de los principios más fundamentales del Derecho Internacional son la prohibición del uso de la fuerza y la no injerencia en los asuntos internos de otros Estados.
others,7180,0,original,Ya salió el peine.
others,5742,0,original,No sé habrían dañado los vitraux con el incendio corazón rojo
joy,4578,0,original,"La izquierda se sentia herida y no votaba. La izquierda se siente atacada... se levanta, se une, lucha... y gana!!! bíceps flexionado espero que esto solo sea el principio... la uniom hace la fuerza!!!"
anger,7936,1,original,PISAME LA PUTA CARA YA
sadness,7708,0,original,"Lo único que yo veo hoy, es que no existe ningún apoyo internacional a ni a los"
others,4464,0,original,"Quiero que empiece ya el escrutinio, estoy nerviosa"
joy,1713,0,original,QUÉ. CAPITULAZO. DE. JUEGO. DE. TRONOS. MADRE. MÍA. UFFF. ESPECTACULAR. ÉPICO. SIN. PALABRAS. GRACIAS
joy,241,0,original,"Mi momento más emotivo del día, fue ver salir al cuerpo de bomberos de la Catedral de Notre Dame y escuchar una ola de aplausos de toda la gente que estábamos cerca."
others,1804,0,original,Menos mal que todavía hay personas buenas en el mundo cara sonriendo con corazones
anger,7158,0,original,"De verdad después de ver las semis de es muy triste ver el , amo a pero q mal jugamos, y el líder no esta muy lejos de ser un equipo normalito, no es q pida q jueguen como en Europa, pero al menos el de rojo la entregue al de rojo, no es muy difícil"
disgust,6652,0,translated_en,"En realidad estamos aquí con los venezolanos y nos han entregado las llaves de la Embajada por el gobierno elegido democráticamente de , pero claro, seguir abogando por una violación del derecho internacional..."
joy,4762,0,original,También infinitas gracias manos aplaudiendo tono de piel claro manos aplaudiendo tono de piel claro manos aplaudiendo tono de piel claro para todos aquellos interventores y apoderados/as socialistas que han estado al pie del cañón en los colegios electorales rosa rosa
disgust,8026,1,original,"que pata sucia que es el barcelona, pero como ellos son los niños buenos de la pelicula, se las perdonan todas"
sadness,6625,0,original,Ahora mi corazón estará dividido cara llorando fuerte
joy,4300,0,original,balón de fútbol ¡FINAL! balón de fútbol Enorme victoria del que pone un paso en la final de la al vencer con un contundente 3-0 al Liverpool. trofeo
others,5410,0,original,"... pero para hacerlo, tenemos que hablar claro, no importa cuan incómodo sea..."
others,6358,0,original,En el área se toma todo el tiempo que quiere.
fear,131,0,translated_en,Leyenda actual: Mitch Albom es la próxima persona que conoces en el cielo
disgust,4675,0,translated_en,Es tan hermoso ver aves / murciélagos siendo sacrificados en el aire por alas de viento ecológico. Los turistas también pueden recoger algunos cadáveres de aves para hacer barbacoas ecológicamente amigables.
sadness,7526,0,original,Estoy viendo los resultados de la elecciones y me siento muy triste ... hay comparecencias de líderes que no entiendo!!!!¿pero esto es ESPAÑA?
joy,191,0,original,"a punto de desaparecer. Un abrazo a nuestros franceses. No es hasta dónde hemos caído, sino la fuerza con la que nos levantemos! VOLVERÁ A BRILLAR"
anger,7648,1,original,Y estoy leyendo como un chingo de gente bien pinche reprimida con el tema
sadness,474,0,original,recién enterándome y tuve el honor de conocerla. Qué tristeza!9 months ago
joy,3022,0,original,"""La palabra libro, está muy cerca a la palabra libre. Sólo la letra final las distancia: la O de libro y la E de libre."" - Sergio Pitol"
others,3919,0,original,Apaguen el play. Ya ganó.
anger,8303,1,original,Pero como sois tan fachas!!? Aún no sabéis como han acabado los fascistas en la Historia?
surprise,7700,1,original,"Coño fíjate que hace tiempo le comenté a un amigo que seguro me terminaba consiguiendo a en camino al trabajo, y fíjate me pele pero por poquito va ser a"
anger,7737,0,original,Tu serás condenado a 30 años de estudio!!. Debes comenzar por aprender a leer y a escribir! No queremos analfabetos en la nueva
sadness,7457,0,original,toda mi solidaridad con el pueblo francés por la trágica noticia... toda la humanidad hemos perdido hoy... me invade una gran tristeza ver las imágenes terribles del incendio de tan bello y valioso edificio
sadness,491,0,original,"La Catedral de fue terminada en medio de la Peste Bubónica que afectaba a Europa. De ahí en adelante sobrevivió al medievo, a la Revolución Francesa, incluso a la Primera y Segunda Guerra Mundial. Y hoy se incendió por tratar de restaurar un edificio de 800 años."
joy,3866,0,original,Hoy hay Chaaaaampions y queremos saber quién gana hoy sobrinos.
sadness,8006,0,original,"Las gradas del vacías con el título de liga sobre el césped, Dios le da mocos a quien no tiene pañuelos, con la pechá de llorar que me podría pegar yo... que pena!"
others,5815,0,original,"López y Guaidó son traidores a la Patria Grande, Viva ¡No Pasarán!"
joy,3154,0,original,La sonrisa infantil de Lionel Messi. Ha sido un año de ver constantemente al argentino en una faceta más natural. En cierra así.
joy,2652,0,original,"¡Feliz día del libro! cañón de confeti libros Aquí estamos celebrando, ¿y ustedes?"
others,3249,0,original,Ya denle a por favor
anger,2103,0,original,¿A alguien más le arde la vista luego del capitulazo de ? La noche fue muy oscura y la luz de las imágenes también.
sadness,3311,0,original,"Lamentable celebración del barça, muy lamentable."
others,7921,0,original,Entrar a Twitter y a cada paso ver del último capítulo de ¡Por favor! cara sin expresión
joy,6743,0,original,"Yo no soy adivina, pero me da que Pablo Casado ya tiene un pie fuera del PP cara llorando de risa cara llorando de risa"
others,3108,0,original,rosa Los detalles son para quien los valora. libros corazón rojo
joy,3448,0,original,Felicidades al FCBARCELONA manos aplaudiendo manos aplaudiendo manos aplaudiendo Mejor club español de los últimos 20 años de calle.
sadness,7226,0,original,"Con profunda tristeza vemos como un emblema del Patrimonio Mundial se destruye, perdiendo elementos irrecuperables de nuestra historia universal. Muy lindas palabras de"
disgust,7809,1,original,"En Mexico van a comer tacos de perro, y no van a alcanzar para todos. Aprovecha y copia las recetas de y antes de que caigan. Perro comunista! jaja"
others,5322,0,original,"Preparándonos para , te presenta este análisis de , en la que te contamos cómo la joven activista sueca hubiese vencido a Thanos"
others,1587,0,original,Si hoy gana Pedro Sánchez y esta noche el Rey de la Noche se carga a mi pienso cogerme una baja psicológica de varios meses
others,4179,0,original,cronómetro 16 balón de fútbol ¡Gran duelo por las semifinales de la ! trofeo ¿ o ? ¿Quién ganará el primer duelo? flecha hacia la derecha ¡Pedí tu jugada por nuestro ! ordenador portátil
others,4803,0,original,"Santi, cariño.... España es de los españoles no tuya.... reflexiona...."
others,7061,0,original,"El papa a Greta Thunberg: ""Sigue adelante"" bandera ciudad del vaticano"
others,511,0,original,Obvio sus amigos saben si fueron a o no cara con ojos en blanco . Eviten.
joy,3943,0,original,El CAMP NOUUUUUUU QUE HERMOSO cara sonriendo con ojos de corazón corazón rojo cara llorando fuerte algún día estaré ahí!
joy,7955,1,original,"Sin palabras, el capítulo de hoy fue brutal. Arya la puta ama"
disgust,2350,0,translated_en,"Para concluir, me parece que el fenómeno de es, al menos en parte, impulsado por una especie de demetrianismo frustrado que se manifiesta desde la psique colectiva de los suecos. No me sorprende en lo más mínimo que esto comenzó en Suecia."
others,6760,0,original,"Quien siembra vientos, recoge tempestades..."
joy,3201,0,original,"trofeo trofeo trofeo ¡Lo hicieron de nuevo! trofeo trofeo trofeo Con anotación de Lionel Messi, el venció 1-0 al Levante y se proclamó Campeón de"
others,6554,0,original,Me queda mucho a deber el pulgar hacia abajo
joy,3166,0,original,¡Felicidades a los fanáticos del Barcelona por el campeonato de ! balón de fútbol trofeo bandera españa
sadness,499,0,original,"Imagino que el mismo dolor que hoy se siente tras la perdida de siglos de historia resguardados bajo y sobre la bóveda de la iglesia de Notre Dame, debe ser el mismo que se sintió tras la pérdida de narraciones fantásticas bajo el fuego en la biblioteca de Alejandría"
joy,432,0,original,Lo que me pasó ahí dentro con Nuestra Señora de Guadalupe el día que mi papá cumplió 1 año de haberse ido al cielo... eso es indescriptible!!! manos en oración tono de piel claro medio cara con el ceño fruncido
disgust,4391,0,translated_en,"Surly la iglesia es la organización más rica del mundo y ahora están de pie con su mano pidiendo donaciones, sin embargo, no ayudan a los sin techo en sus propias puertas algo no está bien."
others,5716,0,original,"¿y el congreso, la muni y la casa, crema para cuándo?"
sadness,7255,0,original,"corazón roto . Cómo no nos va afectar la pérdida parcial de un lugar tan histórico y emblemático. 200 años en construcción y más de 900 años de . La estructura del techo era de los siglos XIII y XIX. Daño irreparable para el mundo, lo mínimo, conocer la causa."
joy,2178,0,original,"¡Feliz ! libros Este tesoro de la foto es mi colección de libros sobre sexología, erótica y feminismo corazón morado En Instagram he dejado la lista de títulos por si alguien quiere cotillearlos: disfrutéis mucho de los libros hoy y todos los días! cara besando con los ojos cerrados"
fear,1780,0,original,TENGO MIEDO. QUE NO MUERA NINGUNO DE MIS FAVORITOS POR FAVOR
joy,4674,0,original,"Independientemente de lo cada uno haya votado, estoy orgullosa del nivel de movilización que ha habido en estas elecciones."
joy,3368,0,original,""" es el camino y va 1-0 "" "" ¿Quién más que podía darle al el gol del título?"" El lo volvió a hacer. GRACIAS, los demás a las duchas."
joy,2284,0,original,"árbol de hoja caduca mujer libros Con la llegada de la y las buenas temperaturas, apetece salir a la calle a leer: devorar una página tras otra libro abierto parque nacional en terrazas o parques bajo el sol. periódico enrollado periódico La hace una selección con motivo del cuaderno flecha hacia la derecha botón de marca de verificación"
sadness,7491,0,original,Que duro y lamentablemente... Una víctima más de este Holocausto dizfrado de revolución ...
joy,2300,0,original,si no me fallan las cuentas... libros Lo nuestro empieza a ser algo serio... cara con mano sobre la boca cara de loco cara de fiesta copas brindando Y cada nos sale mejor!!! cara revolviéndose de la risa copas brindando
anger,1074,0,original,"Lo que ocurre en es muy grave. La ruptura del orden democrático nunca debe ser auspiciada. El injerencionismo extranjero en política interior, tampoco. La intervención yanqui nunca es a favor de un pueblo (en el mundo). La guerra civil con bandos militares, condenable"
disgust,3158,1,translated_en,"Lea & expanda su conciencia; pero SIEMPRE evite las enormes acumulaciones de sub-par, propaganda-incitando, tipo de literatura inundando los mercados hoy. Lo que usted come, reflexiona en su cuerpo; lo que usted lee, reflexiona en sus pensamientos y decisiones."
others,5867,0,original,"La educación ambiental es fundamental, debemos incentivar el interés en la población, referente a temas de conservación del medio ambiente. Pensando siempre en las futuras generaciones..."
disgust,4651,0,translated_en,No es un problema masivo para . Es un problema MENSIVO cabra
others,5695,0,original,evidentemente estuvo en en el momento del incendio
others,4152,0,original,Enhorabuena por el pase a la final. Lo siento es que en España hay mucho gafe suelto. Ejem
anger,802,0,original,bandera colombia bandera colombia bandera colombia bandera colombia bandera colombia No hay diferencia entre COMUNISMO y SOCIALISMO excepto en la manera de conseguir el OBJETIVO FINALEL COMUNISMO propone esclavizar al hombre mediante la FUERZAEL SOCIALISMO mediante el VOTOEs la diferencia que existe entre ASESINATO Y SUICIDIOAyn RAND
disgust,4400,0,translated_en,"increíble cómo todos estos individuos financiarán las reparaciones pero ninguno de ellos financiará la búsqueda o la búsqueda del piloto en el accidente de avión,"
sadness,49,0,original,"Diría que es de los edificios más bonitos que he visitado,, por tradición, historia, es una verdadera joya... El alma rota viendo lo que le pasó,,, corazón roto"
joy,77,0,original,"Buenas noticias! Una de las personas que han podido entrar en nos ha informado que el está bastante bien, pero que muy probablemente se tenga que desmontar durante las obras y se aproveche para limpiar."
disgust,5043,0,translated_en,"Medio billón de euros donados para reparar la Catedral aún cuando un niño necesita una operación de salvamento por sólo 10 mil nadie es generoso, ¿no? Los padres terminan pidiendo ayuda, pero salvaremos una Catedral durante una vida."
surprise,977,0,translated_en,Eso indignante de Lionel Messi.
others,5107,0,original,No todas las batallas son para avanzar. Algunas batallas simplemente son para no retroceder. Esto solo es el comienzo.
disgust,1376,0,translated_en,Este país está paralizado por el tráfico y . tiene una enorme oportunidad. Petróleo y hermoso y .
others,2877,0,original,Mayor instrucción y fomento de este hermoso hábito y cambiaría el mundo completamente. libros
anger,465,0,original,"No sé como sea en Francia, (entiendo que a mucha gente le parezca mal mi comentario), pero ¿que no cada iglesia es suelo del Vaticano? ¿y qué no el Vaticano tiene mas dinero que todos los parlamentos del mundo sumados? Para el vaticano reconstruir es una vacilada."
joy,3031,0,original,Leer nos permite viajar a diversos y fascinantes mundos sin salir de casa cara de dragón castillo europeo princesa ¡Feliz ! libros corazones giratorios
disgust,2515,1,translated_en,Sólo asegúrese de reconstruir la oficina de los sacerdotes tan lejos de donde los niños pequeños pasan el rato ...
joy,3177,0,original,balón de fútbol bandera españa 1-0 ¡TRIUNFO sufrido de los colchoneros que siguen con vida en la lucha por el título! Aquí las mejores acciones:
disgust,6109,0,translated_en,Este golpe es decepcionantemente no violento. He visto a más gente ser aplastada en las escaleras de la línea central en la estación de Bond Street.
others,3308,0,original,Hoy 12:45pm-gt “Lo extraordinario es que parezca normal” balón de fútbol
sadness,4613,0,original,"Lo que ganamos ahora, lo perdemos después en INVERNALIA. cara sonriendo con sudor frío"
others,7126,0,original,. gracias por el tip. Reto Cumplido . Tienes más ideas?
surprise,3576,0,original,Increíble ese gol de tiro libre de 3-0 82’
anger,8321,1,original,"Tanto asco me dais los cristianofobos, como los que insinúan un supuesto ataque terrorista a"
disgust,2847,0,translated_en,¿Es una verdadera democracia pisotear a la población con vehículos blindados?
sadness,7440,0,original,":""Se salvó lo necesario para reconstruir un futuro, para que no se perdiera la esencia. Hoy el mundo llora con lo perdido, pero la esperanza continua con lo que quedó. """
anger,8064,1,original,"Lo de Suárez es vergonzoso, un tío que no para de quejarse a todo Dios, menos jugar al fútbol mira que da por culo"
disgust,1015,0,translated_en,La gente lamentándose rápidamente se convirtió en publicar fotos para alardear de las vacaciones en París.
disgust,7673,0,original,HA SIDO UN ATENTADO MUSULMAN Y LO SABEMOS TODOSSSSSSSSSSSSS
others,3844,0,original,Se viene el primer duelo entre y por la semifinal de la ¿Quién sacara ventaja? reproducir
joy,4216,0,original,Madre de dios!! Esto ya es un abuso . Jojojojo. Vaya animal!!!
anger,7564,0,original,No me lo puedo creer... vergonzoso.
joy,2585,0,original,"libro abierto ojos LEER TE HACE BIEN, PORQUE TIENE VITAMINA ""SÉ""."
others,3219,0,original,Min.88 [1-0] Se ha revisado en el VAR un posible penalti por manos de Arias. No se concede.
others,5678,0,original,. Las tres reliquias de cristo están a salvo.
disgust,4793,0,translated_en,A veces un fuego es un fuego y es trágico. Los ministros/teólogos necesitan bombear las rupturas con las metáforas de nuestro tiempo. Nega el dolor que la gente siente. (1/2)
joy,1288,0,original,Un pueblo unido jamas sera vencido animo les da el pueblo de
fear,3051,0,translated_en,"Preocupado que está siendo utilizado por los parlamentarios británicos para ganar una ventaja política sobre los demás, en lugar de presentar un verdadero apoyo a su causa."
others,7878,0,original,Estoy por dejarme contagiar por esa emoción que desprendéis cada lunes y empezar a ver .
fear,793,0,original,es aterrador lo que esta pasando en se desato una guerra civil
sadness,7493,0,original,"Que bolu... que penaPerdón venezolanos por éstos que le quieren explicar a ustedes, lo que ustedes viven"
joy,1987,0,original,"Antes de que se me pase, el capítulo 3 de la octava temporada de es digno para enmarcar y ponerlo en cualquier museo en bucle eterno cara sonrojada cara sonrojada cara sonrojada"
disgust,5546,0,translated_en,"¿Y si veneramos los arrecifes de coral, los océanos, los glaciares, el agua dulce, el aire limpio, las especies en peligro y las selvas tropicales tanto como apreciamos una catedral en París? ¿Nos apresuraríamos a reconstruirlos tan urgentemente como Notre Dame? Tal vez el planeta es nuestra catedral."
joy,3722,0,original,"Pistoleroooooo! Que buen gol, bien trabajado"
joy,2176,0,original,"10 días nos adelantamos a la celebración del recomendando un libro cada día. Los hemos puesto juntos, con sus respectivos links, para que puedas descubrir 10 obras esenciales tan solo haciendo clic en las imágenes. Los 10 libros dorso de mano con índice a la derecha"
others,3236,0,original,trofeo | balón de fútbol flecha end ¡FINAL! (1-0) El Atlético vence con polémica y obliga al Barça a ganar para ser campeón hoy reproducir
others,1046,0,original,"asegura que cuenta con la ""total lealtad"" de los comandantes militares y su embajador ante la ONU da por ""derrotado el intento de imponer un gobierno títere"" en"
others,1660,0,original,Bran está esperando el momento solo esperen...
others,2899,0,original,La periodista Paula Hawkins reflexiona sobre la vida con esta frase de enorme calado cara con manos abrazando Cualquiera de sus obras es una excelente opción para celebrar el hoy. mano con señal de victoria Estamos en día del Libro libro abierto
others,6855,0,original,"Dadle unos minutitos, ahora está con nosotros"
others,2459,0,original,leer evitará que pienses que leer te hace mejor persona
surprise,1293,0,original,"bandera venezuela En medio de momentos de tensión que se viven en , tanquetas pasaron por encima de manifestantes círculo rojo ¡Mirá el video!"
joy,1845,0,original,"No voy a decir nada sobre , salvo para aquellos que no la hayan visto nunca: VEDLA DESDE EL PRIMER AL ÚLTIMO CAPÍTULO. De lo mejor que se haya hecho en el mundo de las series hasta hoy."
others,6543,0,original,Posiblemente la victoria más exagerada del Barcelona en muchísimos años. No hubo tal diferencia en el campo
sadness,124,0,original,"Hace unos días hable de ti, de todas las ciudades que he podido estar, una de las cosas que más me había impresionado hoy prácticamente dejas de existir. El ser humano del siglo XXI da miedo, mucho miedo."
disgust,562,0,translated_en,"sólo para recordar a nuestros defensores a tener cuidado de que tiene una historia de buceo y trampa para ganar penaltis, por favor, advierta al equipo"
disgust,1709,0,translated_en,"Cuando un gobierno tiene algo que ocultar, primero intimidan y luego apagan las transmisiones de periodistas valientes y profesionales"
surprise,7850,1,original,Perdí horas de sueño pero ver el mejor puto episodio de todas las putas ocho temporadas de al final mereció la pena... cara gritando de miedo ¡Madre mía el 8x03!
joy,3631,0,original,"""Claro, los niños siempre se quieren parecer a sus súper héroes..."" cara lanzando un beso El mejor de todos... ."
anger,817,0,original,"Veo a mucho personero de tratando de cobarde a y su familia, sin siquiera mencionar el tanque que ARROLLÓ a manifestantes hoy. Acá en Chile por mucho menos, piden re-estructuración de y demandas del Estado de la CIDH."
joy,2826,0,original,"Hola, abuela: Hoy hace exactamente un año desde que hablamos por última vez, y no sabes lo especial que resulta. …"
others,5868,0,original,": El levantamiento militar en impulsa al precio del . Mientras y la mayoría en respalda a , y a"
anger,8316,1,original,"Theon Greyjoy es uno de los personajes más complejos de Juego de Tronos y lo tenéis subestimado. Es un imbécil, sí, pero si todos fueran un muermo como el Jon pues menuda mierda de serie. Y para que quede claro"
sadness,224,0,original,"Todos nuestros pensamientos van para , monumento sagrado e histórico, triste momento. manos en oración"
joy,3054,0,original,"Así hemos vivido el en : rodeados de grandes clásicos del Siglo de Oro, de , risas, brindis, juegos geniales... y algunos de los ""escritores"" más formidables de la historia cara con monóculo libro abierto copa de vino"
disgust,6375,0,translated_en,"Como seres humanos que han sido sometidos a un sistema socialista luchan por su dignidad y por el control de su país, presten mucha atención a cómo los matones del gobierno socialista tratan a los ciudadanos que han desarmado."
others,5722,0,original,Memoria Histórica: un pilar para Unidas Podemos y PSOE
others,1912,0,original,"Ahora duerme tu, con toda esta tensión"
surprise,1691,0,original,El único episodio que me ha dejado sin palabras.
joy,1094,0,original,unidos con Guaido..... acompañarlo.... Fuerza y Fe.....
joy,2239,0,original,"siempre fuiste tú la que llevo en la mente, la que encuentro en cada párrafo. El teléfono inteligente solo me dice chismes."
others,5487,0,original,"Se tiende a pensar que l@s adolescentes no tienen capacidad para defender sus ideas, pero no es el caso de , quien, a los 16 años, ha sido nominada al . Enlace:"
others,3105,0,original,Feliz día del libro y acceso al conocimiento! Hoy festejamos con epub e impresos nuevos en la ofi...
others,3870,0,original,"corona Leo Messi. Sinceramente, no sé qué más se puede decir de este jugador ..."
surprise,1483,0,translated_en,"¡Santo cielo! ¿Viste la curva en esa bola, increíble! Messi cabra cabra cabra"
joy,4748,0,original,Orgulloso de haber representado a en estas . Una vez terminado todo ahora queda reflexionar y corregir errores. corazón rojo mano haciendo el signo de cuernos tono de piel claro cuña de queso
surprise,5681,0,translated_en,La mejor patada gratis que he visto nunca. WOW. El tipo no es humano. La velocidad en esta patada libre es indignante. Tiene TODO.
anger,7824,0,original,lo de Bolton es de una desfachatez brutal.
joy,3702,0,original,¡Una vez más uno de los mejores jugadores de la historia! bandera argentina Leo Messi al 75' y al 82' en círculo azul círculo rojo ¿Se acabó la serie? trofeo
others,5308,0,original,"Escuchemos a antes de que sea tarde. Ella tiene los argumentos y también el derecho (y deber) puesto que es su generación la que está en peligro. Y nosotrxs, lxs responsables de la catástrofe."
surprise,6379,0,original,botón de marca de verificación Barcelona es el CAMPEÓN de trofeo Jugará la final de la y está en semis de cara pensativa ¿Conseguirá el triplete?
others,3353,0,original,trofeo | balón de fútbol corona Sin el 'Rey' antes de coronarse campeones cara pensativa ¿Os gusta que descanse Messi?
others,6311,0,original,“Ahí donde se queman libros se acaba quemando también seres humanos”..
surprise,1988,0,original,No se si llorar o reírme... como me voy yo a dormir ahora??? capitulazo ...
sadness,7327,0,original,"Ayer lloré por la pérdida. Hoy por los perdidos en boludeces que, vía TV, incendiaron mi ira: ¿“No había nadie que pudiera detenerlo a tiempo”? ¿“Se temía en París que fuera a pasar”? ¿”Se sabe si la estructura está en condiciones para tener otra dentro""? Mon Dieu."
fear,1792,0,translated_en,Acabo de terminar de ver cómo diablos voy a dormir esta noche?! calavera y huesos cruzados cuchillo de cocina lobo
others,5910,0,original,Tu necesidad de agradar al régimen te lleva a defender lo indefendible. Quien está usurpando el poder en es el simio armado de
joy,3019,0,original,Hoy celebramos la genialidad de Miguel de Cervantes y de todos los escritores del mundo. ¡Feliz día del libro!
disgust,6276,0,translated_en,La gente que llora por Guaido realmente está diciendo sobre ellos $elve$
surprise,6397,0,original,"Una salvajada. Una hegemonía del Barça en los últimos 3 lustros, 10 Ligas de las últimas 15. Los que lleva contando con Leo Messi en su plantel"
joy,217,0,original,Gracias por la donación que seguramente efectuarà para reconstruir
anger,7985,1,original,Ají en el culo a los levantaos de raja que solo leyeron Las fantasías sexuales de pinocho con Guzmán
anger,8154,1,original,Ahora es cuando el PSOE pacta con las derechas pequeñas y nos vamos todos a la mierda.
joy,2714,0,original,"Todo lo que no te conté, de Celeste Ng. Qué bien escribe!!"
others,918,0,original,Muy buen análisis de sobre la situación en y los intereses de las grandes potencias que están detrás dorso de mano con índice hacia abajo tono de piel claro medio
anger,8341,1,original,Mi madre dice que van a gobernar los picapiedras. Pedro y Pablo cara revolviéndose de la risa cara revolviéndose de la risa Además de progre graciosa la hija puta cara sonriendo con sudor frío
surprise,2734,0,original,"Sea cual fuere el libro que hayas comprado y/o que te hayan regalado y/o que estés leyendo durante este , a buen seguro que has conseguido `parar el tiempo´. Siempre un lujo; siempre un placer...: ¡bendita ! Saludos y buen resto de tarde-noche."
anger,4339,0,original,Messi es trampa. Jugar con Messi es trampa.
sadness,7418,0,original,"un chingo de mexicanos mamadores bien consternados hasta el llanto por la catedral, pero yo no leí tanto tuitero consternado por las 50 hectáreas de bosque consumido en el bosque de la primavera en jalisco."
joy,3640,0,original,Si tienes al mejor jugador de la historia las cosas son mucho más fáciles
sadness,308,0,original,| en la catedral de Notre Dame en ▸ El mundo está conmocionado con el siniestro de una de las obras arquitectónicas más bellas de la humanidad
others,3221,0,original,Sarabia supera a Messi y es el máximo asistente de las mejores Ligas Europeas. corona zapatilla deportiva balón de fútbol
others,1300,0,original,18:27 Informan a esta hora tensa situación en los alrededores de la plaza Francia de Altamira. Manifestantes se mantienen en la calle y aseguran que se quedarán en vigilia.
joy,6465,0,original,El Siglo XXI tiene un dueño en el Fútbol de ... balón de fútbol ¡BARCELONA! círculo azul círculo rojo cara sonriendo con gafas de sol
joy,5511,0,original,Muchas gracias por defender nuestro hogar e inspirarnos a todos a trabajar por el futuro y la Humanidad. globo terráqueo mostrando américa manos en oración corazón azul Muchas gracias...
sadness,400,0,original,El emplazado en bandera argentina con su cúpula en colores de la bandera de bandera francia un gesto de acompañamiento por la dolorosa situación de una gran pérdida para la humanidad toda cara con sudor frío manos en oración chispas
sadness,604,0,original,Las imágenes que llenan de tristeza al mundo. Un argentino grabó el momento exacto en que caía la aguja.
others,5209,0,original,"Los líderes ya nos ignoraron y lo seguirán haciendo, el cambio para ayudarle a la tierra no depende de ellos, es de cada uno."
anger,3257,0,original,Creo que es una falta de respeto que la lleve la copa al Nou Camp para que celebre la liga.
anger,8182,1,original,"Lo único que quiero decir a toda la gente que ahora está comentando “joderse fachas”, “a la mierda la derecha”... que cuando el pais entre en una recesión económica y se vean las consecuencias, veremos a los “izquierdistas” que opinan."
others,1896,0,original,"Lo mejor del capítulo de ha sido ver al tontainas de Jon gritándole al dragón ""nooo"" como si sirviera de algo chico persona con la mano en la frente"
others,6605,0,original,¡Arrancó el 2T! 1 - 0 Liverpool
joy,6396,0,original,"Ahora mismo el Barcelona es campeón reloj de arena con tiempo tic tac balón de fútbol El gol de Messi, vale una liga cara sonriendo con sudor frío"
anger,8007,1,original,En serio ésto es la puta cuenta de en Instagram? Menuda banda de hijos de puta!
disgust,2011,0,translated_en,"Tenga cuidado . ""sorprendente"" se parece más a un paseo escenificado en el parque y mucho como . Visuales no coinciden con hipérbole."
surprise,589,0,translated_en,El fan francés hizo este video... por alguna razón... tan extraño.
disgust,4899,0,original,Dos millones y medio votando a Vox... pues a lo mejor si que necesitamos una reforma en la ley de educación...
anger,1275,0,original,Te das cuenta de lo mal dominada que está cuando tus familiares ni tienen idea de lo que está pasando en todo el país. cara sin expresión Los medios de comunicación locales están de adorno.
others,1875,0,original,Ante el episodio de ayer de solo tengo un comentario: fbwownriwpdebrjc9wjrifw9wbfuwowbfk. Ya está
anger,657,0,original,"Quien a estas alturas puede creerse esa gran mentira??? , su equipo politico, la gran mayoría de las , de los órganos de seguridad y de todo el pueblo, se mueren en"
surprise,8027,1,original,"Joder Messi, echale el freno de mano"
disgust,1579,0,original,QUE NO SE QUITE EL COLLAR POR FAVOR QUE ACABO DE CENAR
sadness,428,0,original,La historia fue devastada en una terrible tragedia.
others,7729,1,original,"Por qué utilizar términos como ""levantamiento"" -en lugar de Golpe de Estado- para los últimos sucesos en →"
others,5169,0,original,"Después de 6 meses recibiendo cumplidos de parte de los altos cargos de cada país que ha visitado, se pregunta por qué las emisiones siguen aumentando sin parar. Su respuesta es clara: porque no hay VOLUNTAD REAL de cambio por parte de los políticos."
joy,453,0,original,pronto volverás a lucir con tus mejores galas cara cansada cara cansada
others,4153,0,original,"Chale, ya estaba bien 2-0"
others,3812,0,original,equipazo le falta solo definir
sadness,7492,0,original,"¡Cuánto dolor por lo que pasa en ! ¡Cuánto dolor lo que pasa en mi ! ¡Cuánto dolor que los dos pueblos que sufren se enfrenten en las calles de mi país! ¡El populismo comunista nos hace mal, muchachos!"
fear,7604,0,original,Igualmente poco se habla de que Vox está en el congreso y de que me da miedo igualmente de los escaños que han sacado y de que eso pueda crecer. cara llorando fuerte
others,2869,0,original,El temor de un hombre sabio
disgust,2606,0,translated_en,Me encanta cómo Shep Smith se basa en la verdad y los hechos y toma conjeturas y noticias falsas y cosas justo en la garganta de los mentirosos. Sólo la persona en Noticias Faux con cualquier tipo de moralidad.
joy,1736,0,original,"Disfrutando y sufriendo con el mega espectacular tercer capítulo de a pesar de la oscuridad de los planos. Esto sí que es ""avanzar en la trama"". Bravo"
others,5537,0,original,la adolescente con síndrome de Asperger que lidera la lucha contra el Interesante nota dorso de mano con índice hacia abajo
sadness,889,0,original,Que pena lo de . Parece que la democracia y la gente perdió otra vez a manos del odio de unos pocos que se aferran al poder de puro capricho. Una lástima. Mucha fuerza a los venezolanos. manos en oración manos en oración
joy,1153,0,original,"Imagínense que hoy fuese el día, que este fuese el momento de volver a gritar juntos: ""Gloria al bravo pueblo"" bandera venezuela"
joy,4405,0,original,"Estos resultados sí son España, este sí es mi país. Orgulloso de esta bandera bandera españa"
fear,5247,0,original,tiene pinta de la niña asesina de las películas que acaba con toda su familia en una noche. Me da mal rollo.
sadness,325,0,original,¡¡Arde París!! y con ella 900 años de historia. Una pena y es que no valoramos lo que tenemos hasta que queda reducido a cenizas
disgust,7091,0,translated_en,Debido a y ahora hay una gran oportunidad política para hacer realmente algo acerca de . La dura realidad es no puede suceder sin un aumento serio en el poder.
others,7163,0,original,los mensajes de Messi y el dardo de Balotelli
anger,704,1,original,Vamos no más de ese loco patan fuego fuego fuego
surprise,2191,0,original,"Este año el en esta magnífica biblioteca del , mi lugar de trabajo. Fotografías y alguna joya documental. Un placer descubrirlas y pensar en cómo difundir estos fondos"
sadness,7409,0,original,"Memoria y desastres. Chile en 1863 también sufrió de un gran incendio cara desanimada Como país que sufrimos de constantes perdidas patrimoniales, toda la fuerza a Francia en este momento tan doloroso. Aprendamos de las Cistus, la flor que resiste al fuego puño en alto"
sadness,418,0,original,"quién diría que hace dos semanas estaba yo ahí, admirando lo bella que es. cara triste pero aliviada"
others,5357,0,original,Invitamos a todos los estudiantes en Bogotá hoy a unirse al paro estudiantil para exigir al gobierno tomar medidas en contra del cambio climático! La manifestación se llevará a cabo a las 10.00am en la plaza simón Bolívar
disgust,314,0,translated_en,Acabo de escuchar una hora y media de gruñidos y gemidos y todavía nadie más sabio. Si usted no puede permitirse CGI sólo llenar la pantalla con humo espeso una oscuridad.
joy,3102,0,original,en el y lee que es unos de los placeres de la vida y es gratis jajaj
surprise,1718,0,original,"Vaya burrada el episodio de , cómo han jugado con la tensión madre mía."
others,1233,0,original,"Presidente de : Situación en preocupa a todos. Cualquier hipótesis será decidida exclusivamente por el Presidente, escuchando al Consejo Nacional de defensa. Seguimos junto con otras naciones en la búsqueda de la mejor solución para restablecer la democracia"
disgust,4855,1,original,cuidado con ver la tv de cerca que Ferreras os puede eyacular en cualquier momento en el ojo! El que avisa no es traidor.
surprise,5517,0,translated_en,"Ese Messi libre de patadas desde tan lejos, probando una vez más por qué es el mejor."
joy,3501,0,original,"Si algún día me encuentro a Busquets, que haga conmigo lo que quiera. CRACK rotundo"
joy,1500,0,original,"Sí, sí, sí, esta noche hay capítulo de , impaciencia absoluta cara con manos abrazando . Celébralo con las camisetas de , muchos modelos a elegir y a precios alucinantes, link en la…"
others,4685,0,original,Estes resultados son un disgusto para Alfonso Guerra.
sadness,5469,0,original,"El afecta a todo el mundo, pero quienes vivimos en Andalucía lo padecemos más y peor. Si lo sabes bien, firma esta petición y pídele a la Junta una plan urgente"
others,6160,0,original,"Uy, qué despiste: casi acaba el y yo sin recomendarles los dos libros escritos por un humilde servidor de ustedes..."
surprise,5099,0,original,En serio los del PP van vestidos de luto??
surprise,152,0,translated_en,¡Tuvo que ser Suárez!
joy,1125,0,original,"Quieres que las circunstancias cambien; pero, ¿qué estás haciendo para lograrlo? No se trata de quejarse, Jesús quiere que seas influencia y trabajes por Venezuela. No caigas en la desesperanza, atrévete a creer por tus sueños y por los de tu nación. ¡Oremos por ! bandera venezuela corazón rojo"
disgust,1620,0,translated_en,"Nombra un país socialista entonces. Apuesto a que no puedes porque cada intento ""socialista"" se convierte en el desastre que es. Tus ideas son inobtenibles y destruyen naciones."
others,4799,0,original,Todos querían ser los últimos hablando y al final ha pasado como en las elecciones: el se ha adelantado y gana a la hora de que se escuche su discurso y Ciudadanos y PP se han quedado solapados en segundo término
sadness,201,0,original,Es una gran perdida para el pueblo Frances y la comunidad catolico lo ocurrido con la catedral de
others,2754,0,original,"""Para viajar lejos, no hay mejor nave que un libro"" (Emily Dickinson)"
joy,3760,0,original,Vive la pasión de cada gol con nosotros y celebra el en el megáfono balón de fútbol cara sonriendo con gafas de sol
surprise,3245,0,original,"Estamos de acuerdo que el se roba , que es un fenómeno y pues ya pueden ir contándole el campeonato de Pero sean honestos y fuera de su fanatismo respondan esto: Este mismo equipo sin Messi ¿Podría ser siquiera campeón?"
others,3322,0,original,"Esto no lo dirán, Otra liga peligrosamente preparada para , verdad cholo?."
others,5555,0,original,"""Nuestra civilización está siendo sacrificada para que un número muy reducido de personas pueda continuar ganando enormes cantidades de dinero. Es el sufrimiento de muchas..."
surprise,1896,0,translated_en,"¿No entiendes? Este es un excelente video sobre la situación en y por qué se trata y no de la derecha o la izquierda. ""Lo que mis compañeros liberales no entienden de Venezuela"" vía"
others,5375,0,original,Aprecio el esfuerzo de por defender el medio ambienteMe inquieta su fragilidad y falta de formación a la hora de convertirla en
joy,3156,0,original,Que mejor manera de ganar una liga que con un golazo de Messi corazón azul corazón rojo corazón azul corazón rojo
joy,4689,0,original,"Hoy más que nunca, orgullosa de ser española."
anger,276,0,original,IMPOTENCIA. Esa jodida palabra es la que mejor describe lo que siento.
disgust,4572,0,original,Aproximadamente un 10% de Epañita ha votado a VOX. ÉSA gente nos odia por quienes somos. No lo olvidéis aunque tengamos una victoria aparente
joy,2158,0,original,Lo más épico que he visto joder
joy,5114,0,original,1.000.000 de votos más el PSOE que el 2016 ... Gracias VOX
others,7108,0,original,"Algún iluminado diciéndome que no es spoiler porque ""EL CAPÍTULO YA LO HAN DADO""."
disgust,6105,1,translated_en,En Buhari la mente vale más que la vida de aquellos que están siendo asesinados diariamente... decir algo en su contra que algunos lame culos gente vendrá por ....
sadness,1461,0,original,Pues al final Daenerys llora por Jorah... cara pensativa cara llorando de risa
disgust,8243,0,original,Hay grandes muestras de la grandeza humana y era una de ellas. Hay grandes muestras de la estupidez humana y lo ocurrido en es una de ellas.
disgust,2272,0,translated_en,"Estoy bastante seguro de que USTED es el mentiroso cuando dice 'No hay tropas cubanas en "" - poner una capa blanca en un soldado, en lugar de su uniforme, no significa que ya no es un soldado. Usted está lanzando propaganda que sólo los ingenuamente podría creer."
joy,2849,0,original,Gracias a Dios que me ha Bendecido con la presencia de mi abuela en mi vida. La amo
surprise,7627,0,original,"""Un símbolo de la cristiandad arderá en fuego purificador"": Esta fue la predicción de Nostradamus sobre el incendio en ¿Extraña coincidencia?"
disgust,5168,1,translated_en,"Robots libros Tropes literarios que nosotros, el A. I.-run Publishing House of the Future, No están más interesados en ~ por fantasías distópicas en la que la raza obviamente superior A. I. no convirtió a todos los humanos en otomanos suaves y carnosos."
joy,2210,0,original,"Hoy es el así que también es el día de mi querido Mermo, un personaje que realmente es un libro. Feliz día Mermo!!"
joy,6370,0,original,Campeooooones campeooooones olé olé olé!!! círculo azul círculo rojo
anger,703,0,original,Es tanto el fracaso de la intentona del golpe de estado y no quieren permitir que el mundo se entere que el pueblo triunfo que esta red social en no nos permite subir los vídeos
sadness,7525,0,original,Hoy ha perdido España! bandera españa cara llorando
joy,3239,0,original,El es campeón de Liga: ✓ En su casa.✓ Primero en recibir el trofeo cuando es campeón. ✓ Con gol de Messi. Gracias por hacernos soñar. ¡Ser hincha del mejor club del mundo es honor! círculo rojo círculo azul
others,1098,0,original,vence a Maduro; así fue el estreno de en bandera venezuela
sadness,1979,0,original,"Después de , el día electoral y de siento que me falta algo: más de medio corazón."
sadness,101,0,original,que paso te consumieron las llamas acaso dejaste que tus guardianes se fueran a descansar toma en cuenta algo nos dejaste con un gran luto esperando ver tu de nuevo tu surgimiento
anger,1986,0,original,Qué desastre de capítulo. De inicio a fin. Aunque ojalá poder haber visto bien ALGO de lo que pasa en él.
joy,4813,0,original,"Al final no ha habido boom neofranquista. y han debilitado al PP y tendrá menos escaños en que los separatistas sólo en . Enhorabuena , eres un lince."
anger,7926,1,original,Y ahora como me duermo yo joder
joy,8144,0,original,Esta es la España que me gusta pero ahora hay que hacer válidos los votos en decisiones correctas. La derecha a la deriva. El trifachito cuanto más lejos mejor.
others,866,0,original,Son muchos los periodistas que trabajan horas y horas en estas circunstancias en . Mi reconocimiento a este colega de que hoy ha estado frente a la pantalla por más de 11 horas informando a los venezolanos
surprise,1373,0,original,"FLIPANTE, la mejor serie de todos los tiempos"
surprise,67,0,original,COMUNICADO En vista d la multitud de mensajes que nos han llegado preguntando si teníamos algo que verPREGUNTAMOS¿Que veis de raro en el video? Trabajador con casco laboral y
surprise,1348,0,translated_en,"Como un odiador de Theon, tengo que decir que realmente sentí algo a su muerte. A pesar de lo basura que es, la traición y redención de Theon arco probablemente lo convierten en uno de los personajes más bien escritos en todo el espectáculo"
others,6964,0,original,"""Soy una niña que dice que otras personas están robando mi "", dice sobre ella misma , activista sueca símbolo de las por el ."
others,6350,0,original,Han contratado a un presentador de la tele en blanco y negro. cara gritando de miedo
joy,2067,0,original,Lo gracioso es que me he levantado una hora tarde. Gracias por la opción de darle marcha atrás. Sin palabras. Quien haya visto el episodio...
surprise,2948,0,translated_en,¡Dije que está demasiado lejos! ¡Hasta que miré hacia arriba una sierra que brillo absoluto de una meta! ¡Guau! ¡No es humano!
sadness,7377,0,original,Es realmente triste la pérdida en pero es mucho más cruel la pérdida legal e ilegal de nuestra flora y fauna. De nuestra casa común!!
joy,2430,0,original,"Mil gracias a los profesores, alumnos en prácticas de la , y por este día tan especial"
sadness,556,0,original,"Pensar en la cantidad de obreros que durante siglos la construyeron me produce una pena terrible; esfuerzos enormes, una tragedia, ánimo."
disgust,1056,0,translated_en,"Greta, ellos te manipulan y llenan sus bolsillos de dinero, un montón de dinero. No les importa el cambio climático, el primer objetivo es conseguir más, no importa cómo, lo consiguen. No eres más que un títere útil para ellos."
surprise,4464,0,translated_en,Es la lucha que el mundo quería ver. Sueño no más. cara con ojos cerrados y lengua fuera
surprise,1788,0,translated_en,¡Feliz a todos! ¿Estás listo para una aventura narrativa? Explora la mansión y desvela sus secretos en House of Danger y luego toma las estrellas y salva la galaxia en la guerra con el malvado maestro del poder.
sadness,73,0,original,No quiero ni imaginar el dolor de las personas q la estaban restaurando al ingresar apenas apagado el incendio... se les debe triturar el alma.
sadness,127,0,original,Me embarga un inmenso dolor por lo ocurrido a la catedral de amé haberla conocido y espero volver a ir algún día
others,3540,0,original,"¡Buenos días, turno para el ! hockey sobre hielo dorso de mano con índice a la derecha"
disgust,67,0,translated_en,"No hay mucha esperanza después de los resultados de anoche. Si te metes en la cama con para gobernar, prepárate para que te asalten las carteras."
others,5661,0,original,Todos buscando causas de y ellos lo sabían desde el principio
others,883,0,original,"ATENCIÓN CONTENIDO VIOLENTO-Un vehículo de la Guardia Nacional arrolla a manifestantes que le tiraban piedras en , ."
joy,4692,0,original,Gracias votantes socialistas por corear el “¡con Rivera no!”. Esperemos que a Pedro no se le olvide.
others,3482,0,original,¡ARRANCA EL PARTIDO EN BARCELONA! Duelo de ida de las semifinales de la trofeo balón de fútbol Sigue el juego en VIVO círculo rojo :
joy,1331,0,original,Gracias por tus palabras y apoyo chimibebe!
others,2720,0,original,Leer es un hábito enriquecedor en todos los sentidos y hoy en el les quiero recomendar uno de mis favoritos: de Andrew Grove.
others,4730,0,original,Buenas noches y que tengan rojos sueños¡
fear,6371,0,translated_en,"Fuerte mejora para quien ahora debería formar una coalición con - pero un aumento preocupante para el partido de extrema derecha, anti-inmigrante y anti-Islam, Vox."
disgust,5240,0,translated_en,"Parece que después de todo: 's claramente loco Mami nos dice en su libro de mucho halcón que su querido pequeño guerrero poppet tiene poderes especiales - ella puede ver C02! Espero que ella le dijo que cuando usted estaba adulando sobre ella,"
others,1800,0,original,Con lo que nos quejamos de lo tranquilo del episodio pasado y vienen y nos dan esto
fear,7613,0,original,Me da miedo el pacto
joy,2482,0,original,"En el Por las historias que sembraron dentro de mí, por las nacieron de mí y por las que vienen, nunca podré agradecer lo suficiente a los libros y a la palabra escrita."
fear,1548,0,original,Tengo miedo del capítulo de hoy
others,5705,0,original,Tienes todo mi permiso. Parece que los bomberos van ganando la batalla. Vetemos a qué precio. vive.
joy,3159,0,original,"El Barcelona es campeón de la la número 26 en su palmares. Gracias a la directiva, al equipo técnico y a los jugadores. ¡Gracias!¡ es Campeón!"
surprise,6076,0,original,Madre mía con el tercer capítulo... que locura. Pero sin entender nada... tanto rollo con los caminantes y ya chao? Como va a ser
others,3290,0,original,Ojo a esto. Solo ellos dos los han conseguido en la historia de
others,3584,1,original,"Cago el Liverpool, al menos que gane 3-0 y vayan a alargue o 4-0 y pasen directo. Lo veo difícil el Barca va para ganar la copa"
joy,4952,0,original,"Estoy fascinada... no sé si quiere seguidores,si es que es masoquista o que se dio un golpe de pequeña ... me haría gracia si no fuera tan triste ... me recuerda a lo de Froilán cuando se pegó un tiro en el pie¿Os acordáis?"
others,7047,0,original,", la viva imagen de otro tipo de"
joy,4064,0,original,"Lo que acaba de hacer Messi es para enmarcar y enseñarselo a nuestros hijos y los nietos, de verdad que es el mejor"
disgust,6627,0,translated_en,"Así que un día después de la , 600 millones de dólares ya se han reunido. Nunca se ha visto esta cantidad de dinero aparecer tan rápido después de un terremoto o cualquier otro desastre natural."
joy,7949,1,original,Que bien nos sienta follar eh... Arya lo ha dejado claro. REINA.
sadness,7375,0,original,Consternación... Nostalgia... Tristeza... Lamento muchísimo esta pérdida de uno de los patrimonios de la humanidad...
others,6287,0,original,"En cada libro una historia y en cada historia un sueño. Entre todos debemos incentivar la lectura entre más niños y jóvenes, frente a otro tipo de ocios más adictivos."
others,3350,0,original,Las ligas las gana siempre el mejor el más regular 10 trofeo balón de fútbol micrófono de estudio
surprise,271,0,translated_en,"¡Él hace que parezca tan fácil, Lenyora!"
joy,3656,0,original,"Que lindo equipo el . Juega rápido, intenso, lleno de fútbol y de mística. Historia, hinchada y entrenador con carisma. Puede ganar o perder, pero es un espectáculo."
others,5486,0,original,"Hoy lunes millones de personas iniciarán la semana laboral ,basads en el consumo de energía fósil finita y sucia , para "" producir cosas "" en su mayoría no necesarias ."
joy,4559,0,original,Bueno al menos tranquiliza saber que en España el fascismo aún dista de ser mayoría
joy,2352,0,original,Gracias a todas esas personas que transmiten su magia a través de palabras corazón rojo
disgust,6646,1,translated_en,"Liverpool lo siente, es hora de encontrar un nuevo segundo equipo, están jugando como maricones contra un montón de vagos."
others,2857,0,original,Regalo del de cara feliz con ojos sonrientes (ahora mencionada bien)
joy,3003,0,original,"¡Si buscan un buen libro de futbol, es la mejor opción! libros balón de fútbol"
others,5100,0,original,Bueno ya puedo volver tranquilo a casa
fear,4942,0,translated_en,"; ; ; . No hay tiempo que perder. El calentamiento global es el verdadero negocio, las emisiones de carbono están haciendo que nuestro planeta Inhabitable. Es un mal negocio para el presente y el futuro."
others,2889,0,original,El libro que me estoy leyendo es tan sencillo como este xD
others,5931,0,original,"Acá,chapoteando por qué ya se va Abril y haciéndome el hijo adoptado de gotas de sudor megáfono guantes arcoíris"
anger,8098,1,original,Que haya 2.500.000 de subnormales representados por 24 Nazis en un parlamento no tiene nada de positivo...
joy,2492,0,original,"de autor chileno""El obsceno pájaro de la Noche"" de José Donoso. Aunque reconozco que todo lo de Donoso me encanta señal de aprobación con la mano"
sadness,391,0,original,"Notre Dame se quema, globo terráqueo mostrando asia y australia cara llorando fuerte Resistió a tanto Pero no ha podido resistir a nuestra época. Una gran pérdida Religiosa y Arquitectónica. Que haya gente que ria de tal desgracia. cara desanimada La persona que no está en paz consigo mismo. Sera una persona en guerra con el mundo entero."
joy,2417,0,original,"Que te dediquen una canción, gusta, pero que te dediquen un libro, enamora. Feliz"
surprise,1574,0,original,"Lo mejor del capitulo, por lejos fue Arya, igual pensé que morirían mas personajes de los queridos."
others,6258,0,original,lo ha ganado mi señora que a las diez menos cinco se ha ido a leer a la cama.
joy,2698,0,original,"Leer un libro te alegra el alma, te da conciencia de la unidad. Acabo de leer uno"
joy,7980,1,original,Hay que decir que para mi (aunque este decepcionada en algunas cosas) para mi ha sido UN CAPITULAZO POR NO DECIR EL MEJOR DE TODA LA PUTA SERIE OSEA WOW
joy,1899,0,original,Hoy en llega la batalla esperada. . La foto es graciosa porque lleva media hora para que salgan esas sombras
joy,2828,0,original,¡Conéctate ya a nuestro desde el ! Feliz día del dorso de mano con índice a la derecha
joy,2761,0,original,"Para alcanzar lo imposible, uno debe intentar lo absurdo."
joy,4134,0,original,"Tremendo Tiro libre, tremenda definición de y lo que se acaba de comer el"
disgust,1292,1,translated_en,Messi se está meando.
sadness,7658,0,original,"Es más trágico que se queme un bosque a cualquier puto edificio. Lo siento, pero es la realidad."
sadness,7518,0,original,"madre mia lo de venezuela me da ganas de llorar, si alguien de allí me leyera que sepais que teneis todo mi apoyo, muchisima fuerza a :("
joy,2262,0,original,"¡Feliz rosa libros ! He tardado algún tiempo en reconciliarme con los clásicos, pero ahora entiendo que si no los has leído no existen. En tu mundo no existen."
anger,7701,1,original,"Alguien (O. N. U) puede hacer algo en Venezuela bandera venezuela por favor! El DICTADOR HIJO DE PUTA de Maduro, los está matando a todos!"
sadness,219,0,original,"Que dolor la noticia, pero se que ustedes van a salir de las cenizas, como siempre lo hicieron manos en oración corazón rojo"
others,4700,0,original,"Primeros datos de escrutinio confirmarían los sondeos. Victoria clara de , hundimiento del y sin sorpasso alguno de , sin mayoría de gobierno ni en izquierda ni en derecha. Escrutado solo 4%, noche todavía larga"
joy,2361,0,original,Hoy se celebra el Día Mundial del Libro un buen amigo y una buena compañía para pasar el tiempo y crecer intelectualmente libro abierto
anger,7577,0,original,ver a todos los fachas indignados es una puta fantasia
disgust,2026,0,translated_en,¿Es sátira? Porque acabas de tuitear sobre el y nada más. ¿O es que eres mucho mejor que todos los demás que puedes juzgar a la gente basándose en cómo tuitean?
surprise,1437,0,original,Solo puedo decir... WTF con ése final de capitulo? los mejores
sadness,190,0,original,"Ver la catástrofe de y que se te ocurra una melodía con aquel sentimiento de desesperación al ver una gran arquitectura, ser destruida por el fuego..."
joy,4114,0,original,"Hoy juega el Barcelona, fútbol del bueno!"
others,6925,0,original,se une a las marchas por el en
others,1683,0,original,La noche es oscura y alberga horrores (ojalá haberlos podido ver)
surprise,3845,0,translated_en,¡WOW! Increíble. Pensé que las otras iglesias profanadas en Francia eran simplemente vandalizados - no quemados. cara sonrojada Eso es un patrón.
joy,2472,0,original,Celebrando el con la magnífica gente de marchafmoficial cara sonriendo con ojos de corazón cara sonriendo con ojos de corazón cara sonriendo con ojos de corazón en San Cristóbal de La Laguna
anger,1032,0,original,Cuál es el afán de tentar a los demonios de la violencia en ?! En aún no aprendemos las lecciones de la tiranía que sufrimos.
joy,4587,0,original,Me siento orgulloso de todos aquellos que hemos sabido “resistirnos” a volver al siglo pasado...
others,6221,0,original,¿Ya fueron a por su libro y su rosa? cara sonriendo con ojos de corazón corazón rojo
sadness,7258,0,original,Para los católicos será una pérdida que con fe haremos reconstruir esta y cuantas quemen o derriben. Para los no católicos Notre-Dame de Paris será una pérdida irreparable. Que nos costará volverla a ver como antes. Juntos pedimos justicia por tal hecho.
disgust,6436,0,translated_en,"- Mi consejo gratis... no te involucres en esto, será como un atolladero."
fear,7087,0,translated_en,necesita ser restaurado a la normalidad pero me temo que este enfoque destruirá este increíble país para siempre.
others,6450,0,original,La liga es del El fútbol es de Messi
others,1760,0,original,Olé . La mejor de los Stark y de
anger,8406,1,original,Puta q son desagradables los wnes del Barca en especial Lucho Suarez wm!
fear,3756,0,translated_en,"Cuando un pueblo no tiene nada que perder o nada que proteger de nuevo, todos ellos luchan con la última gota de su sangre. esperen su tiempo. Disfruten de lo que tienen mientras dure. Protesta... Los únicos tiranos del lenguaje escuchan."
joy,3827,0,original,"Sin duda el mejor jugador del mundo y no solo por tener un toque especial sino por trabajar en equipo, eso es un profesional y líder 3 -0"
joy,95,0,original,"Otras buenas noticias, anuncian lluvia para las 6h00 hasta las 14h00. Creo que es la primera vez que nos alegramos de tanta humedad sobre el patrimonio."
fear,3666,0,translated_en,Trump amenaza con un completo embargo a Cuba si no retira a sus soldados de
sadness,323,0,original,"La catedral de se salvó de los nazis, pero no de un gásfiter. Qué horror"
joy,3927,0,original,Gran primer tiempo en el Camp Nou con llegadas en ambos arcos!! y dando cátedra.
joy,2466,0,original,"Algunos leen por ocio, otros por cultura, y unos pocos para labrarse un futuro mejor. Sea cual sea el motivo nunca dejes de leer un libro. ¡Feliz día del libro! …"
others,5155,0,original,"Nominada al premio Nobel de la Paz 2019, Líder Ambientalista, diagnosticada con Un ejemplo de que para generar cambios es necesario involucrarse."
sadness,105,0,original,"Nada me causa una mayor tristeza. Lo único que me alivia, haberla visitado mientras tuve tiempo. Que desastre."
anger,7547,0,original,Horrible la calidad de la imagen con tanta oscuridad. Al menos en mi tele y HBO. Frustrante.
others,5159,0,original,lidera movimiento global de Estudiantes para contener . Carta de apoyo del mundo científico (firmada también por ) fue publicada la semana pasada por : dorso de mano con índice a la derecha “Preocupaciones de Estudiantes están justificadas“
joy,1510,0,original,Buena día para ver Juegos de Tronos...!!!
sadness,6223,0,original,“Ahí donde se queman libros se acaba quemando también seres humanos”Heinrich Heine
sadness,7277,0,original,"Pena infinita por el fuego de Notre Dame, símbolo de la Humanidad. La pequeña isla Cité le llora."
joy,2081,0,original,espero que ganen a los caminantes blancos como han ganado a los populares
anger,4531,0,original,"Una vez más ha quedado demostrado que en España nos dejamos llevar por la desinformación y las palabras de los medios, generando un ambiente apocalíptico y de terror contra la derecha española en estas . Esto sólo ha sido la punta del iceberg señorxs..."
disgust,4415,0,translated_en,No hay manera de refutar esto. . Destruido por el socialismo.
joy,6322,0,original,"EN LOS ÚLTIMOS AÑOS, EL BARCELONA, UNA MÁQUINA bomba 26 títulos de liga Han ganado 8 de las últimos 11 ligasCONSEGUIRAN EL TRIPLETE ESTE AÑO?"
disgust,3569,0,translated_en,La cantidad de gente que finge que le importa una mierda es impresionante.
others,4229,0,original,"trofeo cuaderno de notas El duelo de ida de semifinal de Champions favoreció a valientes holandeses, reyes de la sorpresa. dorso de mano con índice a la derecha"
fear,5057,0,original,"Yo si fuera Franco estaría acojonaillo, en cuatro años no lo salva ni el supremo."
disgust,1223,1,translated_en,"Usted es tan deshonesto que ni siquiera puede imaginar que la gente de están pensando y actuando por sí mismos. Vergüenza en usted por su ignominioso ataque ideológico en la auténtica, auto-determinante acción política popular."
sadness,446,0,original,"No soy católico Prácticante, pero si soy Creyente de Dios, pero desde mi punto de vista, el desastre ocurrido en si me genera tristeza por su gran valor arquitectónico y cultural para la humanidad."
others,4127,0,original,Cuando peor estaba el en una carambola ¿Quién sino? marca 2-0
surprise,4423,0,translated_en,"Había evitado las redes sociales todo el día, en anticipación de que es seguro decir que no estaba listo para eso... ¡Dios mío!"
sadness,7392,0,original,Se me olvidaba que después de cada evento trágico hay que leer a los jueces morales decidir por cuales eventos se puede estar triste/afectado y por cuales no. Siempre habrá una lista de tragedias más grandes y ninguna está peleada con la otra.
surprise,6542,0,translated_en,La imagen de las espadas encendidas de los Dothraki que resplandecen en el campo y se apagan una por una es definitivamente una de las mejores tomas de toda la serie. ¡Adrenalina SPIKED!
disgust,2142,0,translated_en,¡Qué repulsivo encuentro a la gente que se ríe de estas desgracias!
anger,7848,1,original,Una hora viendo y maldiciendo porque el capítulo era poco más que una mancha negra. He toqueteado la configuración del televisor y ahora sí que se ve. Aunque la hora perdida no me la devuelva nadie. Empezamos de nuevo.
sadness,4510,0,original,Un pueblo ignorante es un instrumento ciego de su propia destrucción... cara desanimada
others,7020,0,original,Nos unimos a la de contra el cambio climático a través de iniciativas con niños y niñas entre los 4 a 13 años reconocidos como de la vereda El Pescado de Puerto Boyacá
sadness,7445,0,original,Esta tarde he empezado a llorar desconsoladamente y de manera exagerada al enterarme que ardía El mundo está lleno de cosas terribles y tristes que me tendrían…
others,4901,0,original,Ferreras dando el escrutinio a cada minuto.
disgust,7993,1,original,"Leer es para maricas. Los verdaderos hombres no leemos si no es para hacer cuentas. Morimos así, hablando un solo idioma, trabajando toda nuestra vida. Prepararse es para putitos afeminados"
anger,8371,1,original,Es INDIGNANTE las imágenes donde los tanques pasan por encima de las personas. Como pueden ser tan hijos de mil puta. cara triste pero aliviada
surprise,813,0,translated_en,¡Increíble! El gallo de cobre que se sentó sobre la aguja en la catedral de Notre Dame ha sido recuperado intacto... después del dramático colapso de ayer
others,6633,0,original,So Barca vs Ajax final?
others,4541,0,original,"Durante estos cuatro años podríamos pensar un sistema seguro para poder votar de forma online, no quiero pensar en la cantidad de papel que se ha derrochado en estos días..."
joy,3752,0,original,No se diga más... MESSI el mejor cara sonriendo con estrellas
anger,945,0,original,"Nuestro problema no es con el pueblo cubano sino con las sanguijuelas castristas que tienen 20 años maldiciendo nuestro país . Si no se van, serán Antorchas Humanas..."
others,7098,0,original,"En GOT pasa lo que pasa, no lo que quieres que pase. Siempre ha sido así"
others,3979,0,original,Cinco vueltas en posición C en esa última falta que recibió Messi.
disgust,1239,0,translated_en,"les dijo que ella hablaba por el futuro, que todos habían sido holgazanes y que tenían que subirse los calcetines... Todos los políticos burgueses estuvieron de acuerdo en que querían salvar el planeta, pero ninguno parecía tener mucha idea de cómo..."
fear,6092,0,translated_en,"Más de 2,5 millones de personas han votado por el partido VOX. Fueron sus primeras elecciones generales y han entrado en el Congreso con 24 representantes (de un total de 350)."
joy,4627,0,original,Necesito un meme que defina mi felicidad por el fracaso de la derecha (sobre todo de vox) y la izquierda como ganadora. Aún hay esperanza en este país puño en alto tono de piel claro medio
surprise,5598,0,translated_en,"Una lectura obligada si usted está tan fascinado / corazón roto por el y los desafíos de una reconstrucción como yo, Uno de los mejores críticos de arquitectura de América proporciona un análisis puntual."
fear,7617,0,original,Primeras tendencias y yo estoy de los nervios!!!
anger,7537,0,original,Puta mierda el 8x03 de Juego de tronos. Como cargarse arco argumental de varios personajes en un episodio. No me jodas.
sadness,220,0,original,"Estoy triste por lo sucedido en la catedral de Notre Dame... Ahora, cuando vaya a ver la película del Jorobado, no sé donde va a estar viviendo..."
disgust,4855,0,translated_en,"Este es un acto escandaloso del gobierno ruso. Maduro es malvado. Algunas personas están cerca de la inanición. Si es verdad, esto es cruel para el pueblo de ."
others,3456,0,original,Que le avisen a quien ganó hoy y que le recuerden que el sigue vigente.
others,5565,0,original,Aparentemente frágil y vulnerable ... demuestra lo que es la fortaleza interior. …
joy,7147,0,original,"bandera españa Campeones!!!, conquista un nuevo título, lleva 8 en la últimas 11 temporadas. Se coronaron en el Camp Nou tras derrotar a 1-0. El gol tenía que ser del mejor: Messi..."
joy,3262,0,original,"CAMPEONES!!!!! Ha tocado sufrir, pero ha merecido la pena. Nuestra octava en los últimos once años. Los más grandes!!! Continuamos GRANDE BARÇA!!! VAMOS!!!"
surprise,3191,0,translated_en,"Dejando rascarme la cabeza después de ver un poco lejos para decir lo menos, como soy consciente de que toda la serie ha sido pero que era tonto. Aún más confuso en cuanto a cómo van a arrastrar otros 3 episodios fuera de ella."
others,5034,0,original,"Es un recuento fantástico para , cada vez que refrescan navegador sube el número de escaños."
others,5928,0,original,Es hora de que presidente de tome una posición firme respecto a la crisis en ya no hay espacio para la neutralidad.
sadness,7507,0,original,"Infeliz hasta cuándo se aferra al poder, ya es hora q el pueblo y todos se levanten"
disgust,256,0,translated_en,"""Él quiere domesticarlos, darles estatus de ganado. El criador de ganado también es un déspota benevolente."" Ludwig von Mises, Burocracia, p. 91"
joy,3460,0,original,"El mejor del campo ARTURO VIDAL, grande el chileno."
joy,503,0,original,los Bomberos de París premian a José Manuel Soto por los buenísimos consejos que les ha dado desde ayer
others,6914,0,original,"+ 20/03: , vuelve el y la por"
surprise,2222,0,translated_en,¡¡¡¡¡¡¡¡¡¡¡¡¡!!!! Sabíamos que era a propósito pero quién es este dorso de mano con Índice hacia abajo de mano con Índice hacia abajo
sadness,7190,0,original,Sin duda es lamentable lo sucedido. Veo este video y sinceramente hubiera pensado que el daño había sido mucho mayor. Se siente algo de alivio. Ojalá que la reconstruyan pronto.
fear,989,0,translated_en,Está claro que el modelo de crecimiento gdp como el defecto tiene que cambiar si tenemos alguna posibilidad de que las cosas no lleguen a lo peor de estas predicciones
surprise,3853,0,original,Que injusto es el fútbol! En ningún caso la diferencia es de dos goles Liverpool debería ir ganando
others,1215,0,original,Min Defensa: 80% de efectivos involucrados en intento de golpe fueron engañados
surprise,718,0,original,"Que raro que entre las 20 primeras tendencias de Twitter no aparezca ni , ni , ni ni .... Sospechoso cara sin boca cara sin boca cara sin boca cara sin boca"
sadness,7382,0,original,"Uy, qué triste lo de lloro como precious, qué pérdida, qué dolor, ya no suban más fotos de su visita a París, que me remueve todo."
sadness,647,0,original,"Es increíble que a estas horas la situación en siga tan confusa, que no estè trascendiendo la información más allá de . El apagón informativo pone en riesgo vidas."
joy,5341,0,original,2074- Hoy convoca la marcha global que promueve la activista sueca en protesta por la inacción publica al que según la causa 800.000 muertes prematuras en
surprise,1862,0,original,Madre mía van a tener que ampliar invernalia solo para meter el cementerio
others,8240,0,original,"Ver a los representantes más sesudos e impostados del mundo occidental escuchar con admiración las fantasías proféticas de una niña, me hacen temer la vuelta a los tiempos oscuros del medievo"
joy,7971,0,original,Que capítulo el ...... que puto capítulo más bueno .. Que serie más buena
anger,8328,1,original,"La majestuosa, imponente y sublime Catedral de no tiene la culpa de haber albergado a pederastas y toda la mierda que representa la iglesia católica, una cosa es la obra de Arquitectura DIVINA y lo otro es un mierdal de gente... Para los que celebran su destrucción."
disgust,5823,0,translated_en,No podemos dejar que se queme salvando el tocino de los demás.
others,7933,0,original,Yo borrando tweets porque no se si son spoilers o no de y no quiero joder a nadie...
sadness,380,0,original,"Lo triste de es que se nos va una muestra de la raza humana. Habrán hecho barbaridades pero eso también es nuestra traza, lo que no se puede olvidar."
joy,1978,0,original,Os presentamos a Santa Arya Stark. manos en oración
others,1253,0,original,"Rusia y Cuba rechazaron el intento de golpe de Estado en , mientras que China decidió abstenerse a cualquier tipo de comentarios."
joy,2733,0,original,Hoy en el hago homenaje a uno de los libros que más me gustó en el mundo de libros . Vos tenes un libro favorito. Cuál me…
fear,4983,0,translated_en,": miles de manifestantes están ahora marchando hacia el oeste, acompañados de soldados desertados que tratarán de llegar a Miraflores (palacio presidencial)"
disgust,1823,0,translated_en,¿Por qué no pueden gastar millones para mejorar la vida de los pobres? ¿Por qué es tan fácil invertir en un monumento pero tan difícil compartir con iniciativas para los pobres?
sadness,1607,0,original,En colapso emocional con esta escena cara gritando de miedo cara con frío
surprise,6036,0,translated_en,"¡Te guste o no, esta fue una de las mejores escenas en GOT! Ella se merecía este tipo de final épico.. cara triste pero aliviada cara de sueño corazón rojo Mucho mejor que sansa"
sadness,360,0,original,Es muy triste lo de cara decepcionada
anger,282,0,original,"No puedo con la gente que no entiende la pérdida para la humanidad con el incendio de , que todavía se atreve a expresar que es una exageración la reacción de los que sí sabemos aunque no seamos franceses mujer con la mano en la frente tono de piel medio"
others,7110,0,original,"Desde ayer por la noche sin entrar a Twitter, Facebook o Instagram para no comerme ningún spoiler de . Ver el capítulo y pensar q la batalla no está mal... pero que la Batalla de los Bastardos está muuuuucho mejor. Y pensar también en que las bajas podían ser peor."
joy,267,0,original,"La imagen más hermosa! Nuestra Señora, resistió “Los tiempos primitivos son líricos. Los tiempos antiguos son épicos, los tiempos modernos son dramáticos” V. H"
fear,3851,0,translated_en,Jst gritó por un desafío a su compañero de equipo... sin saber lo que ese hombre es capaz con sus dientes.
joy,3477,0,original,"Cuando pregunten quien es el mejor jugador en la ""HISTORIA"" Todos griten LIONEL MESSI"
others,5183,0,original,"Encuentro último validar el rayado de bienes de uso común ... entonces su postura y lo que piensa valida su rayado? que sin sentido lo que dices, invítala a que raye tu casa, así no molesta a otros. Hay otras formas de protesta y mucho más válidas, mira a por ej"
others,436,0,original,".@JOSEMANUELSOTO1, y un consejo para apagar el fuego de"
sadness,3380,0,original,El Atlético resignado a perder cara desanimada
joy,1440,0,original,ERE MAS GRANDE QUE UN SOL. MAS BONITA Y NO NACES. /03
joy,1658,0,original,"Mi profesora acaba de soltar un spoiler de juego de tronos mientras explicaba, me meo cara llorando de risa"
anger,2044,0,original,"¿PARA QUÉ LES SEGUÍS CON LOS DRAGONES? ESO ES LO QUE EL QUIEREZJON DAENERYS, MUY MAL"
disgust,1532,1,translated_en,Así que algunos pedos se quemaron a quién le importa.
anger,1684,0,original,"Joder, he salido muy tocado de ver el capítulo de Juego de Tronos. Lo único que pido ahora es que el final no sea una mierda empalagosa para complacer a la gente."
fear,4871,0,original,"A mí hay una cosa que me preocupa, y es como va a inrrumpir VOX en el congreso"
joy,2599,0,original,"Ama, vive, sueña y ¡lee!"
sadness,1616,0,original,"No ha sido el mejor capítulo de la serie. Jon me decepcionó al igual que el Rey de la Noche. Arya se comió el capítulo, pero Batalla de Bastardos me pareció más épica, por ejemplo."
others,828,0,original,Que esta foto le de la vuelta al mundo. Así se encuentra el pueblo patriota resguardando el Palacio de Miraflores en respuesta al nuevo intento de Golpe de Estado en .
fear,5960,0,original,Círculo de invocación: vela vela vela vela vela que no maten vela a ningún dragón vela vela vela vela vela vela
others,6729,0,original,"Aquí, esperando la comparecencia de . cara sonrojada"
surprise,2018,0,original,Esto tiene que tener alguna trampa ¿?
sadness,7350,0,original,"Ver como la historia se las lleva el fuego es una pena, es triste para todos los que disfrutaron de esa maravilla y triste para quien ya no…"
joy,3849,0,original,Adoro los dias de pero más cuando juega mi equipo
fear,4527,0,translated_en,"¿Sabías que una ayuda a los bomberos en ? Conozca Colossus hecho por , una mano de ayuda cuando las situaciones se ponen demasiado riesgosos!"
joy,4427,0,original,Me alegra muchísimo que no vaya ni un solo diputado de Vox por Canarias. corazón verde corazón verde corazón verde
anger,7734,0,original,De cuando la conductora de televisión quiere hacer un ensayo político de una realidad innegable: un intento de golpe de estado. Pero no ama los hechos sino sus opiniones ya manipuladas
fear,4844,0,original,Cuidado con los sondeos y con las encuestas
others,1059,0,original,"""En estos momentos está saliendo de la Plaza de Altamira"" está resguardado no está en ningún lugar escondido, apoyado x listos para entrar. Negociando desde embajada Chile creando condiciones a"
joy,2477,0,original,"Homenaje a Gloria, para un club de lectura llamado Chocolate con Libros."
fear,2005,0,translated_en,Lectura recomendada: y Kirk Talbot en cómo todavía tenemos tiempo para cambiar nuestro enfoque hacia los bienes comunes compartidos y abordar la crisis que se avecina
sadness,7306,0,original,y merece la pena cuidarlos y preservalos así como lamentar sus pérdidas. De igual forma se lamentaría que en se perdieran las ruinas de Joya de Cerén o las reliquias que guarda el Museo de Antropología (sigue)
sadness,184,0,original,Una verdadera pena lo de Notre Dame.... pero va a ser reconstruida. Como piensan que debe ser esta reconstrucción?
others,2291,0,original,"El Señor de los Anillos de JRR Tolkien sigue siendo mi favorito𝖯𝗋𝗈𝖿𝗎𝗇𝖽𝗈, 𝖼𝗈𝗇𝗆𝗈𝗏𝖾𝖽𝗈𝗋 𝗒 𝖺𝗍𝗋𝖺𝗉𝖺𝗇𝗍𝖾 𝗆𝗎𝗇𝖽𝗈 𝗆í𝗍𝗂𝖼𝗈 𝗋𝖾𝖿𝗅𝖾𝗃𝖺 𝗅𝖺 𝗂𝗇𝗍𝖾𝗋𝗆𝗂𝗇𝖺𝖻𝗅𝖾 𝗏𝖾𝗋𝖽𝖺𝖽 𝖽𝖾 𝗅𝖺 𝗁𝗎𝗆𝖺𝗇𝗂𝖽𝖺𝖽"
sadness,7479,0,original,"Que pena, de verdad. Que miserables, asco rotundo... Por una"
surprise,1310,0,translated_en,"Vale, pero ¿podemos tomarnos un minuto para imaginar la reacción de Ben Wyatt a la última temporada de Juego de Tronos"
disgust,5810,0,translated_en,"Sobre este video. En 1989, los tanques de Beijing aplastaron al pueblo. En 2019, vehículos blindados venezolanos golpearon al pueblo. Hoy, 30 años después, los medios del dictador siguen siendo sangrientos y bárbaros"
joy,2802,0,original,Mi libro favorito es la novia gitana y puede hacerme ganar un ebook con +información:
joy,458,0,original,Una buena noticia entre tanta desgracia
disgust,1422,0,translated_en,"Todo lo que sé, ustedes, idiotas del pueblo, es mejor asegurarse de que no se convierta en un baño de sangre sirio. Este es nuestro hemisferio, este tipo de muerte y destrucción no es lo que hacemos en nuestro propio suelo. Este comportamiento no es lo que somos."
disgust,4998,0,translated_en,Me avergüenza que el MSNBC mintiera sobre las causas de la revolución en curso. Mintió cuando trató de culpar a la intervención de Estados Unidos. El régimen de Maduro está abusando y matando a su propio pueblo para aferrarse al poder ilegítimo.
sadness,7344,0,original,Incendio en : es desgarrador ver en llamas este símbolo de y de la civilización mundial. Nuestra solidaridad con y con Francia por esta terrible tragedia bandera francia bandera israel
disgust,6288,1,translated_en,"¿Estás fingiendo que no sabes la verdad acerca de esta mujer está hablando mierda total! NO es ""amado por los pobres"" Esa entrevista fue una completa pieza de complicidad por Vergüenza en el"
joy,4373,0,original,“¡Yo vi jugar a Lionel Messi!” - exclamaré con una sonrisa 30 años después. cara sonriendo con estrellas
others,3677,0,original,Quien se lleva el duelo frente a frente? corazón rojo : Van Dijk repetir : Messi
sadness,1944,0,original,"Y haciendo un conteo de sufrimiento, he sufrido MUCHO más con el capítulo de que con , pero de lejos."
others,6250,0,original,¿Por qué se celebra el libros ?
joy,2543,0,original,"| Un libro nuevo, una nueva lectura, una nueva aventura ¡Felíz Día del Libro! Me gusta leer, ¿y a tí? libros rosa"
disgust,2832,0,translated_en,Samwell Tarly pasó mucho tiempo llorando...
anger,8025,1,original,"Me caga el pero esa jugada de era penal, claro penal no mamen."
others,1640,0,original,"¿Los veremos enfrentarse esta madrugada? , temporada final de la serie icono de la nueva manera de comprender la llamada Edad de Oro de la pantalla chica. . vía"
joy,1891,1,original,"ESTOY LLORANDO. QUE MARAVILLA, OBRA DE ARTE, ESPECTACULAR, ALUCINANTE, INCREIBLE, MAJESTUOSO CAPÍTULO DE JUEGO DE TRONOS ME CAGO EN MIS MUERTOS. NO DOY CRÉDITO A LO QUE ACABO DE VER"
sadness,7425,0,original,Muy lamentable la pérdida de mucha historia ocasionada por el incendio en . Ruego para q el daño sea el mínimo.
anger,720,0,original,"La izquierda también sabe reprimir, y de qué manera, basta con echar un vistazo a las imágenes en hoy."
others,4235,0,original,Disfruta de la donde quiera que estés con izzi go. Menciona a quién te gustaría ver en la final
surprise,406,0,translated_en,: Los socialistas ganan en medio de un avance de extrema derecha
anger,1301,0,original,"Miéntras la vice aplaude a los encapuchados y rebeldes en , se aterra de los que acá también reclaman sus derechos!"
disgust,6343,0,translated_en,Los regímenes socialistas están haciendo ahora lo que los regímenes socialistas hacen mejor: asesinar a los ciudadanos que discrepan.
disgust,7105,0,translated_en,Más ejemplos de idiotas enfermos celebrando
joy,2180,0,original,"Gracias al Depósito Documental podré tener acceso a libros,Tesis Doctorales de compañeras doctoras necesarias para el desarrollo de mi estudio doctoral. En doy las gracias por dar visibilidad a la investigación enfermera libros @NursingNowCAM"
others,3515,0,original,Cuando ves el gol de falta de Leo Messi:
joy,4897,0,original,Creo que no ha tenido en cuenta a los miles de expatriados que hemos vuelto para votar. Aún puede haber más sorpresas
others,4716,0,original,la dificultad de hacer encuestas con un 10% de personas que deciden su voto el último día
others,596,0,original,"Quien ve en las llamas de un pretexto para ofender una religión o una nación, no ha entendido nada de la humanidad y su grandeza."
others,3124,0,original,", la mejor conmemoración. Lee un libro..."
others,4547,0,original,Esperando impacientemente las primeras declaraciones De AZNAR! La Mano que mece la Cuna de la Derecha!
joy,6324,0,original,Campeóne Campeóne Olé Olé Olé palo de corazones corazón azul palo de corazones corazón azul palo de corazones corazón azul trofeo palo de corazones corazón azul palo de corazones corazón azul palo de corazones corazón azul !!!
disgust,5606,0,translated_en,"No miro y observo el capuchón, prob por qué no lo veo, y nunca comparar esa basura con timones profundos de nuevo! Gracias!"
anger,576,0,original,"El activismo Pop,las ansias de protagonismo y la consciencia light de social warriors que con antorchas y enmascarados nos vienen a recordar que son los custodios de la ética y la moral cuando lo único que son es unos ignorantes mediocres"
joy,4381,0,original,"Gracias por lo de hoy izquierda, gracias. rosa"
anger,7791,0,original,"Basta ya . No amenaces más a con un “bloqueo total” si sigue apoyando a . Estas son las cosas que me indignan. Aquí hay familias, niñas, niños, y su irracional política afecta a los cubanos de aquí y de allá. sin ."
anger,777,0,original,Ojalá la solución de sea inmediata y sobre todo sin más violencia ni más víctimas manos en oración tono de piel claro Nuestro País hermano no se lo merece.
others,4090,0,original,"En el fútbol nunca está dicha la última palabra, pero esta final de la merece ser vs ."
disgust,3123,0,translated_en,Suárez es todo un matón y quiero decir que en los términos más gratuitos
joy,2679,0,original,Hoy comencé la novela más reciente de uno de los escritores franceses más leídos y que pronto llegará a México. Yo la comentaré en 15 días con en Feliz
joy,4777,0,original,Parece que lo hemos logrado! Pero a falta de terminar el escrutinio... demasiados escaños tienen los fascistas! Mañana y pasado y el otro tenemos que continuar la lucha! Fuera el fascismo de nuestras instituciones porque no es democrático!
joy,7895,0,original,"Me voy a dormir orgasmada perdida. Gracias por tanto y perdón por tan poco, ."
joy,2675,0,original,"Desde el centro joven, os deseamos a todos un feliz día del libro, y aprovechamos para desear a nuestros amigos un feliz San Jorge"
joy,2763,0,original,Es verdad y son muy buenas
sadness,35,0,original,¿Cómo pudo pasar algo así ? Una verdadera tragedia.
joy,5087,0,original,Y cuando crees que estaba todo perdido... ves una bufanda del Betis entre la gente y se te cambia la cara!
others,6677,0,original,De nuevo y como siempre...
sadness,350,0,original,"Hace unas semanas conocí . No entré, solo me quedé afuerita viéndolo un buen rato. Era hermoso. Es una pena lo del incendio."
sadness,236,0,original,Las gárgolas de de París son una pérdida irremplazable.
anger,8203,0,original,"Casi el 6% de los voyantes de , han elegido a Vox. Que vergüenza, de verdad."
surprise,3520,0,original,Primera vez que veo a Messi exagerar una falta.
fear,1934,0,original,Me dispongo a ver por segunda vez el episodio 8x03 y estoy más nerviosa que la primera...
joy,2017,1,original,NO MAMEEEEEEEES LA MEJOR SERIE DEL PUTO UNIVERSO
others,3974,0,original,Henderson la cagó... Vidal buena vista... mejor pasé
others,5618,0,original,La imagen dice más que mil palabras...
surprise,689,0,original,Parece de película. LIBERTAD para
joy,7886,1,original,Menuda pasada el mejor capitulo de la historia un capítulo que lleva siendo todas las temporadas que pasada a tomar por culo el rey de la noche
joy,8293,0,original,Que linda que es la lpm!
anger,132,0,original,La elite financiera la quemó. Siempre avisan con anterioridad cuando hacen estas cosas. Es una burla por un lado y un aviso por el otro de la persecución que se viene sobre el cristianismo.
joy,3334,0,original,"Bueno, ayer ví la mejor película de todos los tiempos a nivel de superhéroes, hoy voy a ver a quedar campeón al mejor equipo de todos los tiempos cara guiñando el ojo a nivel de fútbol"
others,504,0,original,Una historia interesante al hilo de lo sucedido en dorso de mano con índice hacia abajo tono de piel claro teclado musical
disgust,4958,0,translated_en,Mucha gente parece querer una placa en Notre Dame con su nombre en ella. Sería mejor construir algunas nuevas casas para las personas necesitadas OMI
joy,3804,0,original,..... Excelente y limpio apoyo en ....
joy,2950,0,original,"¡Feliz ! ""Cambiemos el mundo, amigo Principito... Que no es locura ni utopía, sino justicia""."
fear,826,0,translated_en,"El Secretario de Estado de Estados Unidos ""los nervios de acero no se han mostrado mucho hoy en día"". Los cubanos ya están ocupando , los Estados Unidos está dispuesto a hacer lo que sea necesario para restaurar la democracia. Esperemos que se restaure pronto."
others,4266,0,original,"¿A que hora salen los mamadores a decir que el Liverpool fue ""mucho mejor"" que el Barca por que tuvo ""mayor volumen de juego""?"
joy,4043,0,original,Pero que grande que sos Lio!!!!! Por eso es que te amo
fear,4371,0,translated_en,. retumba y estamos monitoreando los eventos con rumores de los EE.UU. que trataron de salir del país. La situación sigue siendo tensa y estaban vivos en 2300convenios con y . tiene una nueva...
others,2102,0,original,No conoces la angustia hasta que no has visto el 8x3 de
joy,6457,0,original,Barcelona CAMPEÓN de con gol de Messi supera al Levante 1-0 trofeo manos levantadas celebrando cara radiante con ojos sonrientes manos levantadas celebrando trofeo
sadness,7468,0,original,"Hola Vene, acá tranki, amigo lamento lo que está pasando en tu País, Fuerza , yo los apoyo ."
joy,2534,0,original,"Pues está claro, que San Jordi se celebra en algunas zonas y el libro es universal. Y hay veces que se utiliza a San Jordi como fiesta del libro y no es así. Me encantan todas las fiestas de todos los sitios pero una cosa es y otra"
surprise,2090,0,original,Flipo con los que dicen que el capítulo de ha sido flojo. ¿Ustedes qué vieron?
others,2421,0,original,libro abierto 10 libros basados en investigaciones periodísticas que no te deberías perder. dorso de mano con índice a la derecha ¿Ya los leíste? dorso de mano con índice a la derecha títulos consideras imperdibles? libros cara pensativa
sadness,7004,0,original,"detective suplicó entre lágrimas a la Unión Europea: ""Nuestra casa se desmorona, el futuro está en sus manos"""
fear,4082,0,translated_en,"Tengo miedo... por favor mundo, hacer algo para cambiar"
joy,4010,0,original,Goooooolazooo de !! El mejor del mundo!! 3-0
others,7776,1,original,"Ojalá tenga un plan serio para dar un golpe contundente al usurpador en las próximas horas, sobre todo mañana, que es para cuando había convocado la movilización; de lo contrario amanecerá el jueves con gran descrédito... Ineludible realidad!"
anger,8364,1,original,"en La Calle y el CABRON INDIGNO de Guindando de Una ""BOLA"" de en su Incondicional Posición de ARRASTRADO y sin VERGÜENZA ya Militares Leales a sus Principios No Acatan sus SÚPLICAS a Favor del USURPADOR"
joy,2247,0,original,Hoy es el y en se están regalando No es bello?
others,4201,0,original,ha comenzado con buenas sensaciones.
sadness,257,0,original,"Los daños a la Catedral de , son para la humanidad toda. Obra maestra del gótico francés, y de la arquitectura mundial. Su recuperación será fundamental, como testigo de la historia europea."
joy,3216,0,original,corazón azul CAMPEONES corazón rojo El verdadero campeon de Liga La fiesta blaugrana!!!
sadness,7298,0,original,": Llora en su tumba Víctor Hugo ppr Notre Dame. Con él, llora todo el mundo amante de la belleza y de la historia. |"
joy,1439,0,original,La verdad a penas comencé a ver está temporada pero me está gustando. Espero que las próximas temporadas sean igual de buenas.
sadness,566,0,original,"La imagen lo dice todo , así como el jorobado estamos muy tristes por este triste acontecimiento... ... …"
sadness,16,0,original,"Hoy el mundo occidental está “shockeado” con el incendio en la Catedral de Notre Dame. Impresionante la sensación que viví al entrar y ver esa magnificencia. Sí, si impone."
joy,4522,0,original,"Gracias Aznar, ¡contigo empezó todo!"
others,3335,0,original,RESUMEN | Las mejores jugadas del LEGANÉS 0-0 CELTA reproducir
joy,4891,0,original,"Ve calentando Paco Franco, que ahora sí que sales cara llorando de risa ."
others,6916,0,original,Tú no puedes comprar al vientoTú no puedes comprar al solTú no puedes comprar la lluviaTú no puedes comprar el calorTú no puedes comprar las nubesTú no puedes comprar los colores(Calle 13)
joy,1964,0,original,Puta locura de capitulo. Lo mejor que he visto pero con diferencia
others,5326,0,original,"Un poderoso mensaje sobre el dedo que deberíamos sentir por lo que le sucede a nuestro planeta, por lo que le hacemos a nuestro hogar."
sadness,5569,0,original,Ojalá que el jorobado haya alcanzado a arrancar:(
sadness,563,0,original,"Nací en el 1998, año en el que se llevó a cabo el mundial en Francia, y siento una tristeza por lo de Notre Dame como si estuviera en mi propia ciudad."
surprise,1139,0,original,"EXCELENTE!!! ""Paro débil y miedo a la cárcel"", por Alfredo Leuco - Radio Mitre"
anger,8401,1,original,"Socialista tenias q ser, luego vendrá el levantamiento definitivo y veremos q dice, ojalá sea luego y saquen a ese asesino tal como nosotros sacamos con nuestros VALIENTES MILITARES a Allende. SUEÑA CON LA LIBERTAD. Asi es que cállate huevón nefasto"
others,6724,0,original,Rivera haciendo desaparecer cualquier prueba de que basó su campaña en “votadme para echar a Sánchez”
others,4985,0,original,Los resultados parciales son muy interesantes. Me considero precavido y considero bueno que los extremos tiendan a ser marginales y los moderados mayoría.
disgust,7129,1,translated_en,Pregunta re Notre dama. ¿Es la Iglesia Católica tan negligente que no obtuvieron seguro para el edificio que necesitan donaciones de los ricos?
joy,1280,0,original,Le deseo al pueblo venezolano que puedan sacar a Maduro del poder y que finalmente vivan en LIBERTAD. ¡Ánimos y no bajen los brazos! El mundo libre está con ustedes. Un enorme abrazo
others,4309,0,original,Definitivamente no hay mejor plan que ver fútbol.
surprise,1711,0,original,"¡No lo puedo creer! Grábense este capítulo en la memoria (8X03), pues acaban de presenciar el mejor capítulo de todas las series creadas hasta el momento... ¡Se los juro!"
disgust,7803,0,original,Es difícil para bandera españa impedir la salida de Maduro. Dejenlo preso allá lo procesan por crimines de lesa Humanidad. No lo dejen entrar a .
joy,6798,0,original,Viva España y viva el socialismo¡¡¡¡
joy,5702,0,original,"alto voltaje Muchos son los recuerdos y fotografías que tiene la gente de la catedral de : ""Se reconstruirá y volveremos. Claro que la volveremos a ver!"""
anger,8048,1,original,MESSI ESTAS EN LA MIERDA DE LOCO!!!!!
sadness,7517,0,original,Da pena ajena que ese retrógrado de Fran Pérez hablé de sin conocer la Constitución Nacional de Venezuela!!!
joy,5050,0,original,Me encanta twitter en estos momento
others,7136,0,original,"bandera españa cara sonriendo con gafas de sol ¡Cuando tu ""jefe"" llega tras rifársela en la chamba! manos aplaudiendo cámara de cine círculo azul círculo rojo"
others,6217,0,original,Hoy se celebra el Día internacional del Libro y del Derecho de Autor declarado por la UNESCO
sadness,7477,0,original,"bandera venezuela Imágenes terribles desde . La violencia no debe ganar, espero que se encuentra una solución política. Schreckliche Bilder aus Venezuela. Die Gewalt darf nicht siegen, ich hoffe das eine politische Lösung gefunden wird. paloma"
anger,8355,1,original,lo dije y lo repito. Salga lo que salga es una puta mierda porque tenemos unos dirigentes mediocres. Vaya panorama.
disgust,7644,1,original,"Menuda puta pena me da toda la gente que va de guay con la pose de ""Me da igual que se queme la catedral de Notre Dame, bah, solamente es un edificio viejo inútil"" ¿Tan necesitados estáis de atención?"
joy,2602,0,original,5 libros para quienes aman viajar por el mundo dorso de mano con índice a la derecha
joy,5808,0,original,Todos a la calle!!! El momento es ahoraaaaa.
sadness,7290,0,original,"Veo mucha gente triste por el incendio en . Te cuento que la semana pasada un hombre le prendió fuego la casilla a su ex mujer, perdió lo poco que tenía, no se digo, quizás también se te da por poner una foto de ella y darle una mano no?"
sadness,4394,0,original,"Se va a quedar esto hecho un solar, válgame.-"
joy,4984,0,original,"Viva España frenando al fascismo, estaba equivocado, no damos taaanta vergüenza."
sadness,7300,0,original,Ayer estuve viendo este lamentable hecho la verdad lloré es que ver tanta gente llorando y abrazándose me conmovió este era un lugar hermoso y maravilloso que ahora está casi destruido muchos dice que era un sitio celestial París y el mundo está de luto
others,7746,1,original,"Gordo ignorante! Ya no tendrás paz. Bueno, desde hace tiempo que vives como un ratón en su guarida."
disgust,5278,0,translated_en,la reacción de los ricos es alarmante y está enfatizando significativamente la realidad de lo mucho mejor que nuestro mundo sería si nos preocupamos por los humanos por los materiales
others,6437,0,original,Leo Messi llego a título número 13 con el Barcelona. (Vídeo) ¡Mira el gol de la victoria ante el Levante.
fear,7292,0,translated_en,"Este artículo sobre las bóvedas y contrafuertes de Notre Dame es interesante, pero espero que no sea correcto decir que el techo de madera probablemente será reemplazado por metal. La artesanía de madera estructural a gran escala es una cosa hermosa."
others,1564,0,original,La daga con la que Arya mata al Señor de la Noche es esa daga con la que iban a matar a Bran... No quiero pensar mal...
anger,8005,0,original,"Por favor al que haya montado la fiesta de celebración de la liga que lo echen del club para los restos, menuda caca con ojos caca con ojos"
disgust,880,0,translated_en,"Veo el comentario de Corbyn, dada la elección de solidaridad con las masas hambrientas y la solidaridad con el régimen fallido más cercano a su ideología política han elegido este último."
joy,4687,0,original,Ya he ejercido mi derecho al voto urna con papeleta y con mucho orgullo
joy,3333,0,original,¡Campeones trofeo ! Con solitario gol de el vence al para junto a su gente cantar el alirón y coronarse reyes de bandera españa
joy,4420,0,original,“Con Rivera no” y “sí se puede” gritan en Ferraz los socialistas al nuevo presidente. Esto cada vez me gusta más.
surprise,5337,1,translated_en,¡Messi mostrando pura emoción gritando a Vidal para dispararle a la maldita cosa!
sadness,7329,0,original,Solo en las peores desgracias sale la humildad de las personas. Qué triste es perder algo tan valioso para el mundo como es
joy,4889,0,original,Jaén sin escaños de VOX y qué bien
others,4523,0,original,Pequeñas alegrias: el incoherente y dañino se queda sin escaño por jugar con sus propios derechos y los de todo el colectivo + Podrá seguir viviendo su vida gracias a nosotr@s
others,5985,0,original,"Este es el momento exacto donde se ve el airecito de la Rosa de Guadalupe, antes de acabar con el Rey de la noche"
fear,3656,0,translated_en,¿Quién está nervioso? No estoy nervioso. ¿Estás nervioso? Nervios... pssshhh.
disgust,4148,1,translated_en,Malditos tontos otra vez.
disgust,2696,0,translated_en,Y sin embargo la gente sigue con sus vidas como si la sexta extinción masiva no estuviera sucediendo.
sadness,1540,0,original,Os digo en serio que lo estoy pasando realmente mal
surprise,971,0,translated_en,"Como muchos, lo que sucedió en París el lunes por la noche me sorprendió y molestó. Sin embargo, este artículo lo pone todo en perspectiva!"
sadness,454,0,original,Muchas gracias a los amigos de Francia por sus mensajes de amistad y afecto. Mucha emoción de toda una Nación y tristeza por ver quemarse este monumento emblemático. Como los dice el Presidente vamos a reconstruirla
surprise,5936,0,original,"Voy a volver a ver los últimos 10 minutos, porque estaba en shock y no me he enterado. cara de confusión"
disgust,4641,1,translated_en,"De dónde saca Beto su dinero, sólo los criminales podrían tomarlo en serio."
disgust,938,0,translated_en,"Lo que los medios de comunicación estadounidenses muestran : VS. ¿Cuál es la historia real : Si el periodismo en el oeste no era lo suficientemente repugnante para ti , aquí tienes ... ahora puedes odiar el periodismo tanto como yo !"
fear,5128,0,translated_en,Bastante seguro es el único humano en el reino que entiende la ansiedad y desesperación que experimenté durante el episodio de anoche cara haciendo una mueca
joy,3371,0,original,Todo listo con el Amor de Mi Vida para celebrar un nuevo título de
joy,4028,0,original,"Estoy llorando, viva mi por haber podido ver a Messi en el Nervión"
anger,7058,0,original,"¡Hoy en todo Chile marchamos por más consciencia y la urgencia de hacer cambios por los efectos del • ""No quiero que me deis esperanza, quiero que actuéis como si la casa estuviese en llamas. Porque lo está."" Demoledor discurso de"
others,6862,0,original,"Con el 23% escrutado... rosa 128 escaños gota 67 escaños mandarina 50 escaños berenjena 31 escaños brócoli 23 escaños Como esto siga así, se avecina una noche muuuy larga en Génova 13. Rivera le pisa los talones a Casado."
others,3692,0,original,Estado de ánimo: Barcelona 3-0 LiverpoolTodo lo de la acá flecha hacia la derecha
joy,314,0,original,La santa corona de espinas es salva!!!
others,5697,0,original,Nos vemos pa un tinto en del carmen
fear,7603,0,original,"¿Alguien sabe por qué no ha salido el jefe de campaña de a valorar los resultados? Estoy preocupada, ha desaparecido."
sadness,964,0,original,Hay tanta desinformacion que los periodistas y personalidades que acostumbramos a leer para ver que pasa en no han publicado mas desde hace unas 3 horas aprox.
anger,555,0,original,"Notre Dame resistió a las guerras de religión,la Revolución Francesa,dos guerras mundiales, más de ocho siglos al paso del tiempo... pero no resistió una remodelación donde un “ruso” calentando su almuerzo con un reverbero olvidó desenchufarlo"
disgust,5865,1,translated_en,Si los EE.UU. son SO BROKE donde mierda consiguieron miles de millones de dólares para Notre Dame mujer encogida de hombres tono de piel medio dedo corazón hacia arriba tono de piel medio cara con ojos en blanco saca a los sin techo de las calles
disgust,2798,0,translated_en,¿Se pregunta por qué el costo de la atención médica es tan alto?
joy,4208,0,original,Lo bueno del 1ero de Mayo poder ver la en casa
joy,3382,0,original,¡Buenos días! Hoy comienza la jornada 35 de . Tienes TODAS las POSIBLES ALINEACIONES en la web. Entra:
sadness,926,0,original,"Mi alma sufre la situación de , Patria que asumió a familiares adorados. Como ciudadana lamento esta salida, prefiero las herramientas democráticas. Dios guarde el pueblo venezolano."
joy,6532,0,original,"Se viene una semifinal histórica, una cita imperdible, prácticamente una final adelantada botón vs"
disgust,4506,0,translated_en,Su. ¿Podría el socialismo trabajar? por favor retuitee y vote. pulgar hacia arriba
joy,830,0,original,orgulloso de haber sido en el pasado (1994-2000) periodista de Gracias por la postura informativa asumida el día de hoy. Esperamos que pronto vuelvan a tomar el espacio informativo
anger,8278,0,original,Ya nos cargo el Payaso! cara cansada mono con los ojos tapados espadas cruzadas escudo dragón
fear,3398,0,translated_en,Necesito respirar no es broma 20 minutos en que ya estoy temblando maldito infierno que es el genio detrás de esta película el suspense cara gritando de miedo cara gritando de miedo
disgust,8168,1,original,Gracias España: Fascistas en lo social y ultraliberales en lo económico
others,3524,0,original,Los de France Football ahora mismo
others,5844,0,original,Lo zurdo le brota por los poros...!!!
disgust,4809,0,translated_en,Es increíble lo rápido que la gente puede recoger tanto dinero para arreglar un edificio cuando hay tanto dolor y sufrimiento en el mundo
others,5356,0,original,"Y ahí está el animal que presume de una mayor inteligencia, el . El único que destruye su propio ;)"
fear,2065,0,translated_en,declarados como gases de efecto invernadero emitidos por Petomane alcanzan niveles de peligro
sadness,543,0,original,Hay imágenes que no deberían verse nunca. Una vez más el fuego nos recuerda que no somos tan poderosos. Es un día triste para todos los que amamos la belleza cara llorando
joy,7836,0,original,"Posiblemente uno de los mejores capítulos de , yo diría que si. Brutal!!"
others,790,0,original,"4992 km son los que separan de ... A las personas que les interesa tanto lo que ocurre con pueden ir a ese país.... Tantos kilómetros no son, no? O les da fiaca? Vamos remolones.... los está esperando!"
joy,6830,0,original,Viva España. Y viva el Socialismo. bíceps flexionado tono de piel claro medio flor marchita
disgust,4866,0,translated_en,"Creo que debería volver a leer su tweet: “Afirmé que Guaidó, como resultado del proceso constitucional de elección, es reconocido como el líder legítimo de las naciones del MUNDO LIBRE”. Esto es estrictamente inexacto."
anger,3,0,original,Desde ayer andan sufriendo por el incendio de y ni siquiera conocen la Basílica del voto nacional.
disgust,1140,0,translated_en,", y todos han elogiado repetidamente la dictadura en . Estos tontos rancios y peligrosos nunca deben ser permitidos en ningún lugar cerca del Gobierno."
joy,6766,0,original,Por fin la izquierda grita Viva España. A costado
anger,8352,1,original,"vuestro menosprecio a las mujeres, Cataluña y a la capacidad de pensar de los ciudadanos han hecho rosa presidente rosa , al felón, mentiroso, nervioso y rompe bandera españa @eleccionesL6"
disgust,4399,0,translated_en,Chicos vamos hombre que me estás diciendo Arya pasó por alto que todo el escuadrón de guardaespaldas para matar al Rey Nocturno . Qué cara de la muerte aplastante durmiendo cara durmiendo cara cara durmiendo cara durmiendo cara durmiendo cara durmiendo .
others,3213,0,original,El vence al Levante con gol de Messi (1-0) y se proclama campeón de por 26° vez. Lleva 8 en los últimos 11 años manos aplaudiendo trofeo
others,6454,0,original,Beñat y Bastón en 4 minutos sellaron el 1-1 en San Mamés
disgust,6250,0,translated_en,"Esto no fue Grenfall o el WTC - el colectivo en húmedos pantalones y promesas de dinero, etc. guardarlo para cuando importa. - Llamamiento internacional para que los arquitectos diseñen una nueva aguja"
sadness,3266,0,original,Lo malo de cuando se retire Messi es que ya no voy a tener a nadie que me sume tantos puntos en el Comunio...
others,5190,0,original,"Seguimos muy de cerca esta iniciativa y la apoyamos. , o la conciencia de la juventud que apremia a cambiar las normas de juego para proteger el clima y el planeta. Hay que seguirl@s muy, muy de cerca. De ell@s es el futuro."
sadness,4867,0,original,la gran mayoría de los españoles esperamos tu unión con y que nos des la alegría (junto con Esquerra) para conseguir la mayoría cara llorando fuerte cara llorando fuerte cara llorando fuerte
sadness,7474,0,original,¿Puede haber algo más bello que sentir tu patria? No lo digo desde el aspecto político sino desde ese lazo único que se tiene con la cuna de origen. Siento tanta pena por todas aquellas amistades que se han visto obligadas a dejar su país por el (+)
surprise,1576,0,translated_en,¿Me estás tomando el pelo? ¡Diablo!!
sadness,275,0,original,Que devastador lo de cara llorando no parece que va a quedar mucho...
others,5835,1,original,"Rusia Acusando de Desinformar es como las kardashian hablando de abstinencia sexual, o de historia universal..."
joy,3673,0,original,es el puto amo!!!! Es el mejor jugador de la historia dos corazones dos corazones
anger,8002,1,original,Que no sabéis hacer las cosas sin meter odio mierda y polémica entre los aficionados que agonia de dios mio
others,3385,0,original,Atenti... programa ideal en tarde lluviosa...
surprise,4909,0,translated_en,"Esta estrella se va a marchar en verano? cara con la boca abierta Parece que no está satisfecho con sus minutos en España, y estos gigantes están interesados en firmarlo también! balón de fútbol fuego cien puntos"
joy,1477,0,original,Este si es un verdadero capítulazo de la última temporada. ¡BRUTAL!
others,5075,0,original,"Ni tanto español, ni tan casado. Una sociedad plural, diversa, polarizada, centrípeta, moderada y a veces tibia, pero que sabe elegir y no le gusta que le impongan nada."
others,994,0,original,"Tendencias en Twitter, claramente seguimos con gran sensibilidad, hay empatía y tenemos claras las prioridades"
joy,5104,0,original,"Algo claro con las , en este país hay mucha gente de izquierdas, mucha gente de derechas... y mucha gente que decide votar a quien más le interesa en cada proceso electoral, y esto hace que la sea maravillosa!"
disgust,1075,0,translated_en,La gente de !! tan hilarante película que usted está dirigiendo. usted sólo quiere aceite. aceite aceite aceite aceite tan una vergüenza.
fear,8108,0,original,"Los trabajadores... estamos jodidos.... Con cualquier resultado: más miedo y en el mismo bando""."
others,7051,0,original,candidata al per la Pace
joy,5424,0,original,"una niña activista sueca, que mediante ha logrado integrar a varios países de para luchar contra el cambio climático, y ha logrado convocar una de escolares con su iniciativa …"
surprise,3264,0,original,"trofeo | balón de fútbol símbolo de enfado Toque a Suárez dentro del área, que pide penalti cara con monóculo El árbitro dice que NO es suficiente para pitarlo 12 en punto 32' 0-0 reproducir"
joy,1784,0,original,"Capítulo hermoso de desde la puesta en escena, lo técnico y narrativo. Por momentos un poco caótico pero, ¿no debe ser así la guerra?"
others,6897,0,original,Cuando una coalición PSOE Unidas Podemos se quede a 4 o 5 escaños de poder formar gobierno Acordaros de todos los que no fueron a votar
joy,5723,0,original,La millonaria familia Pinault compromete 100 millones de euros para la reconstrucción de
sadness,1649,0,original,"el capítulo de hoy bien se merece un ""Aria"" La tristeza está en el aire, como el amor por la familia. Y a Tyrion la suya le tiene ganas... Unas veces ganas, y otras pierdes"
sadness,7239,0,original,No hay que ser francés o cristiano para sentirse devastado por el daño a . Mis pensamientos están con la gente de .
others,5307,0,original,Cuanto me gustaría conocer ese . Cuanta en tu Gracias.
anger,2274,0,original,"¿Cuál es mi sueño para Ecuador en este ? Que lleguemos a ser como Rusia, Suecia, China, donde leer es un hábito, es algo natural, cultural, está arraigado, no hace falta jactarse de que leen porque es lo “normal”. Eso quisiera, que no sean bichos raros los que leen."
disgust,6104,1,translated_en,Bran es esa persona en un proyecto de grupo que no hace una mierda
others,4356,0,original,"El pase de y la sed goleadora de que los madrugó a todos, la inexorable ley del ex 1x0"
joy,2203,0,original,"Mi homenaje al libro es tener una relación amor odio con una caótica biblioteca personal, modesta pero indomable."
disgust,7179,0,translated_en,Este es el efecto totalitario de años de propaganda estadounidense y noticias falsas en medios tradicionales y medios sociales. No se dejó espacio para cualquier cobertura justa sobre la información en los Estados Unidos y los países títeres está bajo control gubernamental TOTAL.
joy,1737,0,original,Gracias por todo lo que habéis hecho. Lo mejor que he visto nunca. manos aplaudiendo tono de piel claro manos aplaudiendo tono de piel claro manos aplaudiendo tono de piel claro
others,1995,0,original,Acabo de ver el último capítulo de y solo quiero deciros que empieza por el principio y termina por el final.
sadness,637,0,original,"En estamos seguros de que actualmente, y durante más de 15 años, agentes del régimen cubano han estado reprimiendo en . Esbirros que golpean y encarcelan en las calles y prisiones de Cuba, están en Venezuela y otros miles han pasado por este país"
joy,3424,0,original,"Enhorabuena al , justo campeón de . Muy superior al resto sin llegar a la excelencia de otros años pero con el mejor jugador: Leo Messi"
joy,3509,0,original,Es que la PERFECCIÓN en Él existe!!! manos levantadas celebrando manos levantadas celebrando manos levantadas celebrando manos levantadas celebrando MESSI
disgust,5163,1,translated_en,"Sólo en Westeros los entrenadores mantienen su trabajo después de actuaciones como esa. Mal juego ofensivo llamando a todos los juegos combinados con una tonelada de ISO. Defensa gana campeonatos, pero todavía tienes que anotar. Ajustes deben hacerse lo antes posible."
sadness,239,0,original,Hasta las gárgolas de la catedral lloran con la devastación por el incendio en el monumento histórico más visitado de Europa. Conoce más aquí ►
disgust,4460,1,translated_en,"Maldita sea, títeres americanos, nos gusta Maduro."
sadness,1735,0,original,Y de paso voy a pasar toda la semana llorando para llegar sin lágrimas a los últimos capítulos
others,5768,0,original,Cuando un imperio se desmorona...
others,1632,0,original,"Y los que dicen que es el mejor episodio de la historia de la serie que se vuelvan a ver la seis primeras temporadas, porque a mí me salen mínimo 40 mejores."
joy,3945,0,original,Buenos días amigos!!!! sol con cara bebida caliente sol con cara bebida caliente sol con cara bebida caliente sol con cara bebida caliente sol con cara Hoy se juega la ida de la otra semifinal de la UEFA .
disgust,3203,0,translated_en,Horrores de ataques de nuevo. Disparar y correr por sus propios ciudadanos con vehículos blindados es un . Incluso en o !
joy,1171,0,original,"Con la fe puesta en el ahora! , serás libre!"
others,5562,0,original,"botón de marca de verificación Conoce a Greta, la joven que lucha por la conservación del medio ambiente palmas hacia arriba juntas globo terráqueo mostrando américa Lee la nota completa aquí dorso de mano con índice hacia abajo"
sadness,254,0,original,"Según los nacional católicos, una persona atea no puede sentir pena por . He llegado a leer hasta que ""fue erigida por Dios"". Me gustaría saber si el incendio también fue cosa de Dios, o por el contrario todas podemos ayudar a recuperar un patrimonio cultural histórico."
sadness,7246,0,original,Parisinos y turistas se unen en plegarias y llanto por la tragedia en
sadness,7431,0,original,"Víctor Hugo llora. Francia llora. Notre Dame se quema. Un día triste para la historia. Un día triste, otro más, para la Ciudad de la Luz. cara llorando cara llorando cara llorando cara llorando cara llorando"
anger,5818,0,original,Fuera los comunistas de America Latina. Que te manden a ti a y a todos sus compinches a
anger,721,0,original,"Mientras Trump está impulsando un golpe de estado en e imponiendo sanciones económicas aplastantes, está apoyando a un gobierno en la vecina Colombia que está destruyendo el acuerdo de paz de 2016 al mismo tiempo que cientos de activistas sociales son asesinados."
others,811,0,original,: Trump amenaza a Cuba con? embargo total? si continua apoyando a Venezuela..
sadness,4140,0,original,El juega muy bien y no quiero desmerecer su triunfo de ayer ante los por la pero le hace mucha falta Harry igualmente el demostró un gran juego y es justo ganador. Todo puede pasar!
joy,5472,0,original,me robó el corazón transformó su obsesión en un propósito de vida de la manera más pública. Espero que cuando ella sea grande no estemos preocupados del sino ocupados de cuidar el planeta.
anger,256,0,original,"Hoy al entrar he leído verdaderas barbaridades. Estoy hasta la peineta de fundamentalismos,sean del tipo que sean. Cuando algo bello se pierde lo lamento,al margen de ideologías,u otras consideraciones sectarias Mucho ánimo para aquellos que realmente lo sienten así"
disgust,3050,0,translated_en,"Es muy decepcionante ver a Messi haciendo cosas así, dando vueltas por nada, pidiendo que alguien sea contratado, muy pobre para ver a Imo."
fear,5252,0,translated_en,La noche es oscura y llena de terrores
surprise,6580,0,original,85'| Amonestado Jordi Alba. 3-0
joy,2787,0,original,"Lo mejor que le podemos regalar a nuestros hijos son libros, así aumentamos su vocabulario e imaginación..."
others,8309,0,original,"Esa tiñosa de es la dice ante el : ""estamos en medio de la sexta extinción en masa"" vía"
joy,1321,0,original,"Eso es defiendan su Revolución y a su Presidente hasta con los dientes, hasta con sus vidas. Por Cháves y por ese pueblo Y Venezuela seguirán VENCIENDO"
